I 2025/12/30 11:31:28 working.go:180: 
      ___                                   ___           ___           ___
     /  /\        ___           ___        /__/\         /  /\         /__/\
    /  /:/_      /  /\         /__/|       \  \:\       /  /::\        \  \:\
   /  /:/ /\    /  /:/        |  |:|        \  \:\     /  /:/\:\        \  \:\
  /  /:/ /::\  /__/::\        |  |:|    ___  \  \:\   /  /:/~/::\   _____\__\:\
 /__/:/ /:/\:\ \__\/\:\__   __|__|:|   /__/\  \__\:\ /__/:/ /:/\:\ /__/::::::::\
 \  \:\/:/~/:/    \  \:\/\ /__/::::\   \  \:\ /  /:/ \  \:\/:/__\/ \  \:\~~\~~\/
  \  \::/ /:/      \__\::/    ~\~~\:\   \  \:\  /:/   \  \::/       \  \:\  ~~~
   \__\/ /:/       /__/:/       \  \:\   \  \:\/:/     \  \:\        \  \:\
     /__/:/        \__\/         \__\/    \  \::/       \  \:\        \  \:\
     \__\/                                 \__\/         \__\/         \__\/
I 2025/12/30 11:31:28 runtime.go:108: kernel is booting:
    * ver [3.4.2]
    * arch [arm64]
    * os [darwin]
    * pid [36916]
    * runtime mode [prod]
    * working directory [../app]
    * read only [false]
    * container [std]
    * database [ver=20220501]
    * workspace directory [/Users/alexey_pripadchev/Documents/Work/DiGroup/data_base/workspace]
I 2025/12/30 11:31:28 main.go:41: [BOOT] Boot() completed
I 2025/12/30 11:32:35 conf.go:168: initialized language [en_US] based on device locale
I 2025/12/30 11:32:35 auth.go:137: Initialized 0 user accounts for login
I 2025/12/30 11:32:35 conf.go:627: Ollama API enabled (default)
    baseURL=http://localhost:11434
    timeout=30s
    proxy=
    model=nemotron-3-nano:30b-cloud
    maxTokens=0
    temperature=1.0
    maxContexts=7
I 2025/12/30 11:32:35 runtime.go:160: use network proxy [system]
I 2025/12/30 11:32:35 main.go:45: [BOOT] InitConf() completed
I 2025/12/30 11:32:35 main.go:49: [BOOT] Server started in goroutine
I 2025/12/30 11:32:35 main.go:52: [BOOT] Starting InitAppearance()...
I 2025/12/30 11:32:35 serve.go:225: kernel [pid=36916] http server [127.0.0.1:6806] is booting
I 2025/12/30 11:32:35 runtime.go:78: [BOOT] HookUILoaded started, waiting for UI connection...
I 2025/12/30 11:32:35 ollama_setup.go:36: Ollama server is available, AI will use nemotron-3-nano:30b-cloud model
I 2025/12/30 11:32:35 ollama_setup.go:93: Ollama model nemotron-3-nano:30b-cloud will be used (cloud model, loads automatically)
I 2025/12/30 11:32:36 auth.go:137: Initialized 0 user accounts for login
W 2025/12/30 11:32:40 runtime.go:83: [BOOT] HookUILoaded timeout after 5 seconds, continuing anyway
I 2025/12/30 11:32:43 pandoc.go:186: initialized built-in pandoc [ver=3.5, bin=/Users/alexey_pripadchev/Documents/Work/DiGroup/data_base/workspace/temp/pandoc/bin/pandoc]
I 2025/12/30 11:32:43 conf.go:1357: pandoc initialized, set pandoc bin to [/Users/alexey_pripadchev/Documents/Work/DiGroup/data_base/workspace/temp/pandoc/bin/pandoc]
I 2025/12/30 11:34:09 main.go:54: [BOOT] InitAppearance() completed
I 2025/12/30 11:34:09 main.go:56: [BOOT] Starting InitDatabase()...
I 2025/12/30 11:34:09 blocktree.go:75: reinitialized database [/Users/alexey_pripadchev/Documents/Work/DiGroup/data_base/workspace/temp/blocktree.db]
I 2025/12/30 11:34:09 database.go:93: the database structure is changed, rebuilding database...
W 2025/12/30 11:34:09 database.go:157: FTS5 module not available, full-text search will be limited: no such module: fts5
I 2025/12/30 11:34:09 database.go:163: Created fallback blocks_fts table without FTS5
W 2025/12/30 11:34:09 database.go:178: FTS5 module not available, case-insensitive search will be limited: no such module: fts5
I 2025/12/30 11:34:09 database.go:184: Created fallback blocks_fts_case_insensitive table without FTS5
I 2025/12/30 11:34:09 database.go:110: reinitialized database [/Users/alexey_pripadchev/Documents/Work/DiGroup/data_base/workspace/temp/siyuan.db]
I 2025/12/30 11:34:09 main.go:58: [BOOT] InitDatabase() completed
I 2025/12/30 11:34:09 main.go:60: [BOOT] Starting InitHistoryDatabase()...
W 2025/12/30 11:34:09 database.go:333: FTS5 module not available, history search will be limited: no such module: fts5
I 2025/12/30 11:34:09 database.go:339: Created fallback history table without FTS5
I 2025/12/30 11:34:09 main.go:62: [BOOT] InitHistoryDatabase() completed
I 2025/12/30 11:34:09 main.go:64: [BOOT] Starting InitAssetContentDatabase()...
W 2025/12/30 11:34:09 database.go:402: FTS5 module not available, asset content search will be limited: no such module: fts5
I 2025/12/30 11:34:09 database.go:408: Created fallback asset_contents_fts_case_insensitive table without FTS5
I 2025/12/30 11:34:09 main.go:66: [BOOT] InitAssetContentDatabase() completed
I 2025/12/30 11:34:09 main.go:70: [BOOT] SQL settings configured
I 2025/12/30 11:34:09 main.go:72: [BOOT] Starting BootSyncData()...
I 2025/12/30 11:34:09 sync.go:126: [BOOT] BootSyncData() started
I 2025/12/30 11:34:09 sync.go:133: [BOOT] Sync.Perception is false, skipping WebSocket
I 2025/12/30 11:34:09 sync.go:136: [BOOT] Checking sync...
I 2025/12/30 11:34:09 sync.go:138: [BOOT] checkSync returned false, skipping sync
I 2025/12/30 11:34:09 main.go:74: [BOOT] BootSyncData() completed
I 2025/12/30 11:34:09 main.go:76: [BOOT] Starting InitBoxes()...
I 2025/12/30 11:34:09 conf.go:1055: [BOOT] InitBoxes() started
I 2025/12/30 11:34:09 conf.go:1058: [BOOT] Block count: 0, initialized: false
I 2025/12/30 11:34:09 conf.go:1061: [BOOT] Listing notebooks...
I 2025/12/30 11:34:09 mount.go:72: created box [20251230113409-4y9ye0l]
I 2025/12/30 11:34:09 conf.go:1075: created default notebook [20251230113409-4y9ye0l] with name [Notebook]
I 2025/12/30 11:34:09 conf.go:1089: [BOOT] Processing 1 opened boxes...
I 2025/12/30 11:34:09 conf.go:1091: [BOOT] Processing box [20251230113409-4y9ye0l]...
I 2025/12/30 11:34:09 conf.go:1095: [BOOT] Indexing box [20251230113409-4y9ye0l]...
I 2025/12/30 11:34:09 index.go:136: [BOOT] indexBox() started for box [20251230113409-4y9ye0l]
I 2025/12/30 11:34:09 index.go:143: [BOOT] Listing files for box [20251230113409-4y9ye0l]...
I 2025/12/30 11:34:09 index.go:146: [BOOT] Found 0 files in box [20251230113409-4y9ye0l]
I 2025/12/30 11:34:09 index.go:233: [BOOT] Waiting for index pool to complete (timeout: 60s)...
I 2025/12/30 11:34:09 index.go:242: [BOOT] Index pool completed
I 2025/12/30 11:34:09 index.go:256: rebuilt database for notebook [20251230113409-4y9ye0l] in [0.00s], tree [count=0, size=0 B]
I 2025/12/30 11:34:09 conf.go:1097: [BOOT] Box [20251230113409-4y9ye0l] indexed
I 2025/12/30 11:34:09 conf.go:1101: tree/block count [0/0], notebooks [1]
I 2025/12/30 11:34:09 conf.go:1102: [BOOT] InitBoxes() completed
I 2025/12/30 11:34:09 main.go:78: [BOOT] InitBoxes() completed
I 2025/12/30 11:34:09 main.go:80: [BOOT] Starting LoadFlashcards()...
I 2025/12/30 11:34:09 main.go:82: [BOOT] LoadFlashcards() completed
I 2025/12/30 11:34:09 main.go:84: [BOOT] Starting LoadAssetsTexts()...
I 2025/12/30 11:34:09 main.go:86: [BOOT] LoadAssetsTexts() completed
I 2025/12/30 11:34:09 main.go:88: [BOOT] Setting booted flag...
I 2025/12/30 11:34:09 working.go:226: kernel booted
I 2025/12/30 11:34:09 main.go:90: [BOOT] Booted flag set
I 2025/12/30 11:34:09 main.go:92: [BOOT] All initialization completed successfully!
I 2025/12/30 11:34:10 box.go:77: auto stat [trees=0, blocks=0, dataSize=49.48 kB, assetsSize=0 B]
I 2025/12/30 11:34:10 disk.go:33: disk usage [total=245.11 GB, used=243.49 GB, free=1.62 GB]
I 2025/12/30 11:34:10 font.go:57: loaded system fonts [688] in [940ms]
I 2025/12/30 11:34:11 cron.go:61: cron job [[RefreshRhyResultJob]] executed
W 2025/12/30 11:35:10 process.go:66: no active UI proc, continue to check from attached ui processes after 15s
W 2025/12/30 11:35:25 process.go:72: no active UI proc, continue to check from all processes after 15s
W 2025/12/30 11:35:40 process.go:80: confirmed no active UI proc, exit kernel process now
I 2025/12/30 11:35:40 conf.go:807: exiting kernel [force=false, setCurrentWorkspace=true, execInstallPkg=1]
I 2025/12/30 11:35:40 database.go:1365: closed database
I 2025/12/30 11:35:40 conf.go:1277: cleared workspace temp
I 2025/12/30 11:35:40 sync.go:833: sync websocket closed
W 2025/12/30 11:35:40 process.go:66: no active UI proc, continue to check from attached ui processes after 15s
I 2025/12/30 11:35:41 conf.go:877: exited kernel
I 2025/12/30 11:44:27 working.go:178: 
      ___                                   ___           ___           ___
     /  /\        ___           ___        /__/\         /  /\         /__/\
    /  /:/_      /  /\         /__/|       \  \:\       /  /::\        \  \:\
   /  /:/ /\    /  /:/        |  |:|        \  \:\     /  /:/\:\        \  \:\
  /  /:/ /::\  /__/::\        |  |:|    ___  \  \:\   /  /:/~/::\   _____\__\:\
 /__/:/ /:/\:\ \__\/\:\__   __|__|:|   /__/\  \__\:\ /__/:/ /:/\:\ /__/::::::::\
 \  \:\/:/~/:/    \  \:\/\ /__/::::\   \  \:\ /  /:/ \  \:\/:/__\/ \  \:\~~\~~\/
  \  \::/ /:/      \__\::/    ~\~~\:\   \  \:\  /:/   \  \::/       \  \:\  ~~~
   \__\/ /:/       /__/:/       \  \:\   \  \:\/:/     \  \:\        \  \:\
     /__/:/        \__\/         \__\/    \  \::/       \  \:\        \  \:\
     \__\/                                 \__\/         \__\/         \__\/
I 2025/12/30 11:44:27 runtime.go:93: kernel is booting:
    * ver [3.4.2]
    * arch [arm64]
    * os [darwin]
    * pid [39545]
    * runtime mode [prod]
    * working directory [/Users/alexey_pripadchev/Documents/Work/DiGroup/data_base/siyuan/kernel]
    * read only [false]
    * container [std]
    * database [ver=20220501]
    * workspace directory [/Users/alexey_pripadchev/Documents/Work/DiGroup/data_base/workspace]
E 2025/12/30 11:44:27 conf.go:701: open language configuration folder [/Users/alexey_pripadchev/Documents/Work/DiGroup/data_base/siyuan/kernel/appearance/langs] failed: open /Users/alexey_pripadchev/Documents/Work/DiGroup/data_base/siyuan/kernel/appearance/langs: no such file or directory
E 2025/12/30 11:44:27 runtime.go:175: check file system status failed: open /Users/alexey_pripadchev/Documents/Work/DiGroup/data_base/siyuan/kernel/appearance/langs: no such file or directory, github.com/siyuan-note/siyuan/kernel/model.initLang()
	/Users/alexey_pripadchev/Documents/Work/data_base/siyuan/kernel/model/conf.go:702 +0x10c
github.com/siyuan-note/siyuan/kernel/model.InitConf()
	/Users/alexey_pripadchev/Documents/Work/data_base/siyuan/kernel/model/conf.go:118 +0x24
main.main()
	/Users/alexey_pripadchev/Documents/Work/data_base/siyuan/kernel/main.go:42 +0x3c
I 2026/01/12 15:14:16 working.go:180: 
      ___                                   ___           ___           ___
     /  /\        ___           ___        /__/\         /  /\         /__/\
    /  /:/_      /  /\         /__/|       \  \:\       /  /::\        \  \:\
   /  /:/ /\    /  /:/        |  |:|        \  \:\     /  /:/\:\        \  \:\
  /  /:/ /::\  /__/::\        |  |:|    ___  \  \:\   /  /:/~/::\   _____\__\:\
 /__/:/ /:/\:\ \__\/\:\__   __|__|:|   /__/\  \__\:\ /__/:/ /:/\:\ /__/::::::::\
 \  \:\/:/~/:/    \  \:\/\ /__/::::\   \  \:\ /  /:/ \  \:\/:/__\/ \  \:\~~\~~\/
  \  \::/ /:/      \__\::/    ~\~~\:\   \  \:\  /:/   \  \::/       \  \:\  ~~~
   \__\/ /:/       /__/:/       \  \:\   \  \:\/:/     \  \:\        \  \:\
     /__/:/        \__\/         \__\/    \  \::/       \  \:\        \  \:\
     \__\/                                 \__\/         \__\/         \__\/
I 2026/01/12 15:14:16 runtime.go:108: kernel is booting:
    * ver [3.4.2]
    * arch [arm64]
    * os [alpine]
    * pid [1]
    * runtime mode [prod]
    * working directory [/opt/siyuan]
    * read only [false]
    * container [docker]
    * database [ver=20220501]
    * workspace directory [/opt/siyuan/workspace]
I 2026/01/12 15:14:16 main.go:41: [BOOT] Boot() completed
I 2026/01/12 15:14:16 conf.go:129: loaded conf [/opt/siyuan/workspace/conf/conf.json]
I 2026/01/12 15:14:16 auth.go:137: Initialized 0 user accounts for login
I 2026/01/12 15:14:16 conf.go:627: Ollama API enabled (default)
    baseURL=http://localhost:11434
    timeout=30s
    proxy=
    model=nemotron-3-nano:30b-cloud
    maxTokens=0
    temperature=1.0
    maxContexts=7
W 2026/01/12 15:14:16 ollama_setup.go:31: Ollama server not available at http://localhost:11434
I 2026/01/12 15:14:16 ollama_setup.go:32: To use Ollama AI, please install Ollama from https://ollama.ai and start the server
W 2026/01/12 15:14:16 ollama_setup.go:81: Ollama server not available: Get "http://localhost:11434/api/tags": dial tcp [::1]:11434: connect: connection refused (this is OK if Ollama is not running)
I 2026/01/12 15:14:16 runtime.go:160: use network proxy [system]
I 2026/01/12 15:14:16 main.go:45: [BOOT] InitConf() completed
I 2026/01/12 15:14:16 main.go:49: [BOOT] Server started in goroutine
I 2026/01/12 15:14:16 main.go:52: [BOOT] Starting InitAppearance()...
I 2026/01/12 15:14:16 serve.go:225: kernel [pid=1] http server [0.0.0.0:6806] is booting
E 2026/01/12 15:14:16 appearance.go:47: copy appearance resources from [/opt/siyuan/appearance] to [/opt/siyuan/workspace/conf/appearance] failed: open /opt/siyuan/workspace/conf/appearance/boot/icon.png: resource deadlock avoided
E 2026/01/12 15:14:16 runtime.go:190: check file system status failed: open /opt/siyuan/workspace/conf/appearance/boot/icon.png: resource deadlock avoided, github.com/siyuan-note/siyuan/kernel/model.InitAppearance()
	/kernel/model/appearance.go:48 +0x2ec
main.main()
	/kernel/main.go:53 +0xbc
I 2026/01/12 15:14:16 main.go:54: [BOOT] InitAppearance() completed
I 2026/01/12 15:14:16 main.go:56: [BOOT] Starting InitDatabase()...
I 2026/01/12 15:14:16 runtime.go:78: [BOOT] HookUILoaded started, waiting for UI connection...
I 2026/01/12 15:14:16 working.go:558: database [/opt/siyuan/workspace/temp/siyuan.db] size [69.64 kB]
I 2026/01/12 15:14:16 working.go:558: database [/opt/siyuan/workspace/temp/blocktree.db] size [12.29 kB]
I 2026/01/12 15:14:16 main.go:58: [BOOT] InitDatabase() completed
I 2026/01/12 15:14:16 main.go:60: [BOOT] Starting InitHistoryDatabase()...
I 2026/01/12 15:14:16 working.go:558: database [/opt/siyuan/workspace/temp/history.db] size [8.2 kB]
I 2026/01/12 15:14:16 main.go:62: [BOOT] InitHistoryDatabase() completed
I 2026/01/12 15:14:16 main.go:64: [BOOT] Starting InitAssetContentDatabase()...
I 2026/01/12 15:14:16 working.go:558: database [/opt/siyuan/workspace/temp/asset_content.db] size [8.2 kB]
I 2026/01/12 15:14:16 main.go:66: [BOOT] InitAssetContentDatabase() completed
I 2026/01/12 15:14:16 main.go:70: [BOOT] SQL settings configured
I 2026/01/12 15:14:16 main.go:72: [BOOT] Starting BootSyncData()...
I 2026/01/12 15:14:16 sync.go:126: [BOOT] BootSyncData() started
I 2026/01/12 15:14:16 sync.go:133: [BOOT] Sync.Perception is false, skipping WebSocket
I 2026/01/12 15:14:16 sync.go:136: [BOOT] Checking sync...
I 2026/01/12 15:14:16 sync.go:138: [BOOT] checkSync returned false, skipping sync
I 2026/01/12 15:14:16 main.go:74: [BOOT] BootSyncData() completed
I 2026/01/12 15:14:16 main.go:76: [BOOT] Starting InitBoxes()...
I 2026/01/12 15:14:16 conf.go:1055: [BOOT] InitBoxes() started
I 2026/01/12 15:14:16 conf.go:1058: [BOOT] Block count: 0, initialized: false
I 2026/01/12 15:14:16 conf.go:1061: [BOOT] Listing notebooks...
I 2026/01/12 15:14:16 conf.go:1089: [BOOT] Processing 1 opened boxes...
I 2026/01/12 15:14:16 conf.go:1091: [BOOT] Processing box [20251230113409-4y9ye0l]...
I 2026/01/12 15:14:16 conf.go:1095: [BOOT] Indexing box [20251230113409-4y9ye0l]...
I 2026/01/12 15:14:16 index.go:136: [BOOT] indexBox() started for box [20251230113409-4y9ye0l]
I 2026/01/12 15:14:16 index.go:143: [BOOT] Listing files for box [20251230113409-4y9ye0l]...
I 2026/01/12 15:14:16 index.go:146: [BOOT] Found 0 files in box [20251230113409-4y9ye0l]
I 2026/01/12 15:14:16 index.go:233: [BOOT] Waiting for index pool to complete (timeout: 60s)...
I 2026/01/12 15:14:16 index.go:242: [BOOT] Index pool completed
I 2026/01/12 15:14:16 index.go:256: rebuilt database for notebook [20251230113409-4y9ye0l] in [0.00s], tree [count=0, size=0 B]
I 2026/01/12 15:14:16 conf.go:1097: [BOOT] Box [20251230113409-4y9ye0l] indexed
I 2026/01/12 15:14:16 conf.go:1101: tree/block count [0/0], notebooks [1]
I 2026/01/12 15:14:16 conf.go:1102: [BOOT] InitBoxes() completed
I 2026/01/12 15:14:16 main.go:78: [BOOT] InitBoxes() completed
I 2026/01/12 15:14:16 main.go:80: [BOOT] Starting LoadFlashcards()...
I 2026/01/12 15:14:16 main.go:82: [BOOT] LoadFlashcards() completed
I 2026/01/12 15:14:16 main.go:84: [BOOT] Starting LoadAssetsTexts()...
I 2026/01/12 15:14:16 main.go:86: [BOOT] LoadAssetsTexts() completed
I 2026/01/12 15:14:16 main.go:88: [BOOT] Setting booted flag...
I 2026/01/12 15:14:16 working.go:226: kernel booted
I 2026/01/12 15:14:16 main.go:90: [BOOT] Booted flag set
I 2026/01/12 15:14:16 main.go:92: [BOOT] All initialization completed successfully!
I 2026/01/12 15:14:16 font.go:57: loaded system fonts [0] in [0ms]
I 2026/01/12 15:14:16 box.go:77: auto stat [trees=0, blocks=0, dataSize=49.48 kB, assetsSize=0 B]
I 2026/01/12 15:14:17 auth.go:137: Initialized 0 user accounts for login
I 2026/01/12 15:14:18 cron.go:61: cron job [[RefreshRhyResultJob]] executed
W 2026/01/12 15:14:21 runtime.go:83: [BOOT] HookUILoaded timeout after 5 seconds, continuing anyway
I 2026/01/12 15:15:01 serve.go:596: [WS] WebSocket connection attempt from [172.19.0.1:63126], URI: [/ws?app=siyuan&id=auth]
W 2026/01/12 15:15:01 serve.go:609: [WS] session data is nil
I 2026/01/12 15:15:01 serve.go:645: [WS] allowing auth page connection
I 2026/01/12 15:15:01 serve.go:675: [WS] WebSocket connected: app=[siyuan], id=[auth], type=[]
I 2026/01/12 15:15:09 session.go:275: auth success [ip=172.19.0.1:60038, maxAge=0]
I 2026/01/12 15:15:09 serve.go:331: serving [/] for user-agent [Mozilla/5.0 (Macintosh; Intel Mac OS X 10_15_7) AppleWebKit/537.36 (KHTML, like Gecko) Cursor/2.3.34 Chrome/138.0.7204.251 Electron/37.7.0 Safari/537.36]
E 2026/01/12 15:15:16 cloud_service.go:326: write announcement conf failed: open /home/siyuan/.config/siyuan/announcement.json: no such file or directory
I 2026/01/12 15:15:38 serve.go:331: serving [/] for user-agent [Mozilla/5.0 (Macintosh; Intel Mac OS X 10_15_7) AppleWebKit/537.36 (KHTML, like Gecko) Cursor/2.3.34 Chrome/138.0.7204.251 Electron/37.7.0 Safari/537.36]
I 2026/01/12 15:17:10 process.go:36: received os signal [terminated], exit kernel process now
I 2026/01/12 15:17:10 conf.go:807: exiting kernel [force=false, setCurrentWorkspace=true, execInstallPkg=1]
I 2026/01/12 15:17:10 database.go:1365: closed database
I 2026/01/12 15:17:10 conf.go:1277: cleared workspace temp
I 2026/01/12 15:17:11 sync.go:833: sync websocket closed
I 2026/01/12 15:17:11 conf.go:877: exited kernel
I 2026/01/12 15:18:02 working.go:180: 
      ___                                   ___           ___           ___
     /  /\        ___           ___        /__/\         /  /\         /__/\
    /  /:/_      /  /\         /__/|       \  \:\       /  /::\        \  \:\
   /  /:/ /\    /  /:/        |  |:|        \  \:\     /  /:/\:\        \  \:\
  /  /:/ /::\  /__/::\        |  |:|    ___  \  \:\   /  /:/~/::\   _____\__\:\
 /__/:/ /:/\:\ \__\/\:\__   __|__|:|   /__/\  \__\:\ /__/:/ /:/\:\ /__/::::::::\
 \  \:\/:/~/:/    \  \:\/\ /__/::::\   \  \:\ /  /:/ \  \:\/:/__\/ \  \:\~~\~~\/
  \  \::/ /:/      \__\::/    ~\~~\:\   \  \:\  /:/   \  \::/       \  \:\  ~~~
   \__\/ /:/       /__/:/       \  \:\   \  \:\/:/     \  \:\        \  \:\
     /__/:/        \__\/         \__\/    \  \::/       \  \:\        \  \:\
     \__\/                                 \__\/         \__\/         \__\/
I 2026/01/12 15:18:02 runtime.go:108: kernel is booting:
    * ver [3.4.2]
    * arch [arm64]
    * os [alpine]
    * pid [1]
    * runtime mode [prod]
    * working directory [/opt/siyuan]
    * read only [false]
    * container [docker]
    * database [ver=20220501]
    * workspace directory [/opt/siyuan/workspace]
I 2026/01/12 15:18:02 main.go:41: [BOOT] Boot() completed
I 2026/01/12 15:18:02 conf.go:129: loaded conf [/opt/siyuan/workspace/conf/conf.json]
I 2026/01/12 15:18:02 auth.go:137: Initialized 0 user accounts for login
I 2026/01/12 15:18:02 conf.go:627: Ollama API enabled (default)
    baseURL=http://localhost:11434
    timeout=30s
    proxy=
    model=nemotron-3-nano:30b-cloud
    maxTokens=0
    temperature=1.0
    maxContexts=7
I 2026/01/12 15:18:02 runtime.go:160: use network proxy [system]
I 2026/01/12 15:18:02 main.go:45: [BOOT] InitConf() completed
I 2026/01/12 15:18:02 main.go:49: [BOOT] Server started in goroutine
I 2026/01/12 15:18:02 main.go:52: [BOOT] Starting InitAppearance()...
W 2026/01/12 15:18:02 ollama_setup.go:31: Ollama server not available at http://localhost:11434
I 2026/01/12 15:18:02 ollama_setup.go:32: To use Ollama AI, please install Ollama from https://ollama.ai and start the server
W 2026/01/12 15:18:02 ollama_setup.go:81: Ollama server not available: Get "http://localhost:11434/api/tags": dial tcp [::1]:11434: connect: connection refused (this is OK if Ollama is not running)
E 2026/01/12 15:18:02 appearance.go:47: copy appearance resources from [/opt/siyuan/appearance] to [/opt/siyuan/workspace/conf/appearance] failed: open /opt/siyuan/workspace/conf/appearance/boot/icon.png: resource deadlock avoided
E 2026/01/12 15:18:02 runtime.go:190: check file system status failed: open /opt/siyuan/workspace/conf/appearance/boot/icon.png: resource deadlock avoided, github.com/siyuan-note/siyuan/kernel/model.InitAppearance()
	/kernel/model/appearance.go:48 +0x2ec
main.main()
	/kernel/main.go:53 +0xbc
I 2026/01/12 15:18:02 main.go:54: [BOOT] InitAppearance() completed
I 2026/01/12 15:18:02 main.go:56: [BOOT] Starting InitDatabase()...
I 2026/01/12 15:18:02 working.go:558: database [/opt/siyuan/workspace/temp/siyuan.db] size [69.64 kB]
I 2026/01/12 15:18:02 working.go:558: database [/opt/siyuan/workspace/temp/blocktree.db] size [12.29 kB]
I 2026/01/12 15:18:02 serve.go:225: kernel [pid=1] http server [0.0.0.0:6806] is booting
I 2026/01/12 15:18:02 main.go:58: [BOOT] InitDatabase() completed
I 2026/01/12 15:18:02 main.go:60: [BOOT] Starting InitHistoryDatabase()...
I 2026/01/12 15:18:02 runtime.go:78: [BOOT] HookUILoaded started, waiting for UI connection...
I 2026/01/12 15:18:02 working.go:558: database [/opt/siyuan/workspace/temp/history.db] size [8.2 kB]
I 2026/01/12 15:18:02 main.go:62: [BOOT] InitHistoryDatabase() completed
I 2026/01/12 15:18:02 main.go:64: [BOOT] Starting InitAssetContentDatabase()...
I 2026/01/12 15:18:02 working.go:558: database [/opt/siyuan/workspace/temp/asset_content.db] size [8.2 kB]
I 2026/01/12 15:18:02 main.go:66: [BOOT] InitAssetContentDatabase() completed
I 2026/01/12 15:18:02 main.go:70: [BOOT] SQL settings configured
I 2026/01/12 15:18:02 main.go:72: [BOOT] Starting BootSyncData()...
I 2026/01/12 15:18:02 sync.go:126: [BOOT] BootSyncData() started
I 2026/01/12 15:18:02 sync.go:133: [BOOT] Sync.Perception is false, skipping WebSocket
I 2026/01/12 15:18:02 sync.go:136: [BOOT] Checking sync...
I 2026/01/12 15:18:02 sync.go:138: [BOOT] checkSync returned false, skipping sync
I 2026/01/12 15:18:02 main.go:74: [BOOT] BootSyncData() completed
I 2026/01/12 15:18:02 main.go:76: [BOOT] Starting InitBoxes()...
I 2026/01/12 15:18:02 conf.go:1055: [BOOT] InitBoxes() started
I 2026/01/12 15:18:02 conf.go:1058: [BOOT] Block count: 0, initialized: false
I 2026/01/12 15:18:02 conf.go:1061: [BOOT] Listing notebooks...
I 2026/01/12 15:18:02 conf.go:1089: [BOOT] Processing 1 opened boxes...
I 2026/01/12 15:18:02 conf.go:1091: [BOOT] Processing box [20251230113409-4y9ye0l]...
I 2026/01/12 15:18:02 conf.go:1095: [BOOT] Indexing box [20251230113409-4y9ye0l]...
I 2026/01/12 15:18:02 index.go:136: [BOOT] indexBox() started for box [20251230113409-4y9ye0l]
I 2026/01/12 15:18:02 index.go:143: [BOOT] Listing files for box [20251230113409-4y9ye0l]...
I 2026/01/12 15:18:02 index.go:146: [BOOT] Found 0 files in box [20251230113409-4y9ye0l]
I 2026/01/12 15:18:02 index.go:233: [BOOT] Waiting for index pool to complete (timeout: 60s)...
I 2026/01/12 15:18:02 index.go:242: [BOOT] Index pool completed
I 2026/01/12 15:18:02 index.go:256: rebuilt database for notebook [20251230113409-4y9ye0l] in [0.00s], tree [count=0, size=0 B]
I 2026/01/12 15:18:02 conf.go:1097: [BOOT] Box [20251230113409-4y9ye0l] indexed
I 2026/01/12 15:18:02 conf.go:1101: tree/block count [0/0], notebooks [1]
I 2026/01/12 15:18:02 conf.go:1102: [BOOT] InitBoxes() completed
I 2026/01/12 15:18:02 main.go:78: [BOOT] InitBoxes() completed
I 2026/01/12 15:18:02 main.go:80: [BOOT] Starting LoadFlashcards()...
I 2026/01/12 15:18:02 main.go:82: [BOOT] LoadFlashcards() completed
I 2026/01/12 15:18:02 main.go:84: [BOOT] Starting LoadAssetsTexts()...
I 2026/01/12 15:18:02 main.go:86: [BOOT] LoadAssetsTexts() completed
I 2026/01/12 15:18:02 main.go:88: [BOOT] Setting booted flag...
I 2026/01/12 15:18:02 working.go:226: kernel booted
I 2026/01/12 15:18:02 main.go:90: [BOOT] Booted flag set
I 2026/01/12 15:18:02 main.go:92: [BOOT] All initialization completed successfully!
I 2026/01/12 15:18:02 font.go:57: loaded system fonts [0] in [0ms]
I 2026/01/12 15:18:02 box.go:77: auto stat [trees=0, blocks=0, dataSize=49.48 kB, assetsSize=0 B]
I 2026/01/12 15:18:03 auth.go:137: Initialized 0 user accounts for login
I 2026/01/12 15:18:05 cron.go:61: cron job [[RefreshRhyResultJob]] executed
W 2026/01/12 15:18:07 runtime.go:83: [BOOT] HookUILoaded timeout after 5 seconds, continuing anyway
I 2026/01/12 15:18:27 serve.go:331: serving [/] for user-agent [Mozilla/5.0 (Macintosh; Intel Mac OS X 10_15_7) AppleWebKit/537.36 (KHTML, like Gecko) Cursor/2.3.34 Chrome/138.0.7204.251 Electron/37.7.0 Safari/537.36]
I 2026/01/12 15:18:43 serve.go:596: [WS] WebSocket connection attempt from [172.19.0.1:63946], URI: [/ws?app=siyuan&id=auth]
W 2026/01/12 15:18:43 serve.go:609: [WS] session data is nil
I 2026/01/12 15:18:43 serve.go:645: [WS] allowing auth page connection
I 2026/01/12 15:18:43 serve.go:675: [WS] WebSocket connected: app=[siyuan], id=[auth], type=[]
I 2026/01/12 15:18:54 process.go:36: received os signal [terminated], exit kernel process now
I 2026/01/12 15:18:54 conf.go:807: exiting kernel [force=false, setCurrentWorkspace=true, execInstallPkg=1]
I 2026/01/12 15:18:54 database.go:1365: closed database
I 2026/01/12 15:18:54 conf.go:1277: cleared workspace temp
I 2026/01/12 15:18:54 sync.go:833: sync websocket closed
I 2026/01/12 15:18:55 conf.go:877: exited kernel
I 2026/01/12 15:18:56 working.go:180: 
      ___                                   ___           ___           ___
     /  /\        ___           ___        /__/\         /  /\         /__/\
    /  /:/_      /  /\         /__/|       \  \:\       /  /::\        \  \:\
   /  /:/ /\    /  /:/        |  |:|        \  \:\     /  /:/\:\        \  \:\
  /  /:/ /::\  /__/::\        |  |:|    ___  \  \:\   /  /:/~/::\   _____\__\:\
 /__/:/ /:/\:\ \__\/\:\__   __|__|:|   /__/\  \__\:\ /__/:/ /:/\:\ /__/::::::::\
 \  \:\/:/~/:/    \  \:\/\ /__/::::\   \  \:\ /  /:/ \  \:\/:/__\/ \  \:\~~\~~\/
  \  \::/ /:/      \__\::/    ~\~~\:\   \  \:\  /:/   \  \::/       \  \:\  ~~~
   \__\/ /:/       /__/:/       \  \:\   \  \:\/:/     \  \:\        \  \:\
     /__/:/        \__\/         \__\/    \  \::/       \  \:\        \  \:\
     \__\/                                 \__\/         \__\/         \__\/
I 2026/01/12 15:18:56 runtime.go:108: kernel is booting:
    * ver [3.4.2]
    * arch [arm64]
    * os [alpine]
    * pid [1]
    * runtime mode [prod]
    * working directory [/opt/siyuan]
    * read only [false]
    * container [docker]
    * database [ver=20220501]
    * workspace directory [/opt/siyuan/workspace]
I 2026/01/12 15:18:56 main.go:41: [BOOT] Boot() completed
I 2026/01/12 15:18:56 conf.go:129: loaded conf [/opt/siyuan/workspace/conf/conf.json]
I 2026/01/12 15:18:56 auth.go:137: Initialized 0 user accounts for login
I 2026/01/12 15:18:56 conf.go:627: Ollama API enabled (default)
    baseURL=http://localhost:11434
    timeout=30s
    proxy=
    model=nemotron-3-nano:30b-cloud
    maxTokens=0
    temperature=1.0
    maxContexts=7
I 2026/01/12 15:18:56 runtime.go:160: use network proxy [system]
I 2026/01/12 15:18:56 main.go:45: [BOOT] InitConf() completed
I 2026/01/12 15:18:56 main.go:49: [BOOT] Server started in goroutine
I 2026/01/12 15:18:56 main.go:52: [BOOT] Starting InitAppearance()...
W 2026/01/12 15:18:56 ollama_setup.go:31: Ollama server not available at http://localhost:11434
I 2026/01/12 15:18:56 ollama_setup.go:32: To use Ollama AI, please install Ollama from https://ollama.ai and start the server
W 2026/01/12 15:18:56 ollama_setup.go:81: Ollama server not available: Get "http://localhost:11434/api/tags": dial tcp [::1]:11434: connect: connection refused (this is OK if Ollama is not running)
E 2026/01/12 15:18:56 appearance.go:47: copy appearance resources from [/opt/siyuan/appearance] to [/opt/siyuan/workspace/conf/appearance] failed: open /opt/siyuan/workspace/conf/appearance/boot/icon.png: resource deadlock avoided
E 2026/01/12 15:18:56 runtime.go:190: check file system status failed: open /opt/siyuan/workspace/conf/appearance/boot/icon.png: resource deadlock avoided, github.com/siyuan-note/siyuan/kernel/model.InitAppearance()
	/kernel/model/appearance.go:48 +0x2ec
main.main()
	/kernel/main.go:53 +0xbc
I 2026/01/12 15:18:56 main.go:54: [BOOT] InitAppearance() completed
I 2026/01/12 15:18:56 main.go:56: [BOOT] Starting InitDatabase()...
I 2026/01/12 15:18:56 working.go:558: database [/opt/siyuan/workspace/temp/siyuan.db] size [69.64 kB]
I 2026/01/12 15:18:56 working.go:558: database [/opt/siyuan/workspace/temp/blocktree.db] size [12.29 kB]
I 2026/01/12 15:18:56 serve.go:225: kernel [pid=1] http server [0.0.0.0:6806] is booting
I 2026/01/12 15:18:56 runtime.go:78: [BOOT] HookUILoaded started, waiting for UI connection...
I 2026/01/12 15:18:56 main.go:58: [BOOT] InitDatabase() completed
I 2026/01/12 15:18:56 main.go:60: [BOOT] Starting InitHistoryDatabase()...
I 2026/01/12 15:18:56 working.go:558: database [/opt/siyuan/workspace/temp/history.db] size [8.2 kB]
I 2026/01/12 15:18:56 main.go:62: [BOOT] InitHistoryDatabase() completed
I 2026/01/12 15:18:56 main.go:64: [BOOT] Starting InitAssetContentDatabase()...
I 2026/01/12 15:18:56 working.go:558: database [/opt/siyuan/workspace/temp/asset_content.db] size [8.2 kB]
I 2026/01/12 15:18:56 main.go:66: [BOOT] InitAssetContentDatabase() completed
I 2026/01/12 15:18:56 main.go:70: [BOOT] SQL settings configured
I 2026/01/12 15:18:56 main.go:72: [BOOT] Starting BootSyncData()...
I 2026/01/12 15:18:56 sync.go:126: [BOOT] BootSyncData() started
I 2026/01/12 15:18:56 sync.go:133: [BOOT] Sync.Perception is false, skipping WebSocket
I 2026/01/12 15:18:56 sync.go:136: [BOOT] Checking sync...
I 2026/01/12 15:18:56 sync.go:138: [BOOT] checkSync returned false, skipping sync
I 2026/01/12 15:18:56 main.go:74: [BOOT] BootSyncData() completed
I 2026/01/12 15:18:56 main.go:76: [BOOT] Starting InitBoxes()...
I 2026/01/12 15:18:56 conf.go:1055: [BOOT] InitBoxes() started
I 2026/01/12 15:18:56 conf.go:1058: [BOOT] Block count: 0, initialized: false
I 2026/01/12 15:18:56 conf.go:1061: [BOOT] Listing notebooks...
I 2026/01/12 15:18:56 conf.go:1089: [BOOT] Processing 1 opened boxes...
I 2026/01/12 15:18:56 conf.go:1091: [BOOT] Processing box [20251230113409-4y9ye0l]...
I 2026/01/12 15:18:56 conf.go:1095: [BOOT] Indexing box [20251230113409-4y9ye0l]...
I 2026/01/12 15:18:56 index.go:136: [BOOT] indexBox() started for box [20251230113409-4y9ye0l]
I 2026/01/12 15:18:56 index.go:143: [BOOT] Listing files for box [20251230113409-4y9ye0l]...
I 2026/01/12 15:18:56 index.go:146: [BOOT] Found 0 files in box [20251230113409-4y9ye0l]
I 2026/01/12 15:18:56 index.go:233: [BOOT] Waiting for index pool to complete (timeout: 60s)...
I 2026/01/12 15:18:56 index.go:242: [BOOT] Index pool completed
I 2026/01/12 15:18:56 index.go:256: rebuilt database for notebook [20251230113409-4y9ye0l] in [0.00s], tree [count=0, size=0 B]
I 2026/01/12 15:18:56 conf.go:1097: [BOOT] Box [20251230113409-4y9ye0l] indexed
I 2026/01/12 15:18:56 conf.go:1101: tree/block count [0/0], notebooks [1]
I 2026/01/12 15:18:56 conf.go:1102: [BOOT] InitBoxes() completed
I 2026/01/12 15:18:56 main.go:78: [BOOT] InitBoxes() completed
I 2026/01/12 15:18:56 main.go:80: [BOOT] Starting LoadFlashcards()...
I 2026/01/12 15:18:56 main.go:82: [BOOT] LoadFlashcards() completed
I 2026/01/12 15:18:56 main.go:84: [BOOT] Starting LoadAssetsTexts()...
I 2026/01/12 15:18:56 main.go:86: [BOOT] LoadAssetsTexts() completed
I 2026/01/12 15:18:56 main.go:88: [BOOT] Setting booted flag...
I 2026/01/12 15:18:56 working.go:226: kernel booted
I 2026/01/12 15:18:56 main.go:90: [BOOT] Booted flag set
I 2026/01/12 15:18:56 main.go:92: [BOOT] All initialization completed successfully!
I 2026/01/12 15:18:56 font.go:57: loaded system fonts [0] in [0ms]
I 2026/01/12 15:18:56 box.go:77: auto stat [trees=0, blocks=0, dataSize=49.48 kB, assetsSize=0 B]
I 2026/01/12 15:18:57 cron.go:61: cron job [[RefreshRhyResultJob]] executed
I 2026/01/12 15:18:57 auth.go:137: Initialized 0 user accounts for login
W 2026/01/12 15:19:01 runtime.go:83: [BOOT] HookUILoaded timeout after 5 seconds, continuing anyway
I 2026/01/12 15:19:20 serve.go:331: serving [/] for user-agent [Mozilla/5.0 (Macintosh; Intel Mac OS X 10_15_7) AppleWebKit/537.36 (KHTML, like Gecko) Cursor/2.3.34 Chrome/138.0.7204.251 Electron/37.7.0 Safari/537.36]
I 2026/01/12 15:19:34 serve.go:596: [WS] WebSocket connection attempt from [172.19.0.1:63462], URI: [/ws?app=siyuan&id=auth]
W 2026/01/12 15:19:34 serve.go:609: [WS] session data is nil
I 2026/01/12 15:19:34 serve.go:645: [WS] allowing auth page connection
I 2026/01/12 15:19:34 serve.go:675: [WS] WebSocket connected: app=[siyuan], id=[auth], type=[]
E 2026/01/12 15:19:56 cloud_service.go:326: write announcement conf failed: open /home/siyuan/.config/siyuan/announcement.json: no such file or directory
I 2026/01/12 15:20:25 serve.go:331: serving [/] for user-agent [Mozilla/5.0 (Macintosh; Intel Mac OS X 10_15_7) AppleWebKit/537.36 (KHTML, like Gecko) Cursor/2.3.34 Chrome/138.0.7204.251 Electron/37.7.0 Safari/537.36]
I 2026/01/12 15:20:25 process.go:36: received os signal [terminated], exit kernel process now
I 2026/01/12 15:20:25 conf.go:807: exiting kernel [force=false, setCurrentWorkspace=true, execInstallPkg=1]
I 2026/01/12 15:20:25 database.go:1365: closed database
I 2026/01/12 15:20:25 conf.go:1277: cleared workspace temp
I 2026/01/12 15:20:26 sync.go:833: sync websocket closed
I 2026/01/12 15:20:26 conf.go:877: exited kernel
I 2026/01/12 15:27:15 working.go:180: 
      ___                                   ___           ___           ___
     /  /\        ___           ___        /__/\         /  /\         /__/\
    /  /:/_      /  /\         /__/|       \  \:\       /  /::\        \  \:\
   /  /:/ /\    /  /:/        |  |:|        \  \:\     /  /:/\:\        \  \:\
  /  /:/ /::\  /__/::\        |  |:|    ___  \  \:\   /  /:/~/::\   _____\__\:\
 /__/:/ /:/\:\ \__\/\:\__   __|__|:|   /__/\  \__\:\ /__/:/ /:/\:\ /__/::::::::\
 \  \:\/:/~/:/    \  \:\/\ /__/::::\   \  \:\ /  /:/ \  \:\/:/__\/ \  \:\~~\~~\/
  \  \::/ /:/      \__\::/    ~\~~\:\   \  \:\  /:/   \  \::/       \  \:\  ~~~
   \__\/ /:/       /__/:/       \  \:\   \  \:\/:/     \  \:\        \  \:\
     /__/:/        \__\/         \__\/    \  \::/       \  \:\        \  \:\
     \__\/                                 \__\/         \__\/         \__\/
I 2026/01/12 15:27:15 runtime.go:108: kernel is booting:
    * ver [3.4.2]
    * arch [arm64]
    * os [alpine]
    * pid [1]
    * runtime mode [prod]
    * working directory [/opt/siyuan]
    * read only [false]
    * container [docker]
    * database [ver=20220501]
    * workspace directory [/opt/siyuan/workspace]
I 2026/01/12 15:27:15 main.go:41: [BOOT] Boot() completed
I 2026/01/12 15:27:15 conf.go:129: loaded conf [/opt/siyuan/workspace/conf/conf.json]
I 2026/01/12 15:27:15 auth.go:137: Initialized 0 user accounts for login
I 2026/01/12 15:27:15 conf.go:627: Ollama API enabled (default)
    baseURL=http://localhost:11434
    timeout=30s
    proxy=
    model=nemotron-3-nano:30b-cloud
    maxTokens=0
    temperature=1.0
    maxContexts=7
I 2026/01/12 15:27:15 runtime.go:160: use network proxy [system]
I 2026/01/12 15:27:15 main.go:45: [BOOT] InitConf() completed
I 2026/01/12 15:27:15 main.go:49: [BOOT] Server started in goroutine
I 2026/01/12 15:27:15 main.go:52: [BOOT] Starting InitAppearance()...
W 2026/01/12 15:27:15 ollama_setup.go:31: Ollama server not available at http://localhost:11434
I 2026/01/12 15:27:15 ollama_setup.go:32: To use Ollama AI, please install Ollama from https://ollama.ai and start the server
W 2026/01/12 15:27:15 ollama_setup.go:81: Ollama server not available: Get "http://localhost:11434/api/tags": dial tcp [::1]:11434: connect: connection refused (this is OK if Ollama is not running)
E 2026/01/12 15:27:15 appearance.go:47: copy appearance resources from [/opt/siyuan/appearance] to [/opt/siyuan/workspace/conf/appearance] failed: open /opt/siyuan/workspace/conf/appearance/boot/icon.png: resource deadlock avoided
E 2026/01/12 15:27:15 runtime.go:190: check file system status failed: open /opt/siyuan/workspace/conf/appearance/boot/icon.png: resource deadlock avoided, github.com/siyuan-note/siyuan/kernel/model.InitAppearance()
	/kernel/model/appearance.go:48 +0x2ec
main.main()
	/kernel/main.go:53 +0xbc
I 2026/01/12 15:27:15 main.go:54: [BOOT] InitAppearance() completed
I 2026/01/12 15:27:15 main.go:56: [BOOT] Starting InitDatabase()...
I 2026/01/12 15:27:15 serve.go:225: kernel [pid=1] http server [0.0.0.0:6806] is booting
I 2026/01/12 15:27:15 working.go:558: database [/opt/siyuan/workspace/temp/siyuan.db] size [69.64 kB]
I 2026/01/12 15:27:15 working.go:558: database [/opt/siyuan/workspace/temp/blocktree.db] size [12.29 kB]
I 2026/01/12 15:27:15 runtime.go:78: [BOOT] HookUILoaded started, waiting for UI connection...
I 2026/01/12 15:27:15 main.go:58: [BOOT] InitDatabase() completed
I 2026/01/12 15:27:15 main.go:60: [BOOT] Starting InitHistoryDatabase()...
I 2026/01/12 15:27:15 working.go:558: database [/opt/siyuan/workspace/temp/history.db] size [8.2 kB]
I 2026/01/12 15:27:15 main.go:62: [BOOT] InitHistoryDatabase() completed
I 2026/01/12 15:27:15 main.go:64: [BOOT] Starting InitAssetContentDatabase()...
I 2026/01/12 15:27:15 working.go:558: database [/opt/siyuan/workspace/temp/asset_content.db] size [8.2 kB]
I 2026/01/12 15:27:15 main.go:66: [BOOT] InitAssetContentDatabase() completed
I 2026/01/12 15:27:15 main.go:70: [BOOT] SQL settings configured
I 2026/01/12 15:27:15 main.go:72: [BOOT] Starting BootSyncData()...
I 2026/01/12 15:27:15 sync.go:126: [BOOT] BootSyncData() started
I 2026/01/12 15:27:15 sync.go:133: [BOOT] Sync.Perception is false, skipping WebSocket
I 2026/01/12 15:27:15 sync.go:136: [BOOT] Checking sync...
I 2026/01/12 15:27:15 sync.go:138: [BOOT] checkSync returned false, skipping sync
I 2026/01/12 15:27:15 main.go:74: [BOOT] BootSyncData() completed
I 2026/01/12 15:27:15 main.go:76: [BOOT] Starting InitBoxes()...
I 2026/01/12 15:27:15 conf.go:1055: [BOOT] InitBoxes() started
I 2026/01/12 15:27:15 conf.go:1058: [BOOT] Block count: 0, initialized: false
I 2026/01/12 15:27:15 conf.go:1061: [BOOT] Listing notebooks...
I 2026/01/12 15:27:15 conf.go:1089: [BOOT] Processing 1 opened boxes...
I 2026/01/12 15:27:15 conf.go:1091: [BOOT] Processing box [20251230113409-4y9ye0l]...
I 2026/01/12 15:27:15 conf.go:1095: [BOOT] Indexing box [20251230113409-4y9ye0l]...
I 2026/01/12 15:27:15 index.go:136: [BOOT] indexBox() started for box [20251230113409-4y9ye0l]
I 2026/01/12 15:27:15 index.go:143: [BOOT] Listing files for box [20251230113409-4y9ye0l]...
I 2026/01/12 15:27:15 index.go:146: [BOOT] Found 0 files in box [20251230113409-4y9ye0l]
I 2026/01/12 15:27:15 index.go:233: [BOOT] Waiting for index pool to complete (timeout: 60s)...
I 2026/01/12 15:27:15 index.go:242: [BOOT] Index pool completed
I 2026/01/12 15:27:15 index.go:256: rebuilt database for notebook [20251230113409-4y9ye0l] in [0.00s], tree [count=0, size=0 B]
I 2026/01/12 15:27:15 conf.go:1097: [BOOT] Box [20251230113409-4y9ye0l] indexed
I 2026/01/12 15:27:15 conf.go:1101: tree/block count [0/0], notebooks [1]
I 2026/01/12 15:27:15 conf.go:1102: [BOOT] InitBoxes() completed
I 2026/01/12 15:27:15 main.go:78: [BOOT] InitBoxes() completed
I 2026/01/12 15:27:15 main.go:80: [BOOT] Starting LoadFlashcards()...
I 2026/01/12 15:27:15 main.go:82: [BOOT] LoadFlashcards() completed
I 2026/01/12 15:27:15 main.go:84: [BOOT] Starting LoadAssetsTexts()...
I 2026/01/12 15:27:15 main.go:86: [BOOT] LoadAssetsTexts() completed
I 2026/01/12 15:27:15 main.go:88: [BOOT] Setting booted flag...
I 2026/01/12 15:27:15 working.go:226: kernel booted
I 2026/01/12 15:27:15 main.go:90: [BOOT] Booted flag set
I 2026/01/12 15:27:15 main.go:92: [BOOT] All initialization completed successfully!
I 2026/01/12 15:27:15 font.go:57: loaded system fonts [0] in [0ms]
I 2026/01/12 15:27:15 box.go:77: auto stat [trees=0, blocks=0, dataSize=49.48 kB, assetsSize=0 B]
I 2026/01/12 15:27:16 cron.go:61: cron job [[RefreshRhyResultJob]] executed
I 2026/01/12 15:27:16 auth.go:137: Initialized 0 user accounts for login
W 2026/01/12 15:27:20 runtime.go:83: [BOOT] HookUILoaded timeout after 5 seconds, continuing anyway
I 2026/01/12 15:27:37 serve.go:596: [WS] WebSocket connection attempt from [172.19.0.1:58698], URI: [/ws?app=siyuan&id=auth]
W 2026/01/12 15:27:37 serve.go:609: [WS] session data is nil
I 2026/01/12 15:27:37 serve.go:645: [WS] allowing auth page connection
I 2026/01/12 15:27:37 serve.go:675: [WS] WebSocket connected: app=[siyuan], id=[auth], type=[]
I 2026/01/12 15:27:57 process.go:36: received os signal [terminated], exit kernel process now
I 2026/01/12 15:27:57 conf.go:807: exiting kernel [force=false, setCurrentWorkspace=true, execInstallPkg=1]
I 2026/01/12 15:27:57 database.go:1365: closed database
I 2026/01/12 15:27:57 conf.go:1277: cleared workspace temp
I 2026/01/12 15:27:58 sync.go:833: sync websocket closed
I 2026/01/12 15:27:58 conf.go:877: exited kernel
I 2026/01/12 15:27:59 working.go:180: 
      ___                                   ___           ___           ___
     /  /\        ___           ___        /__/\         /  /\         /__/\
    /  /:/_      /  /\         /__/|       \  \:\       /  /::\        \  \:\
   /  /:/ /\    /  /:/        |  |:|        \  \:\     /  /:/\:\        \  \:\
  /  /:/ /::\  /__/::\        |  |:|    ___  \  \:\   /  /:/~/::\   _____\__\:\
 /__/:/ /:/\:\ \__\/\:\__   __|__|:|   /__/\  \__\:\ /__/:/ /:/\:\ /__/::::::::\
 \  \:\/:/~/:/    \  \:\/\ /__/::::\   \  \:\ /  /:/ \  \:\/:/__\/ \  \:\~~\~~\/
  \  \::/ /:/      \__\::/    ~\~~\:\   \  \:\  /:/   \  \::/       \  \:\  ~~~
   \__\/ /:/       /__/:/       \  \:\   \  \:\/:/     \  \:\        \  \:\
     /__/:/        \__\/         \__\/    \  \::/       \  \:\        \  \:\
     \__\/                                 \__\/         \__\/         \__\/
I 2026/01/12 15:27:59 runtime.go:108: kernel is booting:
    * ver [3.4.2]
    * arch [arm64]
    * os [alpine]
    * pid [1]
    * runtime mode [prod]
    * working directory [/opt/siyuan]
    * read only [false]
    * container [docker]
    * database [ver=20220501]
    * workspace directory [/opt/siyuan/workspace]
I 2026/01/12 15:27:59 main.go:41: [BOOT] Boot() completed
I 2026/01/12 15:27:59 conf.go:129: loaded conf [/opt/siyuan/workspace/conf/conf.json]
I 2026/01/12 15:27:59 auth.go:137: Initialized 0 user accounts for login
I 2026/01/12 15:27:59 conf.go:627: Ollama API enabled (default)
    baseURL=http://localhost:11434
    timeout=30s
    proxy=
    model=nemotron-3-nano:30b-cloud
    maxTokens=0
    temperature=1.0
    maxContexts=7
I 2026/01/12 15:27:59 runtime.go:160: use network proxy [system]
I 2026/01/12 15:27:59 main.go:45: [BOOT] InitConf() completed
I 2026/01/12 15:27:59 main.go:49: [BOOT] Server started in goroutine
I 2026/01/12 15:27:59 main.go:52: [BOOT] Starting InitAppearance()...
W 2026/01/12 15:27:59 ollama_setup.go:31: Ollama server not available at http://localhost:11434
I 2026/01/12 15:27:59 ollama_setup.go:32: To use Ollama AI, please install Ollama from https://ollama.ai and start the server
E 2026/01/12 15:27:59 appearance.go:47: copy appearance resources from [/opt/siyuan/appearance] to [/opt/siyuan/workspace/conf/appearance] failed: open /opt/siyuan/workspace/conf/appearance/boot/icon.png: resource deadlock avoided
E 2026/01/12 15:27:59 runtime.go:190: check file system status failed: open /opt/siyuan/workspace/conf/appearance/boot/icon.png: resource deadlock avoided, github.com/siyuan-note/siyuan/kernel/model.InitAppearance()
	/kernel/model/appearance.go:48 +0x2ec
main.main()
	/kernel/main.go:53 +0xbc
W 2026/01/12 15:27:59 ollama_setup.go:81: Ollama server not available: Get "http://localhost:11434/api/tags": dial tcp [::1]:11434: connect: connection refused (this is OK if Ollama is not running)
I 2026/01/12 15:27:59 main.go:54: [BOOT] InitAppearance() completed
I 2026/01/12 15:27:59 main.go:56: [BOOT] Starting InitDatabase()...
I 2026/01/12 15:27:59 serve.go:225: kernel [pid=1] http server [0.0.0.0:6806] is booting
I 2026/01/12 15:27:59 working.go:558: database [/opt/siyuan/workspace/temp/siyuan.db] size [69.64 kB]
I 2026/01/12 15:27:59 working.go:558: database [/opt/siyuan/workspace/temp/blocktree.db] size [12.29 kB]
I 2026/01/12 15:27:59 runtime.go:78: [BOOT] HookUILoaded started, waiting for UI connection...
I 2026/01/12 15:27:59 main.go:58: [BOOT] InitDatabase() completed
I 2026/01/12 15:27:59 main.go:60: [BOOT] Starting InitHistoryDatabase()...
I 2026/01/12 15:27:59 working.go:558: database [/opt/siyuan/workspace/temp/history.db] size [8.2 kB]
I 2026/01/12 15:27:59 main.go:62: [BOOT] InitHistoryDatabase() completed
I 2026/01/12 15:27:59 main.go:64: [BOOT] Starting InitAssetContentDatabase()...
I 2026/01/12 15:27:59 working.go:558: database [/opt/siyuan/workspace/temp/asset_content.db] size [8.2 kB]
I 2026/01/12 15:27:59 main.go:66: [BOOT] InitAssetContentDatabase() completed
I 2026/01/12 15:27:59 main.go:70: [BOOT] SQL settings configured
I 2026/01/12 15:27:59 main.go:72: [BOOT] Starting BootSyncData()...
I 2026/01/12 15:27:59 sync.go:126: [BOOT] BootSyncData() started
I 2026/01/12 15:27:59 sync.go:133: [BOOT] Sync.Perception is false, skipping WebSocket
I 2026/01/12 15:27:59 sync.go:136: [BOOT] Checking sync...
I 2026/01/12 15:27:59 sync.go:138: [BOOT] checkSync returned false, skipping sync
I 2026/01/12 15:27:59 main.go:74: [BOOT] BootSyncData() completed
I 2026/01/12 15:27:59 main.go:76: [BOOT] Starting InitBoxes()...
I 2026/01/12 15:27:59 conf.go:1055: [BOOT] InitBoxes() started
I 2026/01/12 15:27:59 conf.go:1058: [BOOT] Block count: 0, initialized: false
I 2026/01/12 15:27:59 conf.go:1061: [BOOT] Listing notebooks...
I 2026/01/12 15:27:59 conf.go:1089: [BOOT] Processing 1 opened boxes...
I 2026/01/12 15:27:59 conf.go:1091: [BOOT] Processing box [20251230113409-4y9ye0l]...
I 2026/01/12 15:27:59 conf.go:1095: [BOOT] Indexing box [20251230113409-4y9ye0l]...
I 2026/01/12 15:27:59 index.go:136: [BOOT] indexBox() started for box [20251230113409-4y9ye0l]
I 2026/01/12 15:27:59 index.go:143: [BOOT] Listing files for box [20251230113409-4y9ye0l]...
I 2026/01/12 15:27:59 index.go:146: [BOOT] Found 0 files in box [20251230113409-4y9ye0l]
I 2026/01/12 15:27:59 index.go:233: [BOOT] Waiting for index pool to complete (timeout: 60s)...
I 2026/01/12 15:27:59 index.go:242: [BOOT] Index pool completed
I 2026/01/12 15:27:59 index.go:256: rebuilt database for notebook [20251230113409-4y9ye0l] in [0.00s], tree [count=0, size=0 B]
I 2026/01/12 15:27:59 conf.go:1097: [BOOT] Box [20251230113409-4y9ye0l] indexed
I 2026/01/12 15:27:59 conf.go:1101: tree/block count [0/0], notebooks [1]
I 2026/01/12 15:27:59 conf.go:1102: [BOOT] InitBoxes() completed
I 2026/01/12 15:27:59 main.go:78: [BOOT] InitBoxes() completed
I 2026/01/12 15:27:59 main.go:80: [BOOT] Starting LoadFlashcards()...
I 2026/01/12 15:27:59 main.go:82: [BOOT] LoadFlashcards() completed
I 2026/01/12 15:27:59 main.go:84: [BOOT] Starting LoadAssetsTexts()...
I 2026/01/12 15:27:59 main.go:86: [BOOT] LoadAssetsTexts() completed
I 2026/01/12 15:27:59 main.go:88: [BOOT] Setting booted flag...
I 2026/01/12 15:27:59 working.go:226: kernel booted
I 2026/01/12 15:27:59 main.go:90: [BOOT] Booted flag set
I 2026/01/12 15:27:59 main.go:92: [BOOT] All initialization completed successfully!
I 2026/01/12 15:27:59 font.go:57: loaded system fonts [0] in [0ms]
I 2026/01/12 15:27:59 box.go:77: auto stat [trees=0, blocks=0, dataSize=49.48 kB, assetsSize=0 B]
I 2026/01/12 15:28:00 auth.go:137: Initialized 0 user accounts for login
W 2026/01/12 15:28:04 runtime.go:83: [BOOT] HookUILoaded timeout after 5 seconds, continuing anyway
I 2026/01/12 15:28:27 cron.go:61: cron job [[RefreshRhyResultJob]] executed
I 2026/01/12 15:28:59 session.go:136: Login attempt: username=[sha], account found=[false]
W 2026/01/12 15:28:59 session.go:142: invalid username [sha] [ip=172.19.0.1:62384] - account not found
E 2026/01/12 15:28:59 cloud_service.go:326: write announcement conf failed: open /home/siyuan/.config/siyuan/announcement.json: no such file or directory
I 2026/01/12 15:29:00 session.go:136: Login attempt: username=[sha], account found=[false]
W 2026/01/12 15:29:00 session.go:142: invalid username [sha] [ip=172.19.0.1:62384] - account not found
I 2026/01/12 15:29:35 session.go:275: auth success [ip=172.19.0.1:59942, maxAge=0]
I 2026/01/12 15:29:36 serve.go:331: serving [/] for user-agent [Mozilla/5.0 (Macintosh; Intel Mac OS X 10_15_7) AppleWebKit/605.1.15 (KHTML, like Gecko) Version/26.2 Safari/605.1.15]
I 2026/01/12 15:29:36 serve.go:596: [WS] WebSocket connection attempt from [172.19.0.1:59964], URI: [/ws?app=29zkj&id=3be4f073-00f7-4c9c-9683-f299ae493bf7&type=main]
I 2026/01/12 15:29:36 serve.go:675: [WS] WebSocket connected: app=[29zkj], id=[3be4f073-00f7-4c9c-9683-f299ae493bf7], type=[main]
I 2026/01/12 15:29:36 serve.go:596: [WS] WebSocket connection attempt from [172.19.0.1:59994], URI: [/ws?app=29zkj&id=a652b14a-4117-4fb1-bc60-0a9881b9e58f&type=filetree]
I 2026/01/12 15:29:36 serve.go:675: [WS] WebSocket connected: app=[29zkj], id=[a652b14a-4117-4fb1-bc60-0a9881b9e58f], type=[filetree]
I 2026/01/12 15:29:36 index.go:136: [BOOT] indexBox() started for box [20210808180117-6v0mkxr]
I 2026/01/12 15:29:36 index.go:143: [BOOT] Listing files for box [20210808180117-6v0mkxr]...
I 2026/01/12 15:29:36 index.go:146: [BOOT] Found 82 files in box [20210808180117-6v0mkxr]
I 2026/01/12 15:29:36 index.go:233: [BOOT] Waiting for index pool to complete (timeout: 60s)...
I 2026/01/12 15:29:36 index.go:242: [BOOT] Index pool completed
I 2026/01/12 15:29:36 index.go:256: rebuilt database for notebook [20210808180117-6v0mkxr] in [0.08s], tree [count=67, size=1.36 MB]
I 2026/01/12 15:29:36 index.go:326: resolved refs [37] in [43ms]
I 2026/01/12 15:29:36 serve.go:596: [WS] WebSocket connection attempt from [172.19.0.1:60006], URI: [/ws?app=29zkj&id=3440e890-8795-4fca-88fa-fa5313daf086&type=protyle]
I 2026/01/12 15:29:36 serve.go:675: [WS] WebSocket connected: app=[29zkj], id=[3440e890-8795-4fca-88fa-fa5313daf086], type=[protyle]
I 2026/01/12 15:29:44 session.go:275: auth success [ip=172.19.0.1:59966, maxAge=0]
I 2026/01/12 15:29:44 serve.go:331: serving [/] for user-agent [Mozilla/5.0 (Macintosh; Intel Mac OS X 10_15_7) AppleWebKit/605.1.15 (KHTML, like Gecko) Version/26.2 Safari/605.1.15]
I 2026/01/12 15:29:44 serve.go:596: [WS] WebSocket connection attempt from [172.19.0.1:60008], URI: [/ws?app=rxl6d&id=13fa71b2-6850-4184-8561-5ba77d4fc38c&type=main]
I 2026/01/12 15:29:44 serve.go:675: [WS] WebSocket connected: app=[rxl6d], id=[13fa71b2-6850-4184-8561-5ba77d4fc38c], type=[main]
I 2026/01/12 15:29:44 serve.go:596: [WS] WebSocket connection attempt from [172.19.0.1:60024], URI: [/ws?app=rxl6d&id=e0f9f9c8-9b9e-4833-b7f5-8a648fdc3307&type=filetree]
I 2026/01/12 15:29:44 serve.go:675: [WS] WebSocket connected: app=[rxl6d], id=[e0f9f9c8-9b9e-4833-b7f5-8a648fdc3307], type=[filetree]
I 2026/01/12 15:29:44 serve.go:596: [WS] WebSocket connection attempt from [172.19.0.1:60032], URI: [/ws?app=rxl6d&id=3c27d80d-ea1e-464c-a0df-ee41b4d86651&type=protyle]
I 2026/01/12 15:29:44 serve.go:675: [WS] WebSocket connected: app=[rxl6d], id=[3c27d80d-ea1e-464c-a0df-ee41b4d86651], type=[protyle]
I 2026/01/12 15:39:23 serve.go:596: [WS] WebSocket connection attempt from [172.19.0.1:64094], URI: [/ws?app=otr6w&id=6de1e644-ba72-446e-be15-6ee6345b9323&type=main]
I 2026/01/12 15:39:23 serve.go:675: [WS] WebSocket connected: app=[otr6w], id=[6de1e644-ba72-446e-be15-6ee6345b9323], type=[main]
I 2026/01/12 15:39:23 serve.go:596: [WS] WebSocket connection attempt from [172.19.0.1:64112], URI: [/ws?app=otr6w&id=1010d4fe-da28-4698-a787-6ce1221990d6&type=filetree]
I 2026/01/12 15:39:23 serve.go:675: [WS] WebSocket connected: app=[otr6w], id=[1010d4fe-da28-4698-a787-6ce1221990d6], type=[filetree]
I 2026/01/12 15:39:23 serve.go:596: [WS] WebSocket connection attempt from [172.19.0.1:64114], URI: [/ws?app=otr6w&id=eba1ca1d-973e-49c8-b800-6a620341a88b&type=protyle]
I 2026/01/12 15:39:23 serve.go:675: [WS] WebSocket connected: app=[otr6w], id=[eba1ca1d-973e-49c8-b800-6a620341a88b], type=[protyle]
I 2026/01/12 15:40:33 serve.go:596: [WS] WebSocket connection attempt from [172.19.0.1:64450], URI: [/ws?app=otr6w&id=8a02b5c1-96d8-4ab4-82b6-8afa1a308711]
I 2026/01/12 15:40:33 serve.go:675: [WS] WebSocket connected: app=[otr6w], id=[8a02b5c1-96d8-4ab4-82b6-8afa1a308711], type=[]
I 2026/01/12 15:40:39 serve.go:596: [WS] WebSocket connection attempt from [172.19.0.1:62360], URI: [/ws?app=siyuan&id=auth]
I 2026/01/12 15:40:39 serve.go:675: [WS] WebSocket connected: app=[siyuan], id=[auth], type=[]
I 2026/01/12 15:42:03 process.go:36: received os signal [terminated], exit kernel process now
I 2026/01/12 15:42:03 conf.go:807: exiting kernel [force=false, setCurrentWorkspace=true, execInstallPkg=1]
I 2026/01/12 15:42:03 conf.go:1347: closed user guide box [20210808180117-6v0mkxr]
I 2026/01/12 15:42:03 database.go:1365: closed database
I 2026/01/12 15:42:03 conf.go:1277: cleared workspace temp
I 2026/01/12 15:42:03 sync.go:833: sync websocket closed
I 2026/01/12 15:42:04 conf.go:877: exited kernel
I 2026/01/12 15:42:04 working.go:180: 
      ___                                   ___           ___           ___
     /  /\        ___           ___        /__/\         /  /\         /__/\
    /  /:/_      /  /\         /__/|       \  \:\       /  /::\        \  \:\
   /  /:/ /\    /  /:/        |  |:|        \  \:\     /  /:/\:\        \  \:\
  /  /:/ /::\  /__/::\        |  |:|    ___  \  \:\   /  /:/~/::\   _____\__\:\
 /__/:/ /:/\:\ \__\/\:\__   __|__|:|   /__/\  \__\:\ /__/:/ /:/\:\ /__/::::::::\
 \  \:\/:/~/:/    \  \:\/\ /__/::::\   \  \:\ /  /:/ \  \:\/:/__\/ \  \:\~~\~~\/
  \  \::/ /:/      \__\::/    ~\~~\:\   \  \:\  /:/   \  \::/       \  \:\  ~~~
   \__\/ /:/       /__/:/       \  \:\   \  \:\/:/     \  \:\        \  \:\
     /__/:/        \__\/         \__\/    \  \::/       \  \:\        \  \:\
     \__\/                                 \__\/         \__\/         \__\/
I 2026/01/12 15:42:04 runtime.go:108: kernel is booting:
    * ver [3.4.2]
    * arch [arm64]
    * os [alpine]
    * pid [1]
    * runtime mode [prod]
    * working directory [/opt/siyuan]
    * read only [false]
    * container [docker]
    * database [ver=20220501]
    * workspace directory [/opt/siyuan/workspace]
I 2026/01/12 15:42:04 main.go:41: [BOOT] Boot() completed
I 2026/01/12 15:42:04 conf.go:129: loaded conf [/opt/siyuan/workspace/conf/conf.json]
I 2026/01/12 15:42:04 auth.go:137: Initialized 0 user accounts for login
I 2026/01/12 15:42:04 conf.go:627: Ollama API enabled (default)
    baseURL=http://localhost:11434
    timeout=30s
    proxy=
    model=nemotron-3-nano:30b-cloud
    maxTokens=0
    temperature=1.0
    maxContexts=7
W 2026/01/12 15:42:04 ollama_setup.go:31: Ollama server not available at http://localhost:11434
I 2026/01/12 15:42:04 ollama_setup.go:32: To use Ollama AI, please install Ollama from https://ollama.ai and start the server
I 2026/01/12 15:42:04 runtime.go:160: use network proxy [system]
I 2026/01/12 15:42:04 main.go:45: [BOOT] InitConf() completed
I 2026/01/12 15:42:04 main.go:49: [BOOT] Server started in goroutine
I 2026/01/12 15:42:04 main.go:52: [BOOT] Starting InitAppearance()...
W 2026/01/12 15:42:04 ollama_setup.go:81: Ollama server not available: Get "http://localhost:11434/api/tags": dial tcp [::1]:11434: connect: connection refused (this is OK if Ollama is not running)
E 2026/01/12 15:42:04 appearance.go:47: copy appearance resources from [/opt/siyuan/appearance] to [/opt/siyuan/workspace/conf/appearance] failed: open /opt/siyuan/workspace/conf/appearance/boot/icon.png: resource deadlock avoided
E 2026/01/12 15:42:04 runtime.go:190: check file system status failed: open /opt/siyuan/workspace/conf/appearance/boot/icon.png: resource deadlock avoided, github.com/siyuan-note/siyuan/kernel/model.InitAppearance()
	/kernel/model/appearance.go:48 +0x2ec
main.main()
	/kernel/main.go:53 +0xbc
I 2026/01/12 15:42:04 main.go:54: [BOOT] InitAppearance() completed
I 2026/01/12 15:42:04 main.go:56: [BOOT] Starting InitDatabase()...
I 2026/01/12 15:42:04 working.go:558: database [/opt/siyuan/workspace/temp/siyuan.db] size [5.58 MB]
I 2026/01/12 15:42:04 serve.go:225: kernel [pid=1] http server [0.0.0.0:6806] is booting
I 2026/01/12 15:42:04 working.go:558: database [/opt/siyuan/workspace/temp/blocktree.db] size [671.75 kB]
I 2026/01/12 15:42:04 runtime.go:78: [BOOT] HookUILoaded started, waiting for UI connection...
I 2026/01/12 15:42:04 main.go:58: [BOOT] InitDatabase() completed
I 2026/01/12 15:42:04 main.go:60: [BOOT] Starting InitHistoryDatabase()...
I 2026/01/12 15:42:04 working.go:558: database [/opt/siyuan/workspace/temp/history.db] size [8.2 kB]
I 2026/01/12 15:42:04 main.go:62: [BOOT] InitHistoryDatabase() completed
I 2026/01/12 15:42:04 main.go:64: [BOOT] Starting InitAssetContentDatabase()...
I 2026/01/12 15:42:04 working.go:558: database [/opt/siyuan/workspace/temp/asset_content.db] size [8.2 kB]
I 2026/01/12 15:42:04 main.go:66: [BOOT] InitAssetContentDatabase() completed
I 2026/01/12 15:42:04 main.go:70: [BOOT] SQL settings configured
I 2026/01/12 15:42:04 main.go:72: [BOOT] Starting BootSyncData()...
I 2026/01/12 15:42:04 sync.go:126: [BOOT] BootSyncData() started
I 2026/01/12 15:42:04 sync.go:133: [BOOT] Sync.Perception is false, skipping WebSocket
I 2026/01/12 15:42:04 sync.go:136: [BOOT] Checking sync...
I 2026/01/12 15:42:04 sync.go:138: [BOOT] checkSync returned false, skipping sync
I 2026/01/12 15:42:04 main.go:74: [BOOT] BootSyncData() completed
I 2026/01/12 15:42:04 main.go:76: [BOOT] Starting InitBoxes()...
I 2026/01/12 15:42:04 conf.go:1055: [BOOT] InitBoxes() started
I 2026/01/12 15:42:04 conf.go:1058: [BOOT] Block count: 0, initialized: false
I 2026/01/12 15:42:04 conf.go:1061: [BOOT] Listing notebooks...
I 2026/01/12 15:42:04 conf.go:1089: [BOOT] Processing 1 opened boxes...
I 2026/01/12 15:42:04 conf.go:1091: [BOOT] Processing box [20251230113409-4y9ye0l]...
I 2026/01/12 15:42:04 conf.go:1095: [BOOT] Indexing box [20251230113409-4y9ye0l]...
I 2026/01/12 15:42:04 index.go:136: [BOOT] indexBox() started for box [20251230113409-4y9ye0l]
I 2026/01/12 15:42:04 index.go:143: [BOOT] Listing files for box [20251230113409-4y9ye0l]...
I 2026/01/12 15:42:04 index.go:146: [BOOT] Found 0 files in box [20251230113409-4y9ye0l]
I 2026/01/12 15:42:04 index.go:233: [BOOT] Waiting for index pool to complete (timeout: 60s)...
I 2026/01/12 15:42:04 index.go:242: [BOOT] Index pool completed
I 2026/01/12 15:42:04 index.go:256: rebuilt database for notebook [20251230113409-4y9ye0l] in [0.00s], tree [count=0, size=0 B]
I 2026/01/12 15:42:04 conf.go:1097: [BOOT] Box [20251230113409-4y9ye0l] indexed
I 2026/01/12 15:42:04 conf.go:1101: tree/block count [0/0], notebooks [1]
I 2026/01/12 15:42:04 conf.go:1102: [BOOT] InitBoxes() completed
I 2026/01/12 15:42:04 main.go:78: [BOOT] InitBoxes() completed
I 2026/01/12 15:42:04 main.go:80: [BOOT] Starting LoadFlashcards()...
I 2026/01/12 15:42:04 main.go:82: [BOOT] LoadFlashcards() completed
I 2026/01/12 15:42:04 main.go:84: [BOOT] Starting LoadAssetsTexts()...
I 2026/01/12 15:42:04 main.go:86: [BOOT] LoadAssetsTexts() completed
I 2026/01/12 15:42:04 main.go:88: [BOOT] Setting booted flag...
I 2026/01/12 15:42:04 working.go:226: kernel booted
I 2026/01/12 15:42:04 main.go:90: [BOOT] Booted flag set
I 2026/01/12 15:42:04 main.go:92: [BOOT] All initialization completed successfully!
I 2026/01/12 15:42:04 font.go:57: loaded system fonts [0] in [0ms]
I 2026/01/12 15:42:04 box.go:77: auto stat [trees=0, blocks=0, dataSize=68.33 kB, assetsSize=0 B]
I 2026/01/12 15:42:05 auth.go:137: Initialized 0 user accounts for login
I 2026/01/12 15:42:07 serve.go:596: [WS] WebSocket connection attempt from [172.19.0.1:60142], URI: [/ws?app=otr6w&id=8a02b5c1-96d8-4ab4-82b6-8afa1a308711]
I 2026/01/12 15:42:07 serve.go:675: [WS] WebSocket connected: app=[otr6w], id=[8a02b5c1-96d8-4ab4-82b6-8afa1a308711], type=[]
I 2026/01/12 15:42:07 serve.go:596: [WS] WebSocket connection attempt from [172.19.0.1:60156], URI: [/ws?app=otr6w&id=1010d4fe-da28-4698-a787-6ce1221990d6&type=filetree]
I 2026/01/12 15:42:07 serve.go:675: [WS] WebSocket connected: app=[otr6w], id=[1010d4fe-da28-4698-a787-6ce1221990d6], type=[filetree]
I 2026/01/12 15:42:07 serve.go:596: [WS] WebSocket connection attempt from [172.19.0.1:60162], URI: [/ws?app=otr6w&id=6de1e644-ba72-446e-be15-6ee6345b9323&type=main]
I 2026/01/12 15:42:07 serve.go:675: [WS] WebSocket connected: app=[otr6w], id=[6de1e644-ba72-446e-be15-6ee6345b9323], type=[main]
E 2026/01/12 15:42:07 tree.go:217: block id is invalid [id=], stack: [    github.com/siyuan-note/siyuan/kernel/model.LoadTreeByBlockID({0x0, 0x0})
    	/kernel/model/tree.go:216 +0x134
    github.com/siyuan-note/siyuan/kernel/model.Outline({0x0, 0x0}, 0x0)
    	/kernel/model/outline.go:216 +0x3c
    github.com/siyuan-note/siyuan/kernel/api.getDocOutline(0x4001808400)
    	/kernel/api/outline.go:47 +0x11c
]
E 2026/01/12 15:42:07 tree.go:217: block id is invalid [id=], stack: [    github.com/siyuan-note/siyuan/kernel/model.LoadTreeByBlockID({0x0, 0x0})
    	/kernel/model/tree.go:216 +0x134
    github.com/siyuan-note/siyuan/kernel/model.Outline({0x0, 0x0}, 0x0)
    	/kernel/model/outline.go:216 +0x3c
    github.com/siyuan-note/siyuan/kernel/api.getDocOutline(0x400015a400)
    	/kernel/api/outline.go:47 +0x11c
]
E 2026/01/12 15:42:07 tree.go:217: block id is invalid [id=], stack: [    github.com/siyuan-note/siyuan/kernel/model.LoadTreeByBlockID({0x0, 0x0})
    	/kernel/model/tree.go:216 +0x134
    github.com/siyuan-note/siyuan/kernel/model.Outline({0x0, 0x0}, 0x0)
    	/kernel/model/outline.go:216 +0x3c
    github.com/siyuan-note/siyuan/kernel/api.getDocOutline(0x400015a500)
    	/kernel/api/outline.go:47 +0x11c
]
I 2026/01/12 15:42:07 runtime.go:89: [BOOT] UI connected with 1 main session(s)
E 2026/01/12 15:42:56 rhy.go:50: get version info failed: Get "https://siyuan-sync.b3logfile.com/apis/siyuan/version?ver=3.4.2": net/http: request canceled while waiting for connection (Client.Timeout exceeded while awaiting headers)
I 2026/01/12 15:42:56 cron.go:61: cron job [[RefreshRhyResultJob]] executed
E 2026/01/12 15:43:04 cloud_service.go:326: write announcement conf failed: open /home/siyuan/.config/siyuan/announcement.json: no such file or directory
I 2026/01/12 15:44:02 serve.go:596: [WS] WebSocket connection attempt from [172.19.0.1:56124], URI: [/ws?app=u9qx&id=86a47654-fbe3-452f-9d94-201e8717e00c&type=main]
I 2026/01/12 15:44:02 serve.go:675: [WS] WebSocket connected: app=[u9qx], id=[86a47654-fbe3-452f-9d94-201e8717e00c], type=[main]
I 2026/01/12 15:44:03 serve.go:596: [WS] WebSocket connection attempt from [172.19.0.1:56140], URI: [/ws?app=u9qx&id=14d3789b-1b4f-4e94-b07c-47ff4ec24688&type=filetree]
I 2026/01/12 15:44:03 serve.go:675: [WS] WebSocket connected: app=[u9qx], id=[14d3789b-1b4f-4e94-b07c-47ff4ec24688], type=[filetree]
I 2026/01/12 15:44:03 serve.go:596: [WS] WebSocket connection attempt from [172.19.0.1:56156], URI: [/ws?app=u9qx&id=2ef709b9-59d1-4358-b8bb-b5a293e84332]
I 2026/01/12 15:44:03 serve.go:675: [WS] WebSocket connected: app=[u9qx], id=[2ef709b9-59d1-4358-b8bb-b5a293e84332], type=[]
I 2026/01/12 15:44:12 serve.go:596: [WS] WebSocket connection attempt from [172.19.0.1:56756], URI: [/ws?app=romyd&id=69373dc9-9fb1-4554-b255-1ccd6ca5993e&type=main]
I 2026/01/12 15:44:12 serve.go:675: [WS] WebSocket connected: app=[romyd], id=[69373dc9-9fb1-4554-b255-1ccd6ca5993e], type=[main]
I 2026/01/12 15:44:12 serve.go:596: [WS] WebSocket connection attempt from [172.19.0.1:56768], URI: [/ws?app=romyd&id=4151e0ff-d301-4570-9a12-f42d9ad694b0&type=filetree]
I 2026/01/12 15:44:12 serve.go:675: [WS] WebSocket connected: app=[romyd], id=[4151e0ff-d301-4570-9a12-f42d9ad694b0], type=[filetree]
I 2026/01/12 15:44:12 serve.go:596: [WS] WebSocket connection attempt from [172.19.0.1:56782], URI: [/ws?app=romyd&id=b08f6d36-86d6-4618-986b-93ca7297d919]
I 2026/01/12 15:44:12 serve.go:675: [WS] WebSocket connected: app=[romyd], id=[b08f6d36-86d6-4618-986b-93ca7297d919], type=[]
I 2026/01/12 15:45:41 process.go:36: received os signal [terminated], exit kernel process now
I 2026/01/12 15:45:41 conf.go:807: exiting kernel [force=false, setCurrentWorkspace=true, execInstallPkg=1]
I 2026/01/12 15:45:41 database.go:1365: closed database
I 2026/01/12 15:45:41 conf.go:1277: cleared workspace temp
I 2026/01/12 15:45:41 sync.go:833: sync websocket closed
I 2026/01/12 15:45:42 conf.go:877: exited kernel
I 2026/01/12 15:45:43 working.go:180: 
      ___                                   ___           ___           ___
     /  /\        ___           ___        /__/\         /  /\         /__/\
    /  /:/_      /  /\         /__/|       \  \:\       /  /::\        \  \:\
   /  /:/ /\    /  /:/        |  |:|        \  \:\     /  /:/\:\        \  \:\
  /  /:/ /::\  /__/::\        |  |:|    ___  \  \:\   /  /:/~/::\   _____\__\:\
 /__/:/ /:/\:\ \__\/\:\__   __|__|:|   /__/\  \__\:\ /__/:/ /:/\:\ /__/::::::::\
 \  \:\/:/~/:/    \  \:\/\ /__/::::\   \  \:\ /  /:/ \  \:\/:/__\/ \  \:\~~\~~\/
  \  \::/ /:/      \__\::/    ~\~~\:\   \  \:\  /:/   \  \::/       \  \:\  ~~~
   \__\/ /:/       /__/:/       \  \:\   \  \:\/:/     \  \:\        \  \:\
     /__/:/        \__\/         \__\/    \  \::/       \  \:\        \  \:\
     \__\/                                 \__\/         \__\/         \__\/
I 2026/01/12 15:45:43 runtime.go:108: kernel is booting:
    * ver [3.4.2]
    * arch [arm64]
    * os [alpine]
    * pid [1]
    * runtime mode [prod]
    * working directory [/opt/siyuan]
    * read only [false]
    * container [docker]
    * database [ver=20220501]
    * workspace directory [/opt/siyuan/workspace]
I 2026/01/12 15:45:43 main.go:41: [BOOT] Boot() completed
I 2026/01/12 15:45:43 conf.go:129: loaded conf [/opt/siyuan/workspace/conf/conf.json]
I 2026/01/12 15:45:43 auth.go:137: Initialized 0 user accounts for login
I 2026/01/12 15:45:43 conf.go:627: Ollama API enabled (default)
    baseURL=http://localhost:11434
    timeout=30s
    proxy=
    model=nemotron-3-nano:30b-cloud
    maxTokens=0
    temperature=1.0
    maxContexts=7
W 2026/01/12 15:45:43 ollama_setup.go:31: Ollama server not available at http://localhost:11434
I 2026/01/12 15:45:43 ollama_setup.go:32: To use Ollama AI, please install Ollama from https://ollama.ai and start the server
I 2026/01/12 15:45:43 runtime.go:160: use network proxy [system]
I 2026/01/12 15:45:43 main.go:45: [BOOT] InitConf() completed
I 2026/01/12 15:45:43 main.go:49: [BOOT] Server started in goroutine
I 2026/01/12 15:45:43 main.go:52: [BOOT] Starting InitAppearance()...
W 2026/01/12 15:45:43 ollama_setup.go:81: Ollama server not available: Get "http://localhost:11434/api/tags": dial tcp [::1]:11434: connect: connection refused (this is OK if Ollama is not running)
E 2026/01/12 15:45:43 appearance.go:47: copy appearance resources from [/opt/siyuan/appearance] to [/opt/siyuan/workspace/conf/appearance] failed: open /opt/siyuan/workspace/conf/appearance/boot/icon.png: resource deadlock avoided
E 2026/01/12 15:45:43 runtime.go:190: check file system status failed: open /opt/siyuan/workspace/conf/appearance/boot/icon.png: resource deadlock avoided, github.com/siyuan-note/siyuan/kernel/model.InitAppearance()
	/kernel/model/appearance.go:48 +0x2ec
main.main()
	/kernel/main.go:53 +0xbc
I 2026/01/12 15:45:43 main.go:54: [BOOT] InitAppearance() completed
I 2026/01/12 15:45:43 main.go:56: [BOOT] Starting InitDatabase()...
I 2026/01/12 15:45:43 serve.go:225: kernel [pid=1] http server [0.0.0.0:6806] is booting
I 2026/01/12 15:45:43 working.go:558: database [/opt/siyuan/workspace/temp/siyuan.db] size [5.58 MB]
I 2026/01/12 15:45:43 runtime.go:78: [BOOT] HookUILoaded started, waiting for UI connection...
I 2026/01/12 15:45:43 working.go:558: database [/opt/siyuan/workspace/temp/blocktree.db] size [671.75 kB]
I 2026/01/12 15:45:43 main.go:58: [BOOT] InitDatabase() completed
I 2026/01/12 15:45:43 main.go:60: [BOOT] Starting InitHistoryDatabase()...
I 2026/01/12 15:45:43 working.go:558: database [/opt/siyuan/workspace/temp/history.db] size [8.2 kB]
I 2026/01/12 15:45:43 main.go:62: [BOOT] InitHistoryDatabase() completed
I 2026/01/12 15:45:43 main.go:64: [BOOT] Starting InitAssetContentDatabase()...
I 2026/01/12 15:45:43 working.go:558: database [/opt/siyuan/workspace/temp/asset_content.db] size [8.2 kB]
I 2026/01/12 15:45:43 main.go:66: [BOOT] InitAssetContentDatabase() completed
I 2026/01/12 15:45:43 main.go:70: [BOOT] SQL settings configured
I 2026/01/12 15:45:43 main.go:72: [BOOT] Starting BootSyncData()...
I 2026/01/12 15:45:43 sync.go:126: [BOOT] BootSyncData() started
I 2026/01/12 15:45:43 sync.go:133: [BOOT] Sync.Perception is false, skipping WebSocket
I 2026/01/12 15:45:43 sync.go:136: [BOOT] Checking sync...
I 2026/01/12 15:45:43 sync.go:138: [BOOT] checkSync returned false, skipping sync
I 2026/01/12 15:45:43 main.go:74: [BOOT] BootSyncData() completed
I 2026/01/12 15:45:43 main.go:76: [BOOT] Starting InitBoxes()...
I 2026/01/12 15:45:43 conf.go:1055: [BOOT] InitBoxes() started
I 2026/01/12 15:45:43 conf.go:1058: [BOOT] Block count: 0, initialized: false
I 2026/01/12 15:45:43 conf.go:1061: [BOOT] Listing notebooks...
I 2026/01/12 15:45:43 conf.go:1089: [BOOT] Processing 1 opened boxes...
I 2026/01/12 15:45:43 conf.go:1091: [BOOT] Processing box [20251230113409-4y9ye0l]...
I 2026/01/12 15:45:43 conf.go:1095: [BOOT] Indexing box [20251230113409-4y9ye0l]...
I 2026/01/12 15:45:43 index.go:136: [BOOT] indexBox() started for box [20251230113409-4y9ye0l]
I 2026/01/12 15:45:43 index.go:143: [BOOT] Listing files for box [20251230113409-4y9ye0l]...
I 2026/01/12 15:45:43 index.go:146: [BOOT] Found 0 files in box [20251230113409-4y9ye0l]
I 2026/01/12 15:45:43 index.go:233: [BOOT] Waiting for index pool to complete (timeout: 60s)...
I 2026/01/12 15:45:43 index.go:242: [BOOT] Index pool completed
I 2026/01/12 15:45:43 index.go:256: rebuilt database for notebook [20251230113409-4y9ye0l] in [0.00s], tree [count=0, size=0 B]
I 2026/01/12 15:45:43 conf.go:1097: [BOOT] Box [20251230113409-4y9ye0l] indexed
I 2026/01/12 15:45:43 conf.go:1101: tree/block count [0/0], notebooks [1]
I 2026/01/12 15:45:43 conf.go:1102: [BOOT] InitBoxes() completed
I 2026/01/12 15:45:43 main.go:78: [BOOT] InitBoxes() completed
I 2026/01/12 15:45:43 main.go:80: [BOOT] Starting LoadFlashcards()...
I 2026/01/12 15:45:43 main.go:82: [BOOT] LoadFlashcards() completed
I 2026/01/12 15:45:43 main.go:84: [BOOT] Starting LoadAssetsTexts()...
I 2026/01/12 15:45:43 main.go:86: [BOOT] LoadAssetsTexts() completed
I 2026/01/12 15:45:43 main.go:88: [BOOT] Setting booted flag...
I 2026/01/12 15:45:43 working.go:226: kernel booted
I 2026/01/12 15:45:43 main.go:90: [BOOT] Booted flag set
I 2026/01/12 15:45:43 main.go:92: [BOOT] All initialization completed successfully!
I 2026/01/12 15:45:43 font.go:57: loaded system fonts [0] in [0ms]
I 2026/01/12 15:45:43 box.go:77: auto stat [trees=0, blocks=0, dataSize=68.33 kB, assetsSize=0 B]
I 2026/01/12 15:45:44 auth.go:137: Initialized 0 user accounts for login
I 2026/01/12 15:45:44 cron.go:61: cron job [[RefreshRhyResultJob]] executed
W 2026/01/12 15:45:48 runtime.go:83: [BOOT] HookUILoaded timeout after 5 seconds, continuing anyway
E 2026/01/12 15:46:43 cloud_service.go:326: write announcement conf failed: open /home/siyuan/.config/siyuan/announcement.json: no such file or directory
I 2026/01/12 16:31:17 serve.go:596: [WS] WebSocket connection attempt from [172.19.0.1:63168], URI: [/ws?app=m84ng&id=4f8b84a8-1f60-427f-a3f7-5f674ca0b743&type=main]
I 2026/01/12 16:31:17 serve.go:675: [WS] WebSocket connected: app=[m84ng], id=[4f8b84a8-1f60-427f-a3f7-5f674ca0b743], type=[main]
I 2026/01/12 16:31:17 serve.go:596: [WS] WebSocket connection attempt from [172.19.0.1:63174], URI: [/ws?app=m84ng&id=25fcb23a-c9d5-42c2-9492-a80b566e5a3e&type=filetree]
I 2026/01/12 16:31:17 serve.go:675: [WS] WebSocket connected: app=[m84ng], id=[25fcb23a-c9d5-42c2-9492-a80b566e5a3e], type=[filetree]
I 2026/01/12 16:31:17 serve.go:596: [WS] WebSocket connection attempt from [172.19.0.1:63176], URI: [/ws?app=m84ng&id=0cb2c043-2026-437d-99a6-a6469df51d61]
I 2026/01/12 16:31:17 serve.go:675: [WS] WebSocket connected: app=[m84ng], id=[0cb2c043-2026-437d-99a6-a6469df51d61], type=[]
E 2026/01/12 16:31:17 logging.go:219: PANIC RECOVERED: runtime error: invalid memory address or nil pointer dereference
	/usr/local/go/src/runtime/panic.go:783 (0x47fabf)
/usr/local/go/src/runtime/panic.go:262 (0x4824e7)
/usr/local/go/src/runtime/signal_unix.go:925 (0x4824b8)
/kernel/model/cloud_service.go:486 (0x1ec8084)
/kernel/api/inbox.go:80 (0x2011b5f)
/go/pkg/mod/github.com/gin-gonic/gin@v1.11.0/context.go:192 (0x1240d67)
/kernel/model/session.go:520 (0x1f6338b)
/go/pkg/mod/github.com/gin-gonic/gin@v1.11.0/context.go:192 (0x1240d67)
/kernel/model/session.go:444 (0x1f632f7)
/go/pkg/mod/github.com/gin-gonic/gin@v1.11.0/context.go:192 (0x1240d67)
/go/pkg/mod/github.com/gin-contrib/sessions@v1.0.4/sessions.go:54 (0x206b0e3)
/go/pkg/mod/github.com/gin-gonic/gin@v1.11.0/context.go:192 (0x1240d67)
/go/pkg/mod/github.com/gin-contrib/gzip@v1.2.5/handler.go:105 (0x1fc68db)
/go/pkg/mod/github.com/gin-gonic/gin@v1.11.0/context.go:192 (0x1240d67)
/kernel/server/serve.go:956 (0x206f65f)
/go/pkg/mod/github.com/gin-gonic/gin@v1.11.0/context.go:192 (0x1240d67)
/kernel/server/serve.go:938 (0x206f4bb)
/go/pkg/mod/github.com/gin-gonic/gin@v1.11.0/context.go:192 (0x1240d67)
/kernel/model/session.go:580 (0x1f635c7)
/go/pkg/mod/github.com/gin-gonic/gin@v1.11.0/context.go:192 (0x1240d67)
/kernel/model/session.go:557 (0x1f6356f)
/go/pkg/mod/github.com/gin-gonic/gin@v1.11.0/context.go:192 (0x1240d67)
/kernel/model/session.go:624 (0x1f63b67)
/go/pkg/mod/github.com/gin-gonic/gin@v1.11.0/context.go:192 (0x1240d67)
/kernel/server/serve.go:886 (0x2071763)
/go/pkg/mod/github.com/gin-gonic/gin@v1.11.0/context.go:192 (0x1240d67)
/go/pkg/mod/github.com/gin-gonic/gin@v1.11.0/gin.go:689 (0x124c3b3)
/go/pkg/mod/github.com/gin-gonic/gin@v1.11.0/gin.go:643 (0x124bef3)
/go/pkg/mod/golang.org/x/net@v0.47.0/http2/h2c/h2c.go:125 (0x1234ea3)
/usr/local/go/src/net/http/server.go:3340 (0x71fdff)
/usr/local/go/src/net/http/server.go:2109 (0x701f57)
/usr/local/go/src/runtime/asm_arm64.s:1268 (0x488513)

I 2026/01/12 16:31:17 serve.go:596: [WS] WebSocket connection attempt from [172.19.0.1:63198], URI: [/ws?app=m84ng&id=a17a6a88-bc17-45e5-bd87-98d2d0cc1fbf]
I 2026/01/12 16:31:17 serve.go:675: [WS] WebSocket connected: app=[m84ng], id=[a17a6a88-bc17-45e5-bd87-98d2d0cc1fbf], type=[]
I 2026/01/12 16:31:17 serve.go:596: [WS] WebSocket connection attempt from [172.19.0.1:63188], URI: [/ws?app=m84ng&id=e4cb6128-2cb6-4bed-a625-e0e2d1c3bade]
I 2026/01/12 16:31:17 serve.go:596: [WS] WebSocket connection attempt from [172.19.0.1:63224], URI: [/ws?app=m84ng&id=9ac00bc8-6a18-40fb-95ed-0d6e7c505fbe]
I 2026/01/12 16:31:17 serve.go:675: [WS] WebSocket connected: app=[m84ng], id=[9ac00bc8-6a18-40fb-95ed-0d6e7c505fbe], type=[]
I 2026/01/12 16:31:17 serve.go:675: [WS] WebSocket connected: app=[m84ng], id=[e4cb6128-2cb6-4bed-a625-e0e2d1c3bade], type=[]
I 2026/01/12 16:31:17 serve.go:596: [WS] WebSocket connection attempt from [172.19.0.1:63242], URI: [/ws?app=m84ng&id=9b49165f-7596-46a0-b445-c3fa0d853d62]
I 2026/01/12 16:31:17 serve.go:675: [WS] WebSocket connected: app=[m84ng], id=[9b49165f-7596-46a0-b445-c3fa0d853d62], type=[]
I 2026/01/12 16:31:17 ref.go:104: [DEBUG] getBacklink2 called from [172.19.0.1:63238], hasAuth: false
W 2026/01/12 16:31:17 ref.go:117: [DEBUG] getBacklink2 id is nil
I 2026/01/12 16:31:17 serve.go:596: [WS] WebSocket connection attempt from [172.19.0.1:63244], URI: [/ws?app=m84ng&id=57273167-0169-48eb-be6e-9c38432c614d]
I 2026/01/12 16:31:17 serve.go:675: [WS] WebSocket connected: app=[m84ng], id=[57273167-0169-48eb-be6e-9c38432c614d], type=[]
I 2026/01/12 16:31:22 serve.go:596: [WS] WebSocket connection attempt from [172.19.0.1:59634], URI: [/ws?app=39fan&id=241a87ca-dc37-41fd-a6b5-539895a2f955&type=main]
I 2026/01/12 16:31:22 serve.go:675: [WS] WebSocket connected: app=[39fan], id=[241a87ca-dc37-41fd-a6b5-539895a2f955], type=[main]
I 2026/01/12 16:31:22 serve.go:596: [WS] WebSocket connection attempt from [172.19.0.1:59638], URI: [/ws?app=39fan&id=ff6ee0e0-c312-42ca-98be-574b1484584d&type=filetree]
I 2026/01/12 16:31:22 serve.go:675: [WS] WebSocket connected: app=[39fan], id=[ff6ee0e0-c312-42ca-98be-574b1484584d], type=[filetree]
I 2026/01/12 16:32:25 process.go:36: received os signal [terminated], exit kernel process now
I 2026/01/12 16:32:25 conf.go:807: exiting kernel [force=false, setCurrentWorkspace=true, execInstallPkg=1]
I 2026/01/12 16:32:25 database.go:1365: closed database
I 2026/01/12 16:32:25 conf.go:1277: cleared workspace temp
I 2026/01/12 16:32:26 sync.go:833: sync websocket closed
I 2026/01/12 16:32:26 conf.go:877: exited kernel
I 2026/01/12 16:32:27 working.go:180: 
      ___                                   ___           ___           ___
     /  /\        ___           ___        /__/\         /  /\         /__/\
    /  /:/_      /  /\         /__/|       \  \:\       /  /::\        \  \:\
   /  /:/ /\    /  /:/        |  |:|        \  \:\     /  /:/\:\        \  \:\
  /  /:/ /::\  /__/::\        |  |:|    ___  \  \:\   /  /:/~/::\   _____\__\:\
 /__/:/ /:/\:\ \__\/\:\__   __|__|:|   /__/\  \__\:\ /__/:/ /:/\:\ /__/::::::::\
 \  \:\/:/~/:/    \  \:\/\ /__/::::\   \  \:\ /  /:/ \  \:\/:/__\/ \  \:\~~\~~\/
  \  \::/ /:/      \__\::/    ~\~~\:\   \  \:\  /:/   \  \::/       \  \:\  ~~~
   \__\/ /:/       /__/:/       \  \:\   \  \:\/:/     \  \:\        \  \:\
     /__/:/        \__\/         \__\/    \  \::/       \  \:\        \  \:\
     \__\/                                 \__\/         \__\/         \__\/
I 2026/01/12 16:32:27 runtime.go:108: kernel is booting:
    * ver [3.4.2]
    * arch [arm64]
    * os [alpine]
    * pid [1]
    * runtime mode [prod]
    * working directory [/opt/siyuan]
    * read only [false]
    * container [docker]
    * database [ver=20220501]
    * workspace directory [/opt/siyuan/workspace]
I 2026/01/12 16:32:27 main.go:41: [BOOT] Boot() completed
I 2026/01/12 16:32:27 conf.go:129: loaded conf [/opt/siyuan/workspace/conf/conf.json]
I 2026/01/12 16:32:27 auth.go:137: Initialized 0 user accounts for login
I 2026/01/12 16:32:27 conf.go:627: Ollama API enabled (default)
    baseURL=http://localhost:11434
    timeout=30s
    proxy=
    model=nemotron-3-nano:30b-cloud
    maxTokens=0
    temperature=1.0
    maxContexts=7
I 2026/01/12 16:32:27 runtime.go:160: use network proxy [system]
I 2026/01/12 16:32:27 main.go:45: [BOOT] InitConf() completed
I 2026/01/12 16:32:27 main.go:49: [BOOT] Server started in goroutine
I 2026/01/12 16:32:27 main.go:52: [BOOT] Starting InitAppearance()...
W 2026/01/12 16:32:27 ollama_setup.go:31: Ollama server not available at http://localhost:11434
I 2026/01/12 16:32:27 ollama_setup.go:32: To use Ollama AI, please install Ollama from https://ollama.ai and start the server
W 2026/01/12 16:32:27 ollama_setup.go:81: Ollama server not available: Get "http://localhost:11434/api/tags": dial tcp [::1]:11434: connect: connection refused (this is OK if Ollama is not running)
E 2026/01/12 16:32:27 appearance.go:47: copy appearance resources from [/opt/siyuan/appearance] to [/opt/siyuan/workspace/conf/appearance] failed: open /opt/siyuan/workspace/conf/appearance/boot/icon.png: resource deadlock avoided
E 2026/01/12 16:32:27 runtime.go:190: check file system status failed: open /opt/siyuan/workspace/conf/appearance/boot/icon.png: resource deadlock avoided, github.com/siyuan-note/siyuan/kernel/model.InitAppearance()
	/kernel/model/appearance.go:48 +0x2ec
main.main()
	/kernel/main.go:53 +0xbc
I 2026/01/12 16:32:27 main.go:54: [BOOT] InitAppearance() completed
I 2026/01/12 16:32:27 main.go:56: [BOOT] Starting InitDatabase()...
I 2026/01/12 16:32:27 serve.go:225: kernel [pid=1] http server [0.0.0.0:6806] is booting
I 2026/01/12 16:32:27 working.go:558: database [/opt/siyuan/workspace/temp/siyuan.db] size [5.58 MB]
I 2026/01/12 16:32:27 working.go:558: database [/opt/siyuan/workspace/temp/blocktree.db] size [671.75 kB]
I 2026/01/12 16:32:27 runtime.go:78: [BOOT] HookUILoaded started, waiting for UI connection...
I 2026/01/12 16:32:27 main.go:58: [BOOT] InitDatabase() completed
I 2026/01/12 16:32:27 main.go:60: [BOOT] Starting InitHistoryDatabase()...
I 2026/01/12 16:32:27 working.go:558: database [/opt/siyuan/workspace/temp/history.db] size [8.2 kB]
I 2026/01/12 16:32:27 main.go:62: [BOOT] InitHistoryDatabase() completed
I 2026/01/12 16:32:27 main.go:64: [BOOT] Starting InitAssetContentDatabase()...
I 2026/01/12 16:32:27 working.go:558: database [/opt/siyuan/workspace/temp/asset_content.db] size [8.2 kB]
I 2026/01/12 16:32:27 main.go:66: [BOOT] InitAssetContentDatabase() completed
I 2026/01/12 16:32:27 main.go:70: [BOOT] SQL settings configured
I 2026/01/12 16:32:27 main.go:72: [BOOT] Starting BootSyncData()...
I 2026/01/12 16:32:27 sync.go:126: [BOOT] BootSyncData() started
I 2026/01/12 16:32:27 sync.go:133: [BOOT] Sync.Perception is false, skipping WebSocket
I 2026/01/12 16:32:27 sync.go:136: [BOOT] Checking sync...
I 2026/01/12 16:32:27 sync.go:138: [BOOT] checkSync returned false, skipping sync
I 2026/01/12 16:32:27 main.go:74: [BOOT] BootSyncData() completed
I 2026/01/12 16:32:27 main.go:76: [BOOT] Starting InitBoxes()...
I 2026/01/12 16:32:27 conf.go:1055: [BOOT] InitBoxes() started
I 2026/01/12 16:32:27 conf.go:1058: [BOOT] Block count: 0, initialized: false
I 2026/01/12 16:32:27 conf.go:1061: [BOOT] Listing notebooks...
I 2026/01/12 16:32:27 conf.go:1089: [BOOT] Processing 1 opened boxes...
I 2026/01/12 16:32:27 conf.go:1091: [BOOT] Processing box [20251230113409-4y9ye0l]...
I 2026/01/12 16:32:27 conf.go:1095: [BOOT] Indexing box [20251230113409-4y9ye0l]...
I 2026/01/12 16:32:27 index.go:136: [BOOT] indexBox() started for box [20251230113409-4y9ye0l]
I 2026/01/12 16:32:27 index.go:143: [BOOT] Listing files for box [20251230113409-4y9ye0l]...
I 2026/01/12 16:32:27 index.go:146: [BOOT] Found 0 files in box [20251230113409-4y9ye0l]
I 2026/01/12 16:32:27 index.go:233: [BOOT] Waiting for index pool to complete (timeout: 60s)...
I 2026/01/12 16:32:27 index.go:242: [BOOT] Index pool completed
I 2026/01/12 16:32:27 index.go:256: rebuilt database for notebook [20251230113409-4y9ye0l] in [0.00s], tree [count=0, size=0 B]
I 2026/01/12 16:32:27 conf.go:1097: [BOOT] Box [20251230113409-4y9ye0l] indexed
I 2026/01/12 16:32:27 conf.go:1101: tree/block count [0/0], notebooks [1]
I 2026/01/12 16:32:27 conf.go:1102: [BOOT] InitBoxes() completed
I 2026/01/12 16:32:27 main.go:78: [BOOT] InitBoxes() completed
I 2026/01/12 16:32:27 main.go:80: [BOOT] Starting LoadFlashcards()...
I 2026/01/12 16:32:27 main.go:82: [BOOT] LoadFlashcards() completed
I 2026/01/12 16:32:27 main.go:84: [BOOT] Starting LoadAssetsTexts()...
I 2026/01/12 16:32:27 main.go:86: [BOOT] LoadAssetsTexts() completed
I 2026/01/12 16:32:27 main.go:88: [BOOT] Setting booted flag...
I 2026/01/12 16:32:27 working.go:226: kernel booted
I 2026/01/12 16:32:27 main.go:90: [BOOT] Booted flag set
I 2026/01/12 16:32:27 main.go:92: [BOOT] All initialization completed successfully!
I 2026/01/12 16:32:27 font.go:57: loaded system fonts [0] in [0ms]
I 2026/01/12 16:32:27 box.go:77: auto stat [trees=0, blocks=0, dataSize=68.33 kB, assetsSize=0 B]
I 2026/01/12 16:32:28 auth.go:137: Initialized 0 user accounts for login
I 2026/01/12 16:32:28 cron.go:61: cron job [[RefreshRhyResultJob]] executed
W 2026/01/12 16:32:32 runtime.go:83: [BOOT] HookUILoaded timeout after 5 seconds, continuing anyway
E 2026/01/12 16:33:27 cloud_service.go:326: write announcement conf failed: open /home/siyuan/.config/siyuan/announcement.json: no such file or directory
I 2026/01/12 16:35:34 serve.go:596: [WS] WebSocket connection attempt from [172.19.0.1:60754], URI: [/ws?app=vdk1b&id=28876fcd-a9ea-4e05-b5d6-ee599ba0ae47&type=main]
I 2026/01/12 16:35:34 serve.go:675: [WS] WebSocket connected: app=[vdk1b], id=[28876fcd-a9ea-4e05-b5d6-ee599ba0ae47], type=[main]
I 2026/01/12 16:35:34 serve.go:596: [WS] WebSocket connection attempt from [172.19.0.1:60776], URI: [/ws?app=vdk1b&id=337b57dc-59ea-4152-bcc8-bead37c69fb2&type=filetree]
I 2026/01/12 16:35:34 serve.go:675: [WS] WebSocket connected: app=[vdk1b], id=[337b57dc-59ea-4152-bcc8-bead37c69fb2], type=[filetree]
I 2026/01/12 16:36:58 serve.go:596: [WS] WebSocket connection attempt from [172.19.0.1:56208], URI: [/ws?app=sevn&id=e5e13d68-2463-46f4-97e2-1703a7343572&type=main]
I 2026/01/12 16:36:58 serve.go:675: [WS] WebSocket connected: app=[sevn], id=[e5e13d68-2463-46f4-97e2-1703a7343572], type=[main]
I 2026/01/12 16:36:58 serve.go:596: [WS] WebSocket connection attempt from [172.19.0.1:56222], URI: [/ws?app=sevn&id=feee7174-cc96-4c36-b240-701f72dfa0e2&type=filetree]
I 2026/01/12 16:36:58 serve.go:675: [WS] WebSocket connected: app=[sevn], id=[feee7174-cc96-4c36-b240-701f72dfa0e2], type=[filetree]
I 2026/01/12 16:37:01 serve.go:596: [WS] WebSocket connection attempt from [172.19.0.1:60900], URI: [/ws?app=au2a3&id=1dde1833-6346-46a2-a3be-0339b72a9e8b&type=main]
I 2026/01/12 16:37:01 serve.go:675: [WS] WebSocket connected: app=[au2a3], id=[1dde1833-6346-46a2-a3be-0339b72a9e8b], type=[main]
I 2026/01/12 16:37:01 serve.go:596: [WS] WebSocket connection attempt from [172.19.0.1:60902], URI: [/ws?app=au2a3&id=0b4ce41d-7512-40ba-bc2c-4bbbfa40af1a&type=filetree]
I 2026/01/12 16:37:01 serve.go:675: [WS] WebSocket connected: app=[au2a3], id=[0b4ce41d-7512-40ba-bc2c-4bbbfa40af1a], type=[filetree]
I 2026/01/12 16:37:04 serve.go:596: [WS] WebSocket connection attempt from [172.19.0.1:60914], URI: [/ws?app=jefv&id=7e23c9c2-93f8-42f4-9753-3910f8b221b4&type=main]
I 2026/01/12 16:37:04 serve.go:675: [WS] WebSocket connected: app=[jefv], id=[7e23c9c2-93f8-42f4-9753-3910f8b221b4], type=[main]
I 2026/01/12 16:37:04 serve.go:596: [WS] WebSocket connection attempt from [172.19.0.1:60918], URI: [/ws?app=jefv&id=fb7e77a8-051c-4219-b50f-a8b1eb31f43a&type=filetree]
I 2026/01/12 16:37:04 serve.go:675: [WS] WebSocket connected: app=[jefv], id=[fb7e77a8-051c-4219-b50f-a8b1eb31f43a], type=[filetree]
I 2026/01/12 16:37:28 process.go:36: received os signal [terminated], exit kernel process now
I 2026/01/12 16:37:28 conf.go:807: exiting kernel [force=false, setCurrentWorkspace=true, execInstallPkg=1]
I 2026/01/12 16:37:28 database.go:1365: closed database
I 2026/01/12 16:37:28 conf.go:1277: cleared workspace temp
I 2026/01/12 16:37:28 sync.go:833: sync websocket closed
I 2026/01/12 16:37:29 conf.go:877: exited kernel
I 2026/01/12 16:37:31 working.go:180: 
      ___                                   ___           ___           ___
     /  /\        ___           ___        /__/\         /  /\         /__/\
    /  /:/_      /  /\         /__/|       \  \:\       /  /::\        \  \:\
   /  /:/ /\    /  /:/        |  |:|        \  \:\     /  /:/\:\        \  \:\
  /  /:/ /::\  /__/::\        |  |:|    ___  \  \:\   /  /:/~/::\   _____\__\:\
 /__/:/ /:/\:\ \__\/\:\__   __|__|:|   /__/\  \__\:\ /__/:/ /:/\:\ /__/::::::::\
 \  \:\/:/~/:/    \  \:\/\ /__/::::\   \  \:\ /  /:/ \  \:\/:/__\/ \  \:\~~\~~\/
  \  \::/ /:/      \__\::/    ~\~~\:\   \  \:\  /:/   \  \::/       \  \:\  ~~~
   \__\/ /:/       /__/:/       \  \:\   \  \:\/:/     \  \:\        \  \:\
     /__/:/        \__\/         \__\/    \  \::/       \  \:\        \  \:\
     \__\/                                 \__\/         \__\/         \__\/
I 2026/01/12 16:37:31 runtime.go:108: kernel is booting:
    * ver [3.4.2]
    * arch [arm64]
    * os [alpine]
    * pid [1]
    * runtime mode [prod]
    * working directory [/opt/siyuan]
    * read only [false]
    * container [docker]
    * database [ver=20220501]
    * workspace directory [/opt/siyuan/workspace]
I 2026/01/12 16:37:31 main.go:41: [BOOT] Boot() completed
I 2026/01/12 16:37:31 conf.go:129: loaded conf [/opt/siyuan/workspace/conf/conf.json]
I 2026/01/12 16:37:31 auth.go:137: Initialized 0 user accounts for login
I 2026/01/12 16:37:31 conf.go:627: Ollama API enabled (default)
    baseURL=http://localhost:11434
    timeout=30s
    proxy=
    model=nemotron-3-nano:30b-cloud
    maxTokens=0
    temperature=1.0
    maxContexts=7
W 2026/01/12 16:37:31 ollama_setup.go:31: Ollama server not available at http://localhost:11434
I 2026/01/12 16:37:31 ollama_setup.go:32: To use Ollama AI, please install Ollama from https://ollama.ai and start the server
I 2026/01/12 16:37:31 runtime.go:160: use network proxy [system]
I 2026/01/12 16:37:31 main.go:45: [BOOT] InitConf() completed
I 2026/01/12 16:37:31 main.go:49: [BOOT] Server started in goroutine
I 2026/01/12 16:37:31 main.go:52: [BOOT] Starting InitAppearance()...
W 2026/01/12 16:37:31 ollama_setup.go:81: Ollama server not available: Get "http://localhost:11434/api/tags": dial tcp [::1]:11434: connect: connection refused (this is OK if Ollama is not running)
E 2026/01/12 16:37:31 appearance.go:47: copy appearance resources from [/opt/siyuan/appearance] to [/opt/siyuan/workspace/conf/appearance] failed: open /opt/siyuan/workspace/conf/appearance/boot/icon.png: resource deadlock avoided
E 2026/01/12 16:37:31 runtime.go:190: check file system status failed: open /opt/siyuan/workspace/conf/appearance/boot/icon.png: resource deadlock avoided, github.com/siyuan-note/siyuan/kernel/model.InitAppearance()
	/kernel/model/appearance.go:48 +0x2ec
main.main()
	/kernel/main.go:53 +0xbc
I 2026/01/12 16:37:31 main.go:54: [BOOT] InitAppearance() completed
I 2026/01/12 16:37:31 main.go:56: [BOOT] Starting InitDatabase()...
I 2026/01/12 16:37:31 working.go:558: database [/opt/siyuan/workspace/temp/siyuan.db] size [5.58 MB]
I 2026/01/12 16:37:31 working.go:558: database [/opt/siyuan/workspace/temp/blocktree.db] size [671.75 kB]
I 2026/01/12 16:37:31 serve.go:225: kernel [pid=1] http server [0.0.0.0:6806] is booting
I 2026/01/12 16:37:31 runtime.go:78: [BOOT] HookUILoaded started, waiting for UI connection...
I 2026/01/12 16:37:31 main.go:58: [BOOT] InitDatabase() completed
I 2026/01/12 16:37:31 main.go:60: [BOOT] Starting InitHistoryDatabase()...
I 2026/01/12 16:37:31 working.go:558: database [/opt/siyuan/workspace/temp/history.db] size [8.2 kB]
I 2026/01/12 16:37:31 main.go:62: [BOOT] InitHistoryDatabase() completed
I 2026/01/12 16:37:31 main.go:64: [BOOT] Starting InitAssetContentDatabase()...
I 2026/01/12 16:37:31 working.go:558: database [/opt/siyuan/workspace/temp/asset_content.db] size [8.2 kB]
I 2026/01/12 16:37:31 main.go:66: [BOOT] InitAssetContentDatabase() completed
I 2026/01/12 16:37:31 main.go:70: [BOOT] SQL settings configured
I 2026/01/12 16:37:31 main.go:72: [BOOT] Starting BootSyncData()...
I 2026/01/12 16:37:31 sync.go:126: [BOOT] BootSyncData() started
I 2026/01/12 16:37:31 sync.go:133: [BOOT] Sync.Perception is false, skipping WebSocket
I 2026/01/12 16:37:31 sync.go:136: [BOOT] Checking sync...
I 2026/01/12 16:37:31 sync.go:138: [BOOT] checkSync returned false, skipping sync
I 2026/01/12 16:37:31 main.go:74: [BOOT] BootSyncData() completed
I 2026/01/12 16:37:31 main.go:76: [BOOT] Starting InitBoxes()...
I 2026/01/12 16:37:31 conf.go:1055: [BOOT] InitBoxes() started
I 2026/01/12 16:37:31 conf.go:1058: [BOOT] Block count: 0, initialized: false
I 2026/01/12 16:37:31 conf.go:1061: [BOOT] Listing notebooks...
I 2026/01/12 16:37:31 conf.go:1089: [BOOT] Processing 1 opened boxes...
I 2026/01/12 16:37:31 conf.go:1091: [BOOT] Processing box [20251230113409-4y9ye0l]...
I 2026/01/12 16:37:31 conf.go:1095: [BOOT] Indexing box [20251230113409-4y9ye0l]...
I 2026/01/12 16:37:31 index.go:136: [BOOT] indexBox() started for box [20251230113409-4y9ye0l]
I 2026/01/12 16:37:31 index.go:143: [BOOT] Listing files for box [20251230113409-4y9ye0l]...
I 2026/01/12 16:37:31 index.go:146: [BOOT] Found 0 files in box [20251230113409-4y9ye0l]
I 2026/01/12 16:37:31 index.go:233: [BOOT] Waiting for index pool to complete (timeout: 60s)...
I 2026/01/12 16:37:31 index.go:242: [BOOT] Index pool completed
I 2026/01/12 16:37:31 index.go:256: rebuilt database for notebook [20251230113409-4y9ye0l] in [0.00s], tree [count=0, size=0 B]
I 2026/01/12 16:37:31 conf.go:1097: [BOOT] Box [20251230113409-4y9ye0l] indexed
I 2026/01/12 16:37:31 conf.go:1101: tree/block count [0/0], notebooks [1]
I 2026/01/12 16:37:31 conf.go:1102: [BOOT] InitBoxes() completed
I 2026/01/12 16:37:31 main.go:78: [BOOT] InitBoxes() completed
I 2026/01/12 16:37:31 main.go:80: [BOOT] Starting LoadFlashcards()...
I 2026/01/12 16:37:31 main.go:82: [BOOT] LoadFlashcards() completed
I 2026/01/12 16:37:31 main.go:84: [BOOT] Starting LoadAssetsTexts()...
I 2026/01/12 16:37:31 main.go:86: [BOOT] LoadAssetsTexts() completed
I 2026/01/12 16:37:31 main.go:88: [BOOT] Setting booted flag...
I 2026/01/12 16:37:31 working.go:226: kernel booted
I 2026/01/12 16:37:31 main.go:90: [BOOT] Booted flag set
I 2026/01/12 16:37:31 main.go:92: [BOOT] All initialization completed successfully!
I 2026/01/12 16:37:31 font.go:57: loaded system fonts [0] in [0ms]
I 2026/01/12 16:37:31 box.go:77: auto stat [trees=0, blocks=0, dataSize=68.33 kB, assetsSize=0 B]
I 2026/01/12 16:37:32 auth.go:137: Initialized 0 user accounts for login
W 2026/01/12 16:37:36 runtime.go:83: [BOOT] HookUILoaded timeout after 5 seconds, continuing anyway
I 2026/01/12 16:37:59 serve.go:331: serving [/] for user-agent [Mozilla/5.0 (Macintosh; Intel Mac OS X 10_15_7) AppleWebKit/605.1.15 (KHTML, like Gecko) Version/26.2 Safari/605.1.15]
I 2026/01/12 16:37:59 serve.go:596: [WS] WebSocket connection attempt from [172.19.0.1:58208], URI: [/ws?app=hhasfc&id=8e84caad-adb6-41a8-9212-620dc5e743e5&type=main]
I 2026/01/12 16:37:59 serve.go:675: [WS] WebSocket connected: app=[hhasfc], id=[8e84caad-adb6-41a8-9212-620dc5e743e5], type=[main]
I 2026/01/12 16:37:59 serve.go:596: [WS] WebSocket connection attempt from [172.19.0.1:58254], URI: [/ws?app=hhasfc&id=1c3ed4d4-2c63-4ff8-8b1c-96fa683c135b&type=filetree]
I 2026/01/12 16:37:59 serve.go:675: [WS] WebSocket connected: app=[hhasfc], id=[1c3ed4d4-2c63-4ff8-8b1c-96fa683c135b], type=[filetree]
I 2026/01/12 16:38:05 cron.go:61: cron job [[RefreshRhyResultJob]] executed
E 2026/01/12 16:38:31 cloud_service.go:326: write announcement conf failed: open /home/siyuan/.config/siyuan/announcement.json: no such file or directory
I 2026/01/12 16:38:44 serve.go:596: [WS] WebSocket connection attempt from [172.19.0.1:55770], URI: [/ws?app=hhasfc&id=49b10145-660f-4743-95a7-e5e480a8b1c5]
I 2026/01/12 16:38:44 serve.go:675: [WS] WebSocket connected: app=[hhasfc], id=[49b10145-660f-4743-95a7-e5e480a8b1c5], type=[]
E 2026/01/12 16:38:46 logging.go:219: PANIC RECOVERED: runtime error: invalid memory address or nil pointer dereference
	/usr/local/go/src/runtime/panic.go:783 (0x47fabf)
/usr/local/go/src/runtime/panic.go:262 (0x4824e7)
/usr/local/go/src/runtime/signal_unix.go:925 (0x4824b8)
/kernel/model/cloud_service.go:486 (0x1ec8084)
/kernel/api/inbox.go:80 (0x2011b5f)
/go/pkg/mod/github.com/gin-gonic/gin@v1.11.0/context.go:192 (0x1240d67)
/kernel/model/session.go:520 (0x1f6338b)
/go/pkg/mod/github.com/gin-gonic/gin@v1.11.0/context.go:192 (0x1240d67)
/kernel/model/session.go:444 (0x1f632f7)
/go/pkg/mod/github.com/gin-gonic/gin@v1.11.0/context.go:192 (0x1240d67)
/go/pkg/mod/github.com/gin-contrib/sessions@v1.0.4/sessions.go:54 (0x206b0e3)
/go/pkg/mod/github.com/gin-gonic/gin@v1.11.0/context.go:192 (0x1240d67)
/go/pkg/mod/github.com/gin-contrib/gzip@v1.2.5/handler.go:105 (0x1fc68db)
/go/pkg/mod/github.com/gin-gonic/gin@v1.11.0/context.go:192 (0x1240d67)
/kernel/server/serve.go:956 (0x206f65f)
/go/pkg/mod/github.com/gin-gonic/gin@v1.11.0/context.go:192 (0x1240d67)
/kernel/server/serve.go:938 (0x206f4bb)
/go/pkg/mod/github.com/gin-gonic/gin@v1.11.0/context.go:192 (0x1240d67)
/kernel/model/session.go:580 (0x1f635c7)
/go/pkg/mod/github.com/gin-gonic/gin@v1.11.0/context.go:192 (0x1240d67)
/kernel/model/session.go:557 (0x1f6356f)
/go/pkg/mod/github.com/gin-gonic/gin@v1.11.0/context.go:192 (0x1240d67)
/kernel/model/session.go:624 (0x1f63b67)
/go/pkg/mod/github.com/gin-gonic/gin@v1.11.0/context.go:192 (0x1240d67)
/kernel/server/serve.go:886 (0x2071763)
/go/pkg/mod/github.com/gin-gonic/gin@v1.11.0/context.go:192 (0x1240d67)
/go/pkg/mod/github.com/gin-gonic/gin@v1.11.0/gin.go:689 (0x124c3b3)
/go/pkg/mod/github.com/gin-gonic/gin@v1.11.0/gin.go:643 (0x124bef3)
/go/pkg/mod/golang.org/x/net@v0.47.0/http2/h2c/h2c.go:125 (0x1234ea3)
/usr/local/go/src/net/http/server.go:3340 (0x71fdff)
/usr/local/go/src/net/http/server.go:2109 (0x701f57)
/usr/local/go/src/runtime/asm_arm64.s:1268 (0x488513)

I 2026/01/12 16:38:49 serve.go:596: [WS] WebSocket connection attempt from [172.19.0.1:58956], URI: [/ws?app=hhasfc&id=48515b6a-6f8e-46fa-a7b5-2620b408a4ac&type=protyle]
I 2026/01/12 16:38:49 serve.go:675: [WS] WebSocket connected: app=[hhasfc], id=[48515b6a-6f8e-46fa-a7b5-2620b408a4ac], type=[protyle]
I 2026/01/12 16:40:26 process.go:36: received os signal [terminated], exit kernel process now
I 2026/01/12 16:40:26 conf.go:807: exiting kernel [force=false, setCurrentWorkspace=true, execInstallPkg=1]
I 2026/01/12 16:40:27 database.go:1365: closed database
I 2026/01/12 16:40:27 conf.go:1277: cleared workspace temp
I 2026/01/12 16:40:27 sync.go:833: sync websocket closed
I 2026/01/12 16:40:28 conf.go:877: exited kernel
I 2026/01/12 16:40:30 working.go:180: 
      ___                                   ___           ___           ___
     /  /\        ___           ___        /__/\         /  /\         /__/\
    /  /:/_      /  /\         /__/|       \  \:\       /  /::\        \  \:\
   /  /:/ /\    /  /:/        |  |:|        \  \:\     /  /:/\:\        \  \:\
  /  /:/ /::\  /__/::\        |  |:|    ___  \  \:\   /  /:/~/::\   _____\__\:\
 /__/:/ /:/\:\ \__\/\:\__   __|__|:|   /__/\  \__\:\ /__/:/ /:/\:\ /__/::::::::\
 \  \:\/:/~/:/    \  \:\/\ /__/::::\   \  \:\ /  /:/ \  \:\/:/__\/ \  \:\~~\~~\/
  \  \::/ /:/      \__\::/    ~\~~\:\   \  \:\  /:/   \  \::/       \  \:\  ~~~
   \__\/ /:/       /__/:/       \  \:\   \  \:\/:/     \  \:\        \  \:\
     /__/:/        \__\/         \__\/    \  \::/       \  \:\        \  \:\
     \__\/                                 \__\/         \__\/         \__\/
I 2026/01/12 16:40:30 runtime.go:108: kernel is booting:
    * ver [3.4.2]
    * arch [arm64]
    * os [alpine]
    * pid [1]
    * runtime mode [prod]
    * working directory [/opt/siyuan]
    * read only [false]
    * container [docker]
    * database [ver=20220501]
    * workspace directory [/opt/siyuan/workspace]
I 2026/01/12 16:40:30 main.go:41: [BOOT] Boot() completed
I 2026/01/12 16:40:30 conf.go:129: loaded conf [/opt/siyuan/workspace/conf/conf.json]
I 2026/01/12 16:40:30 auth.go:137: Initialized 0 user accounts for login
I 2026/01/12 16:40:30 conf.go:627: Ollama API enabled (default)
    baseURL=http://localhost:11434
    timeout=30s
    proxy=
    model=nemotron-3-nano:30b-cloud
    maxTokens=0
    temperature=1.0
    maxContexts=7
I 2026/01/12 16:40:30 runtime.go:160: use network proxy [system]
I 2026/01/12 16:40:30 main.go:45: [BOOT] InitConf() completed
I 2026/01/12 16:40:30 main.go:49: [BOOT] Server started in goroutine
I 2026/01/12 16:40:30 main.go:52: [BOOT] Starting InitAppearance()...
W 2026/01/12 16:40:30 ollama_setup.go:31: Ollama server not available at http://localhost:11434
I 2026/01/12 16:40:30 ollama_setup.go:32: To use Ollama AI, please install Ollama from https://ollama.ai and start the server
W 2026/01/12 16:40:30 ollama_setup.go:81: Ollama server not available: Get "http://localhost:11434/api/tags": dial tcp [::1]:11434: connect: connection refused (this is OK if Ollama is not running)
E 2026/01/12 16:40:30 appearance.go:47: copy appearance resources from [/opt/siyuan/appearance] to [/opt/siyuan/workspace/conf/appearance] failed: open /opt/siyuan/workspace/conf/appearance/boot/icon.png: resource deadlock avoided
E 2026/01/12 16:40:30 runtime.go:190: check file system status failed: open /opt/siyuan/workspace/conf/appearance/boot/icon.png: resource deadlock avoided, github.com/siyuan-note/siyuan/kernel/model.InitAppearance()
	/kernel/model/appearance.go:48 +0x2ec
main.main()
	/kernel/main.go:53 +0xbc
I 2026/01/12 16:40:30 main.go:54: [BOOT] InitAppearance() completed
I 2026/01/12 16:40:30 main.go:56: [BOOT] Starting InitDatabase()...
I 2026/01/12 16:40:30 serve.go:225: kernel [pid=1] http server [0.0.0.0:6806] is booting
I 2026/01/12 16:40:30 working.go:558: database [/opt/siyuan/workspace/temp/siyuan.db] size [5.58 MB]
I 2026/01/12 16:40:30 working.go:558: database [/opt/siyuan/workspace/temp/blocktree.db] size [671.75 kB]
I 2026/01/12 16:40:30 runtime.go:78: [BOOT] HookUILoaded started, waiting for UI connection...
I 2026/01/12 16:40:30 main.go:58: [BOOT] InitDatabase() completed
I 2026/01/12 16:40:30 main.go:60: [BOOT] Starting InitHistoryDatabase()...
I 2026/01/12 16:40:30 working.go:558: database [/opt/siyuan/workspace/temp/history.db] size [8.2 kB]
I 2026/01/12 16:40:30 main.go:62: [BOOT] InitHistoryDatabase() completed
I 2026/01/12 16:40:30 main.go:64: [BOOT] Starting InitAssetContentDatabase()...
I 2026/01/12 16:40:30 working.go:558: database [/opt/siyuan/workspace/temp/asset_content.db] size [8.2 kB]
I 2026/01/12 16:40:30 main.go:66: [BOOT] InitAssetContentDatabase() completed
I 2026/01/12 16:40:30 main.go:70: [BOOT] SQL settings configured
I 2026/01/12 16:40:30 main.go:72: [BOOT] Starting BootSyncData()...
I 2026/01/12 16:40:30 sync.go:126: [BOOT] BootSyncData() started
I 2026/01/12 16:40:30 sync.go:133: [BOOT] Sync.Perception is false, skipping WebSocket
I 2026/01/12 16:40:30 sync.go:136: [BOOT] Checking sync...
I 2026/01/12 16:40:30 sync.go:138: [BOOT] checkSync returned false, skipping sync
I 2026/01/12 16:40:30 main.go:74: [BOOT] BootSyncData() completed
I 2026/01/12 16:40:30 main.go:76: [BOOT] Starting InitBoxes()...
I 2026/01/12 16:40:30 conf.go:1055: [BOOT] InitBoxes() started
I 2026/01/12 16:40:30 conf.go:1058: [BOOT] Block count: 2, initialized: true
I 2026/01/12 16:40:30 conf.go:1061: [BOOT] Listing notebooks...
I 2026/01/12 16:40:30 conf.go:1089: [BOOT] Processing 1 opened boxes...
I 2026/01/12 16:40:30 conf.go:1091: [BOOT] Processing box [20251230113409-4y9ye0l]...
I 2026/01/12 16:40:30 conf.go:1101: tree/block count [1/2], notebooks [1]
I 2026/01/12 16:40:30 conf.go:1102: [BOOT] InitBoxes() completed
I 2026/01/12 16:40:30 main.go:78: [BOOT] InitBoxes() completed
I 2026/01/12 16:40:30 main.go:80: [BOOT] Starting LoadFlashcards()...
I 2026/01/12 16:40:30 main.go:82: [BOOT] LoadFlashcards() completed
I 2026/01/12 16:40:30 main.go:84: [BOOT] Starting LoadAssetsTexts()...
I 2026/01/12 16:40:30 main.go:86: [BOOT] LoadAssetsTexts() completed
I 2026/01/12 16:40:30 main.go:88: [BOOT] Setting booted flag...
I 2026/01/12 16:40:30 working.go:226: kernel booted
I 2026/01/12 16:40:30 main.go:90: [BOOT] Booted flag set
I 2026/01/12 16:40:30 main.go:92: [BOOT] All initialization completed successfully!
I 2026/01/12 16:40:30 font.go:57: loaded system fonts [0] in [0ms]
I 2026/01/12 16:40:30 box.go:77: auto stat [trees=1, blocks=2, dataSize=68.85 kB, assetsSize=0 B]
I 2026/01/12 16:40:31 serve.go:596: [WS] WebSocket connection attempt from [172.19.0.1:62906], URI: [/ws?app=hhasfc&id=48515b6a-6f8e-46fa-a7b5-2620b408a4ac&type=protyle]
I 2026/01/12 16:40:31 serve.go:675: [WS] WebSocket connected: app=[hhasfc], id=[48515b6a-6f8e-46fa-a7b5-2620b408a4ac], type=[protyle]
I 2026/01/12 16:40:31 serve.go:596: [WS] WebSocket connection attempt from [172.19.0.1:62930], URI: [/ws?app=hhasfc&id=49b10145-660f-4743-95a7-e5e480a8b1c5]
I 2026/01/12 16:40:31 serve.go:675: [WS] WebSocket connected: app=[hhasfc], id=[49b10145-660f-4743-95a7-e5e480a8b1c5], type=[]
I 2026/01/12 16:40:31 serve.go:596: [WS] WebSocket connection attempt from [172.19.0.1:62922], URI: [/ws?app=hhasfc&id=1c3ed4d4-2c63-4ff8-8b1c-96fa683c135b&type=filetree]
I 2026/01/12 16:40:31 serve.go:596: [WS] WebSocket connection attempt from [172.19.0.1:62916], URI: [/ws?app=hhasfc&id=8e84caad-adb6-41a8-9212-620dc5e743e5&type=main]
I 2026/01/12 16:40:31 serve.go:675: [WS] WebSocket connected: app=[hhasfc], id=[8e84caad-adb6-41a8-9212-620dc5e743e5], type=[main]
I 2026/01/12 16:40:31 serve.go:675: [WS] WebSocket connected: app=[hhasfc], id=[1c3ed4d4-2c63-4ff8-8b1c-96fa683c135b], type=[filetree]
I 2026/01/12 16:40:31 auth.go:137: Initialized 0 user accounts for login
I 2026/01/12 16:40:31 runtime.go:89: [BOOT] UI connected with 1 main session(s)
I 2026/01/12 16:40:31 cron.go:61: cron job [[RefreshRhyResultJob]] executed
I 2026/01/12 16:40:38 serve.go:596: [WS] WebSocket connection attempt from [172.19.0.1:62980], URI: [/ws?app=s0q48&id=978e691c-2296-4b57-813d-1ab199053396&type=main]
I 2026/01/12 16:40:38 serve.go:675: [WS] WebSocket connected: app=[s0q48], id=[978e691c-2296-4b57-813d-1ab199053396], type=[main]
I 2026/01/12 16:40:38 serve.go:596: [WS] WebSocket connection attempt from [172.19.0.1:62992], URI: [/ws?app=s0q48&id=6d3f9d41-f57c-4bfc-8d01-c345017e888a&type=filetree]
I 2026/01/12 16:40:38 serve.go:675: [WS] WebSocket connected: app=[s0q48], id=[6d3f9d41-f57c-4bfc-8d01-c345017e888a], type=[filetree]
I 2026/01/12 16:40:38 serve.go:596: [WS] WebSocket connection attempt from [172.19.0.1:63000], URI: [/ws?app=s0q48&id=e9f2ac68-79c6-468a-a6a9-0d9cb283a2b5&type=protyle]
I 2026/01/12 16:40:38 serve.go:675: [WS] WebSocket connected: app=[s0q48], id=[e9f2ac68-79c6-468a-a6a9-0d9cb283a2b5], type=[protyle]
I 2026/01/12 16:40:52 serve.go:596: [WS] WebSocket connection attempt from [172.19.0.1:61576], URI: [/ws?app=s0q48&id=054ea7a4-0d3a-4268-82bc-91ca454ccf95]
I 2026/01/12 16:40:52 serve.go:675: [WS] WebSocket connected: app=[s0q48], id=[054ea7a4-0d3a-4268-82bc-91ca454ccf95], type=[]
E 2026/01/12 16:40:53 logging.go:219: PANIC RECOVERED: runtime error: invalid memory address or nil pointer dereference
	/usr/local/go/src/runtime/panic.go:783 (0x47fabf)
/usr/local/go/src/runtime/panic.go:262 (0x4824e7)
/usr/local/go/src/runtime/signal_unix.go:925 (0x4824b8)
/kernel/model/cloud_service.go:486 (0x1ec8084)
/kernel/api/inbox.go:80 (0x2011b5f)
/go/pkg/mod/github.com/gin-gonic/gin@v1.11.0/context.go:192 (0x1240d67)
/kernel/model/session.go:520 (0x1f6338b)
/go/pkg/mod/github.com/gin-gonic/gin@v1.11.0/context.go:192 (0x1240d67)
/kernel/model/session.go:444 (0x1f632f7)
/go/pkg/mod/github.com/gin-gonic/gin@v1.11.0/context.go:192 (0x1240d67)
/go/pkg/mod/github.com/gin-contrib/sessions@v1.0.4/sessions.go:54 (0x206b0e3)
/go/pkg/mod/github.com/gin-gonic/gin@v1.11.0/context.go:192 (0x1240d67)
/go/pkg/mod/github.com/gin-contrib/gzip@v1.2.5/handler.go:105 (0x1fc68db)
/go/pkg/mod/github.com/gin-gonic/gin@v1.11.0/context.go:192 (0x1240d67)
/kernel/server/serve.go:956 (0x206f65f)
/go/pkg/mod/github.com/gin-gonic/gin@v1.11.0/context.go:192 (0x1240d67)
/kernel/server/serve.go:938 (0x206f4bb)
/go/pkg/mod/github.com/gin-gonic/gin@v1.11.0/context.go:192 (0x1240d67)
/kernel/model/session.go:580 (0x1f635c7)
/go/pkg/mod/github.com/gin-gonic/gin@v1.11.0/context.go:192 (0x1240d67)
/kernel/model/session.go:557 (0x1f6356f)
/go/pkg/mod/github.com/gin-gonic/gin@v1.11.0/context.go:192 (0x1240d67)
/kernel/model/session.go:624 (0x1f63b67)
/go/pkg/mod/github.com/gin-gonic/gin@v1.11.0/context.go:192 (0x1240d67)
/kernel/server/serve.go:886 (0x2071763)
/go/pkg/mod/github.com/gin-gonic/gin@v1.11.0/context.go:192 (0x1240d67)
/go/pkg/mod/github.com/gin-gonic/gin@v1.11.0/gin.go:689 (0x124c3b3)
/go/pkg/mod/github.com/gin-gonic/gin@v1.11.0/gin.go:643 (0x124bef3)
/go/pkg/mod/golang.org/x/net@v0.47.0/http2/h2c/h2c.go:125 (0x1234ea3)
/usr/local/go/src/net/http/server.go:3340 (0x71fdff)
/usr/local/go/src/net/http/server.go:2109 (0x701f57)
/usr/local/go/src/runtime/asm_arm64.s:1268 (0x488513)

I 2026/01/12 16:40:56 serve.go:596: [WS] WebSocket connection attempt from [172.19.0.1:61586], URI: [/ws?app=s0q48&id=b820d3b8-f54b-4387-98cf-208ad5ecf1c6]
I 2026/01/12 16:40:56 serve.go:675: [WS] WebSocket connected: app=[s0q48], id=[b820d3b8-f54b-4387-98cf-208ad5ecf1c6], type=[]
I 2026/01/12 16:41:10 serve.go:596: [WS] WebSocket connection attempt from [172.19.0.1:62134], URI: [/ws?app=s0q48&id=ef2b288a-3ef8-43b8-997b-e132e3b3392e]
I 2026/01/12 16:41:10 serve.go:675: [WS] WebSocket connected: app=[s0q48], id=[ef2b288a-3ef8-43b8-997b-e132e3b3392e], type=[]
I 2026/01/12 16:41:14 serve.go:596: [WS] WebSocket connection attempt from [172.19.0.1:62136], URI: [/ws?app=s0q48&id=2c0678d7-615b-44e2-aa58-c63d5d5c18e7]
I 2026/01/12 16:41:14 serve.go:675: [WS] WebSocket connected: app=[s0q48], id=[2c0678d7-615b-44e2-aa58-c63d5d5c18e7], type=[]
E 2026/01/12 16:41:18 appearance.go:47: copy appearance resources from [/opt/siyuan/appearance] to [/opt/siyuan/workspace/conf/appearance] failed: open /opt/siyuan/workspace/conf/appearance/boot/icon.png: resource deadlock avoided
E 2026/01/12 16:41:18 runtime.go:190: check file system status failed: open /opt/siyuan/workspace/conf/appearance/boot/icon.png: resource deadlock avoided, github.com/siyuan-note/siyuan/kernel/model.InitAppearance()
	/kernel/model/appearance.go:48 +0x2ec
github.com/siyuan-note/siyuan/kernel/api.setAppearance(0x400015a200)
	/kernel/api/setting.go:586 +0x214
github.com/gin-gonic/gin.(*Context).Next(0x400015a200)
	/go/pkg/mod/github.com/gin-gonic/gin@v1.11.0/context.go:192 +0x68
github.com/siyuan-note/siyuan/kernel/model.CheckAdminRole(0x400015a200)
	/kernel/model/session.go:520 +0x2c
github.com/gin-gonic/gin.(*Context).Next(0x400015a200)
	/go/pkg/mod/github.com/gin-gonic/gin@v1.11.0/context.go:192 +0x68
github.com/siyuan-note/siyuan/kernel/model.CheckAuth(0x400015a200)
	/kernel/model/session.go:444 +0x1438
github.com/gin-gonic/gin.(*Context).Next(0x400015a200)
	/go/pkg/mod/github.com/gin-gonic/gin@v1.11.0/context.go:192 +0x68
github.com/siyuan-note/siyuan/kernel/server.Serve.Sessions.func4(0x400015a200)
	/go/pkg/mod/github.com/gin-contrib/sessions@v1.0.4/sessions.go:54 +0x144
github.com/gin-gonic/gin.(*Context).Next(0x400015a200)
	/go/pkg/mod/github.com/gin-gonic/gin@v1.11.0/context.go:192 +0x68
github.com/gin-contrib/gzip.(*gzipHandler).Handle(0x4001806060, 0x400015a200)
	/go/pkg/mod/github.com/gin-contrib/gzip@v1.2.5/handler.go:105 +0x35c
github.com/gin-gonic/gin.(*Context).Next(0x400015a200)
	/go/pkg/mod/github.com/gin-gonic/gin@v1.11.0/context.go:192 +0x68
github.com/siyuan-note/siyuan/kernel/server.jwtMiddleware(0x400015a200)
	/kernel/server/serve.go:956 +0x120
github.com/gin-gonic/gin.(*Context).Next(0x400015a200)
	/go/pkg/mod/github.com/gin-gonic/gin@v1.11.0/context.go:192 +0x68
github.com/siyuan-note/siyuan/kernel/server.corsMiddleware.func1(0x400015a200)
	/kernel/server/serve.go:938 +0x21c
github.com/gin-gonic/gin.(*Context).Next(0x400015a200)
	/go/pkg/mod/github.com/gin-gonic/gin@v1.11.0/context.go:192 +0x68
github.com/siyuan-note/siyuan/kernel/model.Recover(0x400121d578?)
	/kernel/model/session.go:580 +0x38
github.com/gin-gonic/gin.(*Context).Next(0x400015a200)
	/go/pkg/mod/github.com/gin-gonic/gin@v1.11.0/context.go:192 +0x68
github.com/siyuan-note/siyuan/kernel/model.Timing(0x400015a200)
	/kernel/model/session.go:557 +0x1b0
github.com/gin-gonic/gin.(*Context).Next(0x400015a200)
	/go/pkg/mod/github.com/gin-gonic/gin@v1.11.0/context.go:192 +0x68
github.com/siyuan-note/siyuan/kernel/model.ControlConcurrency(0x400015a200)
	/kernel/model/session.go:638 +0x73c
github.com/gin-gonic/gin.(*Context).Next(0x400015a200)
	/go/pkg/mod/github.com/gin-gonic/gin@v1.11.0/context.go:192 +0x68
github.com/siyuan-note/siyuan/kernel/server.Serve.metricsMiddleware.func2(0x400015a200)
	/kernel/server/serve.go:886 +0x54
github.com/gin-gonic/gin.(*Context).Next(0x400015a200)
	/go/pkg/mod/github.com/gin-gonic/gin@v1.11.0/context.go:192 +0x68
github.com/gin-gonic/gin.(*Engine).handleHTTPRequest(0x4001804000, 0x400015a200)
	/go/pkg/mod/github.com/gin-gonic/gin@v1.11.0/gin.go:689 +0x314
github.com/gin-gonic/gin.(*Engine).ServeHTTP(0x4001804000, {0x2ca9440, 0x40022b52c0}, 0x4000133180)
	/go/pkg/mod/github.com/gin-gonic/gin@v1.11.0/gin.go:643 +0x154
golang.org/x/net/http2/h2c.h2cHandler.ServeHTTP({{0x2c92680?, 0x4001804000?}, 0x4001825320?}, {0x2ca9440, 0x40022b52c0}, 0x4000133180)
	/go/pkg/mod/golang.org/x/net@v0.47.0/http2/h2c/h2c.go:125 +0x474
net/http.serverHandler.ServeHTTP({0x2c9bad8?}, {0x2ca9440?, 0x40022b52c0?}, 0x6?)
	/usr/local/go/src/net/http/server.go:3340 +0xb0
net/http.(*conn).serve(0x40000fbdd0, {0x2caf9a0, 0x4001806780})
	/usr/local/go/src/net/http/server.go:2109 +0x528
created by net/http.(*Server).Serve in goroutine 40
	/usr/local/go/src/net/http/server.go:3493 +0x384
E 2026/01/12 16:41:21 appearance.go:47: copy appearance resources from [/opt/siyuan/appearance] to [/opt/siyuan/workspace/conf/appearance] failed: open /opt/siyuan/workspace/conf/appearance/boot/icon.png: resource deadlock avoided
E 2026/01/12 16:41:21 runtime.go:190: check file system status failed: open /opt/siyuan/workspace/conf/appearance/boot/icon.png: resource deadlock avoided, github.com/siyuan-note/siyuan/kernel/model.InitAppearance()
	/kernel/model/appearance.go:48 +0x2ec
github.com/siyuan-note/siyuan/kernel/api.setAppearance(0x400015a300)
	/kernel/api/setting.go:586 +0x214
github.com/gin-gonic/gin.(*Context).Next(0x400015a300)
	/go/pkg/mod/github.com/gin-gonic/gin@v1.11.0/context.go:192 +0x68
github.com/siyuan-note/siyuan/kernel/model.CheckAdminRole(0x400015a300)
	/kernel/model/session.go:520 +0x2c
github.com/gin-gonic/gin.(*Context).Next(0x400015a300)
	/go/pkg/mod/github.com/gin-gonic/gin@v1.11.0/context.go:192 +0x68
github.com/siyuan-note/siyuan/kernel/model.CheckAuth(0x400015a300)
	/kernel/model/session.go:444 +0x1438
github.com/gin-gonic/gin.(*Context).Next(0x400015a300)
	/go/pkg/mod/github.com/gin-gonic/gin@v1.11.0/context.go:192 +0x68
github.com/siyuan-note/siyuan/kernel/server.Serve.Sessions.func4(0x400015a300)
	/go/pkg/mod/github.com/gin-contrib/sessions@v1.0.4/sessions.go:54 +0x144
github.com/gin-gonic/gin.(*Context).Next(0x400015a300)
	/go/pkg/mod/github.com/gin-gonic/gin@v1.11.0/context.go:192 +0x68
github.com/gin-contrib/gzip.(*gzipHandler).Handle(0x4001806060, 0x400015a300)
	/go/pkg/mod/github.com/gin-contrib/gzip@v1.2.5/handler.go:105 +0x35c
github.com/gin-gonic/gin.(*Context).Next(0x400015a300)
	/go/pkg/mod/github.com/gin-gonic/gin@v1.11.0/context.go:192 +0x68
github.com/siyuan-note/siyuan/kernel/server.jwtMiddleware(0x400015a300)
	/kernel/server/serve.go:956 +0x120
github.com/gin-gonic/gin.(*Context).Next(0x400015a300)
	/go/pkg/mod/github.com/gin-gonic/gin@v1.11.0/context.go:192 +0x68
github.com/siyuan-note/siyuan/kernel/server.corsMiddleware.func1(0x400015a300)
	/kernel/server/serve.go:938 +0x21c
github.com/gin-gonic/gin.(*Context).Next(0x400015a300)
	/go/pkg/mod/github.com/gin-gonic/gin@v1.11.0/context.go:192 +0x68
github.com/siyuan-note/siyuan/kernel/model.Recover(0x40?)
	/kernel/model/session.go:580 +0x38
github.com/gin-gonic/gin.(*Context).Next(0x400015a300)
	/go/pkg/mod/github.com/gin-gonic/gin@v1.11.0/context.go:192 +0x68
github.com/siyuan-note/siyuan/kernel/model.Timing(0x400015a300)
	/kernel/model/session.go:557 +0x1b0
github.com/gin-gonic/gin.(*Context).Next(0x400015a300)
	/go/pkg/mod/github.com/gin-gonic/gin@v1.11.0/context.go:192 +0x68
github.com/siyuan-note/siyuan/kernel/model.ControlConcurrency(0x400015a300)
	/kernel/model/session.go:638 +0x73c
github.com/gin-gonic/gin.(*Context).Next(0x400015a300)
	/go/pkg/mod/github.com/gin-gonic/gin@v1.11.0/context.go:192 +0x68
github.com/siyuan-note/siyuan/kernel/server.Serve.metricsMiddleware.func2(0x400015a300)
	/kernel/server/serve.go:886 +0x54
github.com/gin-gonic/gin.(*Context).Next(0x400015a300)
	/go/pkg/mod/github.com/gin-gonic/gin@v1.11.0/context.go:192 +0x68
github.com/gin-gonic/gin.(*Engine).handleHTTPRequest(0x4001804000, 0x400015a300)
	/go/pkg/mod/github.com/gin-gonic/gin@v1.11.0/gin.go:689 +0x314
github.com/gin-gonic/gin.(*Engine).ServeHTTP(0x4001804000, {0x2ca9440, 0x4001994ff0}, 0x40013ff900)
	/go/pkg/mod/github.com/gin-gonic/gin@v1.11.0/gin.go:643 +0x154
golang.org/x/net/http2/h2c.h2cHandler.ServeHTTP({{0x2c92680?, 0x4001804000?}, 0x4001825320?}, {0x2ca9440, 0x4001994ff0}, 0x40013ff900)
	/go/pkg/mod/golang.org/x/net@v0.47.0/http2/h2c/h2c.go:125 +0x474
net/http.serverHandler.ServeHTTP({0x2c9bad8?}, {0x2ca9440?, 0x4001994ff0?}, 0x6?)
	/usr/local/go/src/net/http/server.go:3340 +0xb0
net/http.(*conn).serve(0x40000fbdd0, {0x2caf9a0, 0x4001806780})
	/usr/local/go/src/net/http/server.go:2109 +0x528
created by net/http.(*Server).Serve in goroutine 40
	/usr/local/go/src/net/http/server.go:3493 +0x384
I 2026/01/12 16:41:25 workspace.go:245: workspace paths [[/opt/siyuan/workspace]]
I 2026/01/12 16:41:25 workspace.go:249: get workspace [/opt/siyuan/workspace]
I 2026/01/12 16:41:25 workspace.go:252: workspace [/opt/siyuan/workspace] is closed
E 2026/01/12 16:41:30 cloud_service.go:326: write announcement conf failed: open /home/siyuan/.config/siyuan/announcement.json: no such file or directory
E 2026/01/12 16:42:20 ollama.go:241: Ollama API request failed: Post "http://localhost:11434/api/chat": dial tcp [::1]:11434: connect: connection refused
I 2026/01/12 16:43:07 process.go:36: received os signal [terminated], exit kernel process now
I 2026/01/12 16:43:07 conf.go:807: exiting kernel [force=false, setCurrentWorkspace=true, execInstallPkg=1]
I 2026/01/12 16:43:07 database.go:1365: closed database
I 2026/01/12 16:43:07 conf.go:1277: cleared workspace temp
I 2026/01/12 16:43:08 sync.go:833: sync websocket closed
I 2026/01/12 16:43:08 conf.go:877: exited kernel
I 2026/01/12 16:43:10 working.go:180: 
      ___                                   ___           ___           ___
     /  /\        ___           ___        /__/\         /  /\         /__/\
    /  /:/_      /  /\         /__/|       \  \:\       /  /::\        \  \:\
   /  /:/ /\    /  /:/        |  |:|        \  \:\     /  /:/\:\        \  \:\
  /  /:/ /::\  /__/::\        |  |:|    ___  \  \:\   /  /:/~/::\   _____\__\:\
 /__/:/ /:/\:\ \__\/\:\__   __|__|:|   /__/\  \__\:\ /__/:/ /:/\:\ /__/::::::::\
 \  \:\/:/~/:/    \  \:\/\ /__/::::\   \  \:\ /  /:/ \  \:\/:/__\/ \  \:\~~\~~\/
  \  \::/ /:/      \__\::/    ~\~~\:\   \  \:\  /:/   \  \::/       \  \:\  ~~~
   \__\/ /:/       /__/:/       \  \:\   \  \:\/:/     \  \:\        \  \:\
     /__/:/        \__\/         \__\/    \  \::/       \  \:\        \  \:\
     \__\/                                 \__\/         \__\/         \__\/
I 2026/01/12 16:43:10 runtime.go:108: kernel is booting:
    * ver [3.4.2]
    * arch [arm64]
    * os [alpine]
    * pid [1]
    * runtime mode [prod]
    * working directory [/opt/siyuan]
    * read only [false]
    * container [docker]
    * database [ver=20220501]
    * workspace directory [/opt/siyuan/workspace]
I 2026/01/12 16:43:10 main.go:41: [BOOT] Boot() completed
I 2026/01/12 16:43:10 conf.go:129: loaded conf [/opt/siyuan/workspace/conf/conf.json]
I 2026/01/12 16:43:10 auth.go:137: Initialized 0 user accounts for login
W 2026/01/12 16:43:10 ollama_setup.go:31: Ollama server not available at http://localhost:11434
I 2026/01/12 16:43:10 ollama_setup.go:32: To use Ollama AI, please install Ollama from https://ollama.ai and start the server
I 2026/01/12 16:43:10 conf.go:627: Ollama API enabled (default)
    baseURL=http://localhost:11434
    timeout=30s
    proxy=
    model=nemotron-3-nano:30b-cloud
    maxTokens=0
    temperature=1.0
    maxContexts=7
W 2026/01/12 16:43:10 ollama_setup.go:81: Ollama server not available: Get "http://localhost:11434/api/tags": dial tcp [::1]:11434: connect: connection refused (this is OK if Ollama is not running)
I 2026/01/12 16:43:10 runtime.go:160: use network proxy [system]
I 2026/01/12 16:43:10 main.go:45: [BOOT] InitConf() completed
I 2026/01/12 16:43:10 main.go:49: [BOOT] Server started in goroutine
I 2026/01/12 16:43:10 main.go:52: [BOOT] Starting InitAppearance()...
E 2026/01/12 16:43:10 appearance.go:47: copy appearance resources from [/opt/siyuan/appearance] to [/opt/siyuan/workspace/conf/appearance] failed: open /opt/siyuan/workspace/conf/appearance/boot/icon.png: resource deadlock avoided
E 2026/01/12 16:43:10 runtime.go:190: check file system status failed: open /opt/siyuan/workspace/conf/appearance/boot/icon.png: resource deadlock avoided, github.com/siyuan-note/siyuan/kernel/model.InitAppearance()
	/kernel/model/appearance.go:48 +0x2ec
main.main()
	/kernel/main.go:53 +0xbc
I 2026/01/12 16:43:10 main.go:54: [BOOT] InitAppearance() completed
I 2026/01/12 16:43:10 main.go:56: [BOOT] Starting InitDatabase()...
I 2026/01/12 16:43:10 serve.go:225: kernel [pid=1] http server [0.0.0.0:6806] is booting
I 2026/01/12 16:43:10 working.go:558: database [/opt/siyuan/workspace/temp/siyuan.db] size [5.58 MB]
I 2026/01/12 16:43:10 working.go:558: database [/opt/siyuan/workspace/temp/blocktree.db] size [671.75 kB]
I 2026/01/12 16:43:10 runtime.go:78: [BOOT] HookUILoaded started, waiting for UI connection...
I 2026/01/12 16:43:10 main.go:58: [BOOT] InitDatabase() completed
I 2026/01/12 16:43:10 main.go:60: [BOOT] Starting InitHistoryDatabase()...
I 2026/01/12 16:43:10 working.go:558: database [/opt/siyuan/workspace/temp/history.db] size [8.2 kB]
I 2026/01/12 16:43:10 main.go:62: [BOOT] InitHistoryDatabase() completed
I 2026/01/12 16:43:10 main.go:64: [BOOT] Starting InitAssetContentDatabase()...
I 2026/01/12 16:43:10 working.go:558: database [/opt/siyuan/workspace/temp/asset_content.db] size [8.2 kB]
I 2026/01/12 16:43:10 main.go:66: [BOOT] InitAssetContentDatabase() completed
I 2026/01/12 16:43:10 main.go:70: [BOOT] SQL settings configured
I 2026/01/12 16:43:10 main.go:72: [BOOT] Starting BootSyncData()...
I 2026/01/12 16:43:10 sync.go:126: [BOOT] BootSyncData() started
I 2026/01/12 16:43:10 sync.go:133: [BOOT] Sync.Perception is false, skipping WebSocket
I 2026/01/12 16:43:10 sync.go:136: [BOOT] Checking sync...
I 2026/01/12 16:43:10 sync.go:138: [BOOT] checkSync returned false, skipping sync
I 2026/01/12 16:43:10 main.go:74: [BOOT] BootSyncData() completed
I 2026/01/12 16:43:10 main.go:76: [BOOT] Starting InitBoxes()...
I 2026/01/12 16:43:10 conf.go:1055: [BOOT] InitBoxes() started
I 2026/01/12 16:43:10 conf.go:1058: [BOOT] Block count: 2, initialized: true
I 2026/01/12 16:43:10 conf.go:1061: [BOOT] Listing notebooks...
I 2026/01/12 16:43:10 conf.go:1089: [BOOT] Processing 1 opened boxes...
I 2026/01/12 16:43:10 conf.go:1091: [BOOT] Processing box [20251230113409-4y9ye0l]...
I 2026/01/12 16:43:10 conf.go:1101: tree/block count [1/2], notebooks [1]
I 2026/01/12 16:43:10 conf.go:1102: [BOOT] InitBoxes() completed
I 2026/01/12 16:43:10 main.go:78: [BOOT] InitBoxes() completed
I 2026/01/12 16:43:10 main.go:80: [BOOT] Starting LoadFlashcards()...
I 2026/01/12 16:43:10 main.go:82: [BOOT] LoadFlashcards() completed
I 2026/01/12 16:43:10 main.go:84: [BOOT] Starting LoadAssetsTexts()...
I 2026/01/12 16:43:10 main.go:86: [BOOT] LoadAssetsTexts() completed
I 2026/01/12 16:43:10 main.go:88: [BOOT] Setting booted flag...
I 2026/01/12 16:43:10 working.go:226: kernel booted
I 2026/01/12 16:43:10 main.go:90: [BOOT] Booted flag set
I 2026/01/12 16:43:10 main.go:92: [BOOT] All initialization completed successfully!
I 2026/01/12 16:43:10 font.go:57: loaded system fonts [0] in [0ms]
I 2026/01/12 16:43:11 box.go:77: auto stat [trees=1, blocks=2, dataSize=69.04 kB, assetsSize=0 B]
I 2026/01/12 16:43:11 auth.go:137: Initialized 0 user accounts for login
I 2026/01/12 16:43:12 cron.go:61: cron job [[RefreshRhyResultJob]] executed
W 2026/01/12 16:43:15 runtime.go:83: [BOOT] HookUILoaded timeout after 5 seconds, continuing anyway
E 2026/01/12 16:44:11 cloud_service.go:326: write announcement conf failed: open /home/siyuan/.config/siyuan/announcement.json: no such file or directory
I 2026/01/12 16:45:23 serve.go:596: [WS] WebSocket connection attempt from [172.19.0.1:56188], URI: [/ws?app=0gke&id=39d2cf15-c353-40a1-b0f6-7cc313585503&type=main]
I 2026/01/12 16:45:23 serve.go:675: [WS] WebSocket connected: app=[0gke], id=[39d2cf15-c353-40a1-b0f6-7cc313585503], type=[main]
I 2026/01/12 16:45:23 serve.go:596: [WS] WebSocket connection attempt from [172.19.0.1:56212], URI: [/ws?app=0gke&id=6d067eb5-9c83-42ee-b505-3ed76fffcf2a&type=filetree]
I 2026/01/12 16:45:23 serve.go:675: [WS] WebSocket connected: app=[0gke], id=[6d067eb5-9c83-42ee-b505-3ed76fffcf2a], type=[filetree]
I 2026/01/12 16:45:23 serve.go:596: [WS] WebSocket connection attempt from [172.19.0.1:56216], URI: [/ws?app=0gke&id=8cb25cc5-88a8-4359-a623-92ee2e19c458]
I 2026/01/12 16:45:23 serve.go:675: [WS] WebSocket connected: app=[0gke], id=[8cb25cc5-88a8-4359-a623-92ee2e19c458], type=[]
I 2026/01/12 16:45:23 serve.go:596: [WS] WebSocket connection attempt from [172.19.0.1:56230], URI: [/ws?app=0gke&id=7aaa0ebf-5f61-4bb8-8863-679090c9d8f5&type=protyle]
I 2026/01/12 16:45:23 serve.go:675: [WS] WebSocket connected: app=[0gke], id=[7aaa0ebf-5f61-4bb8-8863-679090c9d8f5], type=[protyle]
I 2026/01/12 16:45:56 workspace.go:245: workspace paths [[/opt/siyuan/workspace]]
I 2026/01/12 16:45:56 workspace.go:249: get workspace [/opt/siyuan/workspace]
I 2026/01/12 16:45:56 workspace.go:252: workspace [/opt/siyuan/workspace] is closed
I 2026/01/12 16:46:03 auth.go:137: Initialized 0 user accounts for login
E 2026/01/12 16:46:03 repository.go:2283: get cloud repo stat failed: cloud account auth failed
E 2026/01/12 16:46:32 repository.go:2283: get cloud repo stat failed: cloud account auth failed
I 2026/01/12 16:46:52 serve.go:596: [WS] WebSocket connection attempt from [172.19.0.1:56026], URI: [/ws?app=siyuan&id=auth]
I 2026/01/12 16:46:52 serve.go:675: [WS] WebSocket connected: app=[siyuan], id=[auth], type=[]
E 2026/01/12 16:48:49 appearance.go:47: copy appearance resources from [/opt/siyuan/appearance] to [/opt/siyuan/workspace/conf/appearance] failed: open /opt/siyuan/workspace/conf/appearance/boot/icon.png: resource deadlock avoided
E 2026/01/12 16:48:49 runtime.go:190: check file system status failed: open /opt/siyuan/workspace/conf/appearance/boot/icon.png: resource deadlock avoided, github.com/siyuan-note/siyuan/kernel/model.InitAppearance()
	/kernel/model/appearance.go:48 +0x2ec
github.com/siyuan-note/siyuan/kernel/api.setAppearance(0x40002fe400)
	/kernel/api/setting.go:586 +0x214
github.com/gin-gonic/gin.(*Context).Next(0x40002fe400)
	/go/pkg/mod/github.com/gin-gonic/gin@v1.11.0/context.go:192 +0x68
github.com/siyuan-note/siyuan/kernel/model.CheckAdminRole(0x40002fe400)
	/kernel/model/session.go:520 +0x2c
github.com/gin-gonic/gin.(*Context).Next(0x40002fe400)
	/go/pkg/mod/github.com/gin-gonic/gin@v1.11.0/context.go:192 +0x68
github.com/siyuan-note/siyuan/kernel/model.CheckAuth(0x40002fe400)
	/kernel/model/session.go:444 +0x1438
github.com/gin-gonic/gin.(*Context).Next(0x40002fe400)
	/go/pkg/mod/github.com/gin-gonic/gin@v1.11.0/context.go:192 +0x68
github.com/siyuan-note/siyuan/kernel/server.Serve.Sessions.func4(0x40002fe400)
	/go/pkg/mod/github.com/gin-contrib/sessions@v1.0.4/sessions.go:54 +0x144
github.com/gin-gonic/gin.(*Context).Next(0x40002fe400)
	/go/pkg/mod/github.com/gin-gonic/gin@v1.11.0/context.go:192 +0x68
github.com/gin-contrib/gzip.(*gzipHandler).Handle(0x4001686180, 0x40002fe400)
	/go/pkg/mod/github.com/gin-contrib/gzip@v1.2.5/handler.go:105 +0x35c
github.com/gin-gonic/gin.(*Context).Next(0x40002fe400)
	/go/pkg/mod/github.com/gin-gonic/gin@v1.11.0/context.go:192 +0x68
github.com/siyuan-note/siyuan/kernel/server.jwtMiddleware(0x40002fe400)
	/kernel/server/serve.go:956 +0x120
github.com/gin-gonic/gin.(*Context).Next(0x40002fe400)
	/go/pkg/mod/github.com/gin-gonic/gin@v1.11.0/context.go:192 +0x68
github.com/siyuan-note/siyuan/kernel/server.corsMiddleware.func1(0x40002fe400)
	/kernel/server/serve.go:938 +0x21c
github.com/gin-gonic/gin.(*Context).Next(0x40002fe400)
	/go/pkg/mod/github.com/gin-gonic/gin@v1.11.0/context.go:192 +0x68
github.com/siyuan-note/siyuan/kernel/model.Recover(0x4000660578?)
	/kernel/model/session.go:580 +0x38
github.com/gin-gonic/gin.(*Context).Next(0x40002fe400)
	/go/pkg/mod/github.com/gin-gonic/gin@v1.11.0/context.go:192 +0x68
github.com/siyuan-note/siyuan/kernel/model.Timing(0x40002fe400)
	/kernel/model/session.go:557 +0x1b0
github.com/gin-gonic/gin.(*Context).Next(0x40002fe400)
	/go/pkg/mod/github.com/gin-gonic/gin@v1.11.0/context.go:192 +0x68
github.com/siyuan-note/siyuan/kernel/model.ControlConcurrency(0x40002fe400)
	/kernel/model/session.go:638 +0x73c
github.com/gin-gonic/gin.(*Context).Next(0x40002fe400)
	/go/pkg/mod/github.com/gin-gonic/gin@v1.11.0/context.go:192 +0x68
github.com/siyuan-note/siyuan/kernel/server.Serve.metricsMiddleware.func2(0x40002fe400)
	/kernel/server/serve.go:886 +0x54
github.com/gin-gonic/gin.(*Context).Next(0x40002fe400)
	/go/pkg/mod/github.com/gin-gonic/gin@v1.11.0/context.go:192 +0x68
github.com/gin-gonic/gin.(*Engine).handleHTTPRequest(0x400165e340, 0x40002fe400)
	/go/pkg/mod/github.com/gin-gonic/gin@v1.11.0/gin.go:689 +0x314
github.com/gin-gonic/gin.(*Engine).ServeHTTP(0x400165e340, {0x2ca9440, 0x40004a05a0}, 0x400143c500)
	/go/pkg/mod/github.com/gin-gonic/gin@v1.11.0/gin.go:643 +0x154
golang.org/x/net/http2/h2c.h2cHandler.ServeHTTP({{0x2c92680?, 0x400165e340?}, 0x40016cca80?}, {0x2ca9440, 0x40004a05a0}, 0x400143c500)
	/go/pkg/mod/golang.org/x/net@v0.47.0/http2/h2c/h2c.go:125 +0x474
net/http.serverHandler.ServeHTTP({0x2c9bad8?}, {0x2ca9440?, 0x40004a05a0?}, 0x6?)
	/usr/local/go/src/net/http/server.go:3340 +0xb0
net/http.(*conn).serve(0x4001312c60, {0x2caf9a0, 0x4001686840})
	/usr/local/go/src/net/http/server.go:2109 +0x528
created by net/http.(*Server).Serve in goroutine 84
	/usr/local/go/src/net/http/server.go:3493 +0x384
I 2026/01/12 16:48:49 serve.go:596: [WS] WebSocket connection attempt from [172.19.0.1:59812], URI: [/ws?app=yee1&id=0942512e-06f9-4edf-8cb1-ec9c7a10ef38&type=main]
I 2026/01/12 16:48:49 serve.go:675: [WS] WebSocket connected: app=[yee1], id=[0942512e-06f9-4edf-8cb1-ec9c7a10ef38], type=[main]
I 2026/01/12 16:48:50 serve.go:596: [WS] WebSocket connection attempt from [172.19.0.1:59850], URI: [/ws?app=yee1&id=54514132-cdf1-4db2-8c26-a5d4ad39d6aa&type=filetree]
I 2026/01/12 16:48:50 serve.go:675: [WS] WebSocket connected: app=[yee1], id=[54514132-cdf1-4db2-8c26-a5d4ad39d6aa], type=[filetree]
I 2026/01/12 16:48:50 serve.go:596: [WS] WebSocket connection attempt from [172.19.0.1:59854], URI: [/ws?app=yee1&id=398703b8-6682-4e5f-a286-0abc8e38d2c5]
I 2026/01/12 16:48:50 serve.go:675: [WS] WebSocket connected: app=[yee1], id=[398703b8-6682-4e5f-a286-0abc8e38d2c5], type=[]
I 2026/01/12 16:48:50 serve.go:596: [WS] WebSocket connection attempt from [172.19.0.1:59860], URI: [/ws?app=yee1&id=d946c478-3bf9-4d37-9b5b-69be54e8daf4&type=protyle]
I 2026/01/12 16:48:50 serve.go:675: [WS] WebSocket connected: app=[yee1], id=[d946c478-3bf9-4d37-9b5b-69be54e8daf4], type=[protyle]
I 2026/01/12 16:49:08 serve.go:596: [WS] WebSocket connection attempt from [172.19.0.1:61730], URI: [/ws?app=yee1&id=7878fbc2-7c17-4b42-84e6-7b69091c432e]
I 2026/01/12 16:49:08 serve.go:675: [WS] WebSocket connected: app=[yee1], id=[7878fbc2-7c17-4b42-84e6-7b69091c432e], type=[]
I 2026/01/12 16:49:12 serve.go:596: [WS] WebSocket connection attempt from [172.19.0.1:57062], URI: [/ws?app=yee1&id=3f35229e-598f-4e0e-a5a1-a7ed24737e6f&type=protyle]
I 2026/01/12 16:49:12 serve.go:675: [WS] WebSocket connected: app=[yee1], id=[3f35229e-598f-4e0e-a5a1-a7ed24737e6f], type=[protyle]
I 2026/01/12 16:49:32 serve.go:596: [WS] WebSocket connection attempt from [172.19.0.1:64968], URI: [/ws?app=au2a3&id=0b4ce41d-7512-40ba-bc2c-4bbbfa40af1a&type=filetree]
I 2026/01/12 16:49:32 serve.go:596: [WS] WebSocket connection attempt from [172.19.0.1:64952], URI: [/ws?app=au2a3&id=1dde1833-6346-46a2-a3be-0339b72a9e8b&type=main]
I 2026/01/12 16:49:32 serve.go:675: [WS] WebSocket connected: app=[au2a3], id=[1dde1833-6346-46a2-a3be-0339b72a9e8b], type=[main]
I 2026/01/12 16:49:32 serve.go:675: [WS] WebSocket connected: app=[au2a3], id=[0b4ce41d-7512-40ba-bc2c-4bbbfa40af1a], type=[filetree]
E 2026/01/12 16:49:56 ollama.go:241: Ollama API request failed: Post "http://localhost:11434/api/chat": dial tcp [::1]:11434: connect: connection refused
E 2026/01/12 16:50:13 ollama.go:241: Ollama API request failed: Post "http://localhost:11434/api/chat": dial tcp [::1]:11434: connect: connection refused
I 2026/01/12 16:50:35 process.go:36: received os signal [terminated], exit kernel process now
I 2026/01/12 16:50:35 conf.go:807: exiting kernel [force=false, setCurrentWorkspace=true, execInstallPkg=1]
I 2026/01/12 16:50:35 database.go:1365: closed database
I 2026/01/12 16:50:35 conf.go:1277: cleared workspace temp
I 2026/01/12 16:50:35 sync.go:833: sync websocket closed
I 2026/01/12 16:50:36 conf.go:877: exited kernel
I 2026/01/12 16:50:38 working.go:180: 
      ___                                   ___           ___           ___
     /  /\        ___           ___        /__/\         /  /\         /__/\
    /  /:/_      /  /\         /__/|       \  \:\       /  /::\        \  \:\
   /  /:/ /\    /  /:/        |  |:|        \  \:\     /  /:/\:\        \  \:\
  /  /:/ /::\  /__/::\        |  |:|    ___  \  \:\   /  /:/~/::\   _____\__\:\
 /__/:/ /:/\:\ \__\/\:\__   __|__|:|   /__/\  \__\:\ /__/:/ /:/\:\ /__/::::::::\
 \  \:\/:/~/:/    \  \:\/\ /__/::::\   \  \:\ /  /:/ \  \:\/:/__\/ \  \:\~~\~~\/
  \  \::/ /:/      \__\::/    ~\~~\:\   \  \:\  /:/   \  \::/       \  \:\  ~~~
   \__\/ /:/       /__/:/       \  \:\   \  \:\/:/     \  \:\        \  \:\
     /__/:/        \__\/         \__\/    \  \::/       \  \:\        \  \:\
     \__\/                                 \__\/         \__\/         \__\/
I 2026/01/12 16:50:38 runtime.go:108: kernel is booting:
    * ver [3.4.2]
    * arch [arm64]
    * os [alpine]
    * pid [1]
    * runtime mode [prod]
    * working directory [/opt/siyuan]
    * read only [false]
    * container [docker]
    * database [ver=20220501]
    * workspace directory [/opt/siyuan/workspace]
I 2026/01/12 16:50:38 main.go:41: [BOOT] Boot() completed
I 2026/01/12 16:50:38 conf.go:129: loaded conf [/opt/siyuan/workspace/conf/conf.json]
I 2026/01/12 16:50:38 auth.go:137: Initialized 0 user accounts for login
I 2026/01/12 16:50:38 conf.go:627: Ollama API enabled (default)
    baseURL=http://localhost:11434
    timeout=30s
    proxy=
    model=nemotron-3-nano:30b-cloud
    maxTokens=0
    temperature=1.0
    maxContexts=7
I 2026/01/12 16:50:38 runtime.go:160: use network proxy [system]
I 2026/01/12 16:50:38 main.go:45: [BOOT] InitConf() completed
I 2026/01/12 16:50:38 main.go:49: [BOOT] Server started in goroutine
I 2026/01/12 16:50:38 main.go:52: [BOOT] Starting InitAppearance()...
W 2026/01/12 16:50:38 ollama_setup.go:31: Ollama server not available at http://localhost:11434
I 2026/01/12 16:50:38 ollama_setup.go:32: To use Ollama AI, please install Ollama from https://ollama.ai and start the server
W 2026/01/12 16:50:38 ollama_setup.go:81: Ollama server not available: Get "http://localhost:11434/api/tags": dial tcp [::1]:11434: connect: connection refused (this is OK if Ollama is not running)
E 2026/01/12 16:50:38 appearance.go:47: copy appearance resources from [/opt/siyuan/appearance] to [/opt/siyuan/workspace/conf/appearance] failed: open /opt/siyuan/workspace/conf/appearance/boot/icon.png: resource deadlock avoided
E 2026/01/12 16:50:38 runtime.go:190: check file system status failed: open /opt/siyuan/workspace/conf/appearance/boot/icon.png: resource deadlock avoided, github.com/siyuan-note/siyuan/kernel/model.InitAppearance()
	/kernel/model/appearance.go:48 +0x2ec
main.main()
	/kernel/main.go:53 +0xbc
I 2026/01/12 16:50:38 main.go:54: [BOOT] InitAppearance() completed
I 2026/01/12 16:50:38 main.go:56: [BOOT] Starting InitDatabase()...
I 2026/01/12 16:50:38 serve.go:225: kernel [pid=1] http server [0.0.0.0:6806] is booting
I 2026/01/12 16:50:38 working.go:558: database [/opt/siyuan/workspace/temp/siyuan.db] size [5.58 MB]
I 2026/01/12 16:50:38 working.go:558: database [/opt/siyuan/workspace/temp/blocktree.db] size [671.75 kB]
I 2026/01/12 16:50:38 runtime.go:78: [BOOT] HookUILoaded started, waiting for UI connection...
I 2026/01/12 16:50:38 main.go:58: [BOOT] InitDatabase() completed
I 2026/01/12 16:50:38 main.go:60: [BOOT] Starting InitHistoryDatabase()...
I 2026/01/12 16:50:38 working.go:558: database [/opt/siyuan/workspace/temp/history.db] size [8.2 kB]
I 2026/01/12 16:50:38 main.go:62: [BOOT] InitHistoryDatabase() completed
I 2026/01/12 16:50:38 main.go:64: [BOOT] Starting InitAssetContentDatabase()...
I 2026/01/12 16:50:38 working.go:558: database [/opt/siyuan/workspace/temp/asset_content.db] size [8.2 kB]
I 2026/01/12 16:50:38 main.go:66: [BOOT] InitAssetContentDatabase() completed
I 2026/01/12 16:50:38 main.go:70: [BOOT] SQL settings configured
I 2026/01/12 16:50:38 main.go:72: [BOOT] Starting BootSyncData()...
I 2026/01/12 16:50:38 sync.go:126: [BOOT] BootSyncData() started
I 2026/01/12 16:50:38 sync.go:133: [BOOT] Sync.Perception is false, skipping WebSocket
I 2026/01/12 16:50:38 sync.go:136: [BOOT] Checking sync...
I 2026/01/12 16:50:38 sync.go:138: [BOOT] checkSync returned false, skipping sync
I 2026/01/12 16:50:38 main.go:74: [BOOT] BootSyncData() completed
I 2026/01/12 16:50:38 main.go:76: [BOOT] Starting InitBoxes()...
I 2026/01/12 16:50:38 conf.go:1055: [BOOT] InitBoxes() started
I 2026/01/12 16:50:38 conf.go:1058: [BOOT] Block count: 5, initialized: true
I 2026/01/12 16:50:38 conf.go:1061: [BOOT] Listing notebooks...
I 2026/01/12 16:50:38 conf.go:1089: [BOOT] Processing 1 opened boxes...
I 2026/01/12 16:50:38 conf.go:1091: [BOOT] Processing box [20251230113409-4y9ye0l]...
I 2026/01/12 16:50:38 conf.go:1101: tree/block count [2/5], notebooks [1]
I 2026/01/12 16:50:38 conf.go:1102: [BOOT] InitBoxes() completed
I 2026/01/12 16:50:38 main.go:78: [BOOT] InitBoxes() completed
I 2026/01/12 16:50:38 main.go:80: [BOOT] Starting LoadFlashcards()...
I 2026/01/12 16:50:38 main.go:82: [BOOT] LoadFlashcards() completed
I 2026/01/12 16:50:38 main.go:84: [BOOT] Starting LoadAssetsTexts()...
I 2026/01/12 16:50:38 main.go:86: [BOOT] LoadAssetsTexts() completed
I 2026/01/12 16:50:38 main.go:88: [BOOT] Setting booted flag...
I 2026/01/12 16:50:38 working.go:226: kernel booted
I 2026/01/12 16:50:38 main.go:90: [BOOT] Booted flag set
I 2026/01/12 16:50:38 main.go:92: [BOOT] All initialization completed successfully!
I 2026/01/12 16:50:38 font.go:57: loaded system fonts [0] in [0ms]
I 2026/01/12 16:50:38 box.go:77: auto stat [trees=2, blocks=5, dataSize=69.88 kB, assetsSize=0 B]
I 2026/01/12 16:50:39 auth.go:137: Initialized 0 user accounts for login
I 2026/01/12 16:50:39 serve.go:596: [WS] WebSocket connection attempt from [172.19.0.1:63176], URI: [/ws?app=yee1&id=54514132-cdf1-4db2-8c26-a5d4ad39d6aa&type=filetree]
I 2026/01/12 16:50:39 serve.go:675: [WS] WebSocket connected: app=[yee1], id=[54514132-cdf1-4db2-8c26-a5d4ad39d6aa], type=[filetree]
I 2026/01/12 16:50:39 serve.go:596: [WS] WebSocket connection attempt from [172.19.0.1:63184], URI: [/ws?app=yee1&id=3f35229e-598f-4e0e-a5a1-a7ed24737e6f&type=protyle]
I 2026/01/12 16:50:39 serve.go:675: [WS] WebSocket connected: app=[yee1], id=[3f35229e-598f-4e0e-a5a1-a7ed24737e6f], type=[protyle]
I 2026/01/12 16:50:39 serve.go:596: [WS] WebSocket connection attempt from [172.19.0.1:63206], URI: [/ws?app=yee1&id=0942512e-06f9-4edf-8cb1-ec9c7a10ef38&type=main]
I 2026/01/12 16:50:39 serve.go:596: [WS] WebSocket connection attempt from [172.19.0.1:63198], URI: [/ws?app=yee1&id=398703b8-6682-4e5f-a286-0abc8e38d2c5]
I 2026/01/12 16:50:39 serve.go:596: [WS] WebSocket connection attempt from [172.19.0.1:63234], URI: [/ws?app=yee1&id=d946c478-3bf9-4d37-9b5b-69be54e8daf4&type=protyle]
I 2026/01/12 16:50:39 serve.go:596: [WS] WebSocket connection attempt from [172.19.0.1:63218], URI: [/ws?app=yee1&id=7878fbc2-7c17-4b42-84e6-7b69091c432e]
I 2026/01/12 16:50:39 serve.go:675: [WS] WebSocket connected: app=[yee1], id=[0942512e-06f9-4edf-8cb1-ec9c7a10ef38], type=[main]
I 2026/01/12 16:50:39 serve.go:675: [WS] WebSocket connected: app=[yee1], id=[398703b8-6682-4e5f-a286-0abc8e38d2c5], type=[]
I 2026/01/12 16:50:39 serve.go:675: [WS] WebSocket connected: app=[yee1], id=[d946c478-3bf9-4d37-9b5b-69be54e8daf4], type=[protyle]
I 2026/01/12 16:50:39 serve.go:675: [WS] WebSocket connected: app=[yee1], id=[7878fbc2-7c17-4b42-84e6-7b69091c432e], type=[]
I 2026/01/12 16:50:39 runtime.go:89: [BOOT] UI connected with 1 main session(s)
I 2026/01/12 16:50:40 cron.go:61: cron job [[RefreshRhyResultJob]] executed
E 2026/01/12 16:51:38 cloud_service.go:326: write announcement conf failed: open /home/siyuan/.config/siyuan/announcement.json: no such file or directory
I 2026/01/12 16:53:43 serve.go:596: [WS] WebSocket connection attempt from [172.19.0.1:64466], URI: [/ws?app=mlcdd&id=3173d983-0ee2-44f0-b004-6b0a48691a2e&type=main]
I 2026/01/12 16:53:43 serve.go:675: [WS] WebSocket connected: app=[mlcdd], id=[3173d983-0ee2-44f0-b004-6b0a48691a2e], type=[main]
I 2026/01/12 16:53:43 serve.go:596: [WS] WebSocket connection attempt from [172.19.0.1:64502], URI: [/ws?app=mlcdd&id=84258c08-16eb-43e2-955f-3b0081d26dcd&type=filetree]
I 2026/01/12 16:53:43 serve.go:675: [WS] WebSocket connected: app=[mlcdd], id=[84258c08-16eb-43e2-955f-3b0081d26dcd], type=[filetree]
I 2026/01/12 16:53:43 serve.go:596: [WS] WebSocket connection attempt from [172.19.0.1:64510], URI: [/ws?app=mlcdd&id=27617a11-72bf-4222-b4c7-f94d3e3e0640]
I 2026/01/12 16:53:43 serve.go:675: [WS] WebSocket connected: app=[mlcdd], id=[27617a11-72bf-4222-b4c7-f94d3e3e0640], type=[]
I 2026/01/12 16:53:43 serve.go:596: [WS] WebSocket connection attempt from [172.19.0.1:64522], URI: [/ws?app=mlcdd&id=7603d42b-53b1-421b-8daa-8efca81e0553&type=protyle]
I 2026/01/12 16:53:43 serve.go:675: [WS] WebSocket connected: app=[mlcdd], id=[7603d42b-53b1-421b-8daa-8efca81e0553], type=[protyle]
E 2026/01/12 16:53:48 ollama.go:241: Ollama API request failed: Post "http://localhost:11434/api/chat": dial tcp [::1]:11434: connect: connection refused
I 2026/01/12 16:54:15 process.go:36: received os signal [terminated], exit kernel process now
I 2026/01/12 16:54:15 conf.go:807: exiting kernel [force=false, setCurrentWorkspace=true, execInstallPkg=1]
I 2026/01/12 16:54:15 database.go:1365: closed database
I 2026/01/12 16:54:15 conf.go:1277: cleared workspace temp
I 2026/01/12 16:54:15 sync.go:833: sync websocket closed
I 2026/01/12 16:54:16 conf.go:877: exited kernel
I 2026/01/12 16:54:18 working.go:180: 
      ___                                   ___           ___           ___
     /  /\        ___           ___        /__/\         /  /\         /__/\
    /  /:/_      /  /\         /__/|       \  \:\       /  /::\        \  \:\
   /  /:/ /\    /  /:/        |  |:|        \  \:\     /  /:/\:\        \  \:\
  /  /:/ /::\  /__/::\        |  |:|    ___  \  \:\   /  /:/~/::\   _____\__\:\
 /__/:/ /:/\:\ \__\/\:\__   __|__|:|   /__/\  \__\:\ /__/:/ /:/\:\ /__/::::::::\
 \  \:\/:/~/:/    \  \:\/\ /__/::::\   \  \:\ /  /:/ \  \:\/:/__\/ \  \:\~~\~~\/
  \  \::/ /:/      \__\::/    ~\~~\:\   \  \:\  /:/   \  \::/       \  \:\  ~~~
   \__\/ /:/       /__/:/       \  \:\   \  \:\/:/     \  \:\        \  \:\
     /__/:/        \__\/         \__\/    \  \::/       \  \:\        \  \:\
     \__\/                                 \__\/         \__\/         \__\/
I 2026/01/12 16:54:18 runtime.go:108: kernel is booting:
    * ver [3.4.2]
    * arch [arm64]
    * os [alpine]
    * pid [1]
    * runtime mode [prod]
    * working directory [/opt/siyuan]
    * read only [false]
    * container [docker]
    * database [ver=20220501]
    * workspace directory [/opt/siyuan/workspace]
I 2026/01/12 16:54:18 main.go:41: [BOOT] Boot() completed
I 2026/01/12 16:54:18 conf.go:129: loaded conf [/opt/siyuan/workspace/conf/conf.json]
I 2026/01/12 16:54:18 auth.go:137: Initialized 0 user accounts for login
I 2026/01/12 16:54:18 conf.go:627: Ollama API enabled (default)
    baseURL=http://localhost:11434
    timeout=30s
    proxy=
    model=nemotron-3-nano:30b-cloud
    maxTokens=0
    temperature=1.0
    maxContexts=7
I 2026/01/12 16:54:18 runtime.go:160: use network proxy [system]
I 2026/01/12 16:54:18 main.go:45: [BOOT] InitConf() completed
I 2026/01/12 16:54:18 main.go:49: [BOOT] Server started in goroutine
I 2026/01/12 16:54:18 main.go:52: [BOOT] Starting InitAppearance()...
W 2026/01/12 16:54:18 ollama_setup.go:31: Ollama server not available at http://localhost:11434
I 2026/01/12 16:54:18 ollama_setup.go:32: To use Ollama AI, please install Ollama from https://ollama.ai and start the server
W 2026/01/12 16:54:18 ollama_setup.go:81: Ollama server not available: Get "http://localhost:11434/api/tags": dial tcp [::1]:11434: connect: connection refused (this is OK if Ollama is not running)
E 2026/01/12 16:54:18 appearance.go:47: copy appearance resources from [/opt/siyuan/appearance] to [/opt/siyuan/workspace/conf/appearance] failed: open /opt/siyuan/workspace/conf/appearance/boot/icon.png: resource deadlock avoided
E 2026/01/12 16:54:18 runtime.go:190: check file system status failed: open /opt/siyuan/workspace/conf/appearance/boot/icon.png: resource deadlock avoided, github.com/siyuan-note/siyuan/kernel/model.InitAppearance()
	/kernel/model/appearance.go:48 +0x2ec
main.main()
	/kernel/main.go:53 +0xbc
I 2026/01/12 16:54:18 main.go:54: [BOOT] InitAppearance() completed
I 2026/01/12 16:54:18 main.go:56: [BOOT] Starting InitDatabase()...
I 2026/01/12 16:54:18 serve.go:225: kernel [pid=1] http server [0.0.0.0:6806] is booting
I 2026/01/12 16:54:18 working.go:558: database [/opt/siyuan/workspace/temp/siyuan.db] size [5.58 MB]
I 2026/01/12 16:54:18 working.go:558: database [/opt/siyuan/workspace/temp/blocktree.db] size [671.75 kB]
I 2026/01/12 16:54:18 runtime.go:78: [BOOT] HookUILoaded started, waiting for UI connection...
I 2026/01/12 16:54:18 main.go:58: [BOOT] InitDatabase() completed
I 2026/01/12 16:54:18 main.go:60: [BOOT] Starting InitHistoryDatabase()...
I 2026/01/12 16:54:18 working.go:558: database [/opt/siyuan/workspace/temp/history.db] size [8.2 kB]
I 2026/01/12 16:54:18 main.go:62: [BOOT] InitHistoryDatabase() completed
I 2026/01/12 16:54:18 main.go:64: [BOOT] Starting InitAssetContentDatabase()...
I 2026/01/12 16:54:18 working.go:558: database [/opt/siyuan/workspace/temp/asset_content.db] size [8.2 kB]
I 2026/01/12 16:54:18 main.go:66: [BOOT] InitAssetContentDatabase() completed
I 2026/01/12 16:54:18 main.go:70: [BOOT] SQL settings configured
I 2026/01/12 16:54:18 main.go:72: [BOOT] Starting BootSyncData()...
I 2026/01/12 16:54:18 sync.go:126: [BOOT] BootSyncData() started
I 2026/01/12 16:54:18 sync.go:133: [BOOT] Sync.Perception is false, skipping WebSocket
I 2026/01/12 16:54:18 sync.go:136: [BOOT] Checking sync...
I 2026/01/12 16:54:18 sync.go:138: [BOOT] checkSync returned false, skipping sync
I 2026/01/12 16:54:18 main.go:74: [BOOT] BootSyncData() completed
I 2026/01/12 16:54:18 main.go:76: [BOOT] Starting InitBoxes()...
I 2026/01/12 16:54:18 conf.go:1055: [BOOT] InitBoxes() started
I 2026/01/12 16:54:18 conf.go:1058: [BOOT] Block count: 5, initialized: true
I 2026/01/12 16:54:18 conf.go:1061: [BOOT] Listing notebooks...
I 2026/01/12 16:54:18 conf.go:1089: [BOOT] Processing 1 opened boxes...
I 2026/01/12 16:54:18 conf.go:1091: [BOOT] Processing box [20251230113409-4y9ye0l]...
I 2026/01/12 16:54:18 conf.go:1101: tree/block count [2/5], notebooks [1]
I 2026/01/12 16:54:18 conf.go:1102: [BOOT] InitBoxes() completed
I 2026/01/12 16:54:18 main.go:78: [BOOT] InitBoxes() completed
I 2026/01/12 16:54:18 main.go:80: [BOOT] Starting LoadFlashcards()...
I 2026/01/12 16:54:18 main.go:82: [BOOT] LoadFlashcards() completed
I 2026/01/12 16:54:18 main.go:84: [BOOT] Starting LoadAssetsTexts()...
I 2026/01/12 16:54:18 main.go:86: [BOOT] LoadAssetsTexts() completed
I 2026/01/12 16:54:18 main.go:88: [BOOT] Setting booted flag...
I 2026/01/12 16:54:18 working.go:226: kernel booted
I 2026/01/12 16:54:18 main.go:90: [BOOT] Booted flag set
I 2026/01/12 16:54:18 main.go:92: [BOOT] All initialization completed successfully!
I 2026/01/12 16:54:18 font.go:57: loaded system fonts [0] in [0ms]
I 2026/01/12 16:54:18 box.go:77: auto stat [trees=2, blocks=5, dataSize=69.88 kB, assetsSize=0 B]
I 2026/01/12 16:54:19 auth.go:137: Initialized 0 user accounts for login
I 2026/01/12 16:54:19 cron.go:61: cron job [[RefreshRhyResultJob]] executed
I 2026/01/12 16:54:19 serve.go:596: [WS] WebSocket connection attempt from [172.19.0.1:60494], URI: [/ws?app=mlcdd&id=27617a11-72bf-4222-b4c7-f94d3e3e0640]
I 2026/01/12 16:54:19 serve.go:675: [WS] WebSocket connected: app=[mlcdd], id=[27617a11-72bf-4222-b4c7-f94d3e3e0640], type=[]
I 2026/01/12 16:54:19 serve.go:596: [WS] WebSocket connection attempt from [172.19.0.1:60500], URI: [/ws?app=mlcdd&id=3173d983-0ee2-44f0-b004-6b0a48691a2e&type=main]
I 2026/01/12 16:54:19 serve.go:596: [WS] WebSocket connection attempt from [172.19.0.1:60502], URI: [/ws?app=mlcdd&id=84258c08-16eb-43e2-955f-3b0081d26dcd&type=filetree]
I 2026/01/12 16:54:19 serve.go:596: [WS] WebSocket connection attempt from [172.19.0.1:60508], URI: [/ws?app=mlcdd&id=7603d42b-53b1-421b-8daa-8efca81e0553&type=protyle]
I 2026/01/12 16:54:19 serve.go:675: [WS] WebSocket connected: app=[mlcdd], id=[3173d983-0ee2-44f0-b004-6b0a48691a2e], type=[main]
I 2026/01/12 16:54:19 serve.go:675: [WS] WebSocket connected: app=[mlcdd], id=[84258c08-16eb-43e2-955f-3b0081d26dcd], type=[filetree]
I 2026/01/12 16:54:19 serve.go:675: [WS] WebSocket connected: app=[mlcdd], id=[7603d42b-53b1-421b-8daa-8efca81e0553], type=[protyle]
I 2026/01/12 16:54:19 runtime.go:89: [BOOT] UI connected with 1 main session(s)
E 2026/01/12 16:55:18 cloud_service.go:326: write announcement conf failed: open /home/siyuan/.config/siyuan/announcement.json: no such file or directory
I 2026/01/12 17:09:28 serve.go:596: [WS] WebSocket connection attempt from [172.19.0.1:58356], URI: [/ws?app=annvn&id=38b544f9-979a-4625-9fa1-73d460170fd1&type=main]
I 2026/01/12 17:09:28 serve.go:675: [WS] WebSocket connected: app=[annvn], id=[38b544f9-979a-4625-9fa1-73d460170fd1], type=[main]
I 2026/01/12 17:09:28 serve.go:596: [WS] WebSocket connection attempt from [172.19.0.1:58378], URI: [/ws?app=annvn&id=ed0b6960-eab8-436d-8340-86068e8b9a12&type=filetree]
I 2026/01/12 17:09:28 serve.go:675: [WS] WebSocket connected: app=[annvn], id=[ed0b6960-eab8-436d-8340-86068e8b9a12], type=[filetree]
I 2026/01/12 17:09:28 serve.go:596: [WS] WebSocket connection attempt from [172.19.0.1:58380], URI: [/ws?app=annvn&id=ae7037de-1ee6-4f2f-91ee-f5ada14fd6be]
I 2026/01/12 17:09:28 serve.go:675: [WS] WebSocket connected: app=[annvn], id=[ae7037de-1ee6-4f2f-91ee-f5ada14fd6be], type=[]
I 2026/01/12 17:09:28 serve.go:596: [WS] WebSocket connection attempt from [172.19.0.1:58384], URI: [/ws?app=annvn&id=ac9ba04f-07bb-4045-a67b-f9670c80ec0b&type=protyle]
I 2026/01/12 17:09:28 serve.go:675: [WS] WebSocket connected: app=[annvn], id=[ac9ba04f-07bb-4045-a67b-f9670c80ec0b], type=[protyle]
E 2026/01/12 17:09:37 ollama.go:241: Ollama API request failed: Post "http://localhost:11434/api/chat": dial tcp [::1]:11434: connect: connection refused
I 2026/01/12 17:11:12 process.go:36: received os signal [terminated], exit kernel process now
I 2026/01/12 17:11:12 conf.go:807: exiting kernel [force=false, setCurrentWorkspace=true, execInstallPkg=1]
I 2026/01/12 17:11:12 database.go:1365: closed database
I 2026/01/12 17:11:12 conf.go:1277: cleared workspace temp
I 2026/01/12 17:11:13 sync.go:833: sync websocket closed
I 2026/01/12 17:11:13 conf.go:877: exited kernel
I 2026/01/12 17:11:15 working.go:180: 
      ___                                   ___           ___           ___
     /  /\        ___           ___        /__/\         /  /\         /__/\
    /  /:/_      /  /\         /__/|       \  \:\       /  /::\        \  \:\
   /  /:/ /\    /  /:/        |  |:|        \  \:\     /  /:/\:\        \  \:\
  /  /:/ /::\  /__/::\        |  |:|    ___  \  \:\   /  /:/~/::\   _____\__\:\
 /__/:/ /:/\:\ \__\/\:\__   __|__|:|   /__/\  \__\:\ /__/:/ /:/\:\ /__/::::::::\
 \  \:\/:/~/:/    \  \:\/\ /__/::::\   \  \:\ /  /:/ \  \:\/:/__\/ \  \:\~~\~~\/
  \  \::/ /:/      \__\::/    ~\~~\:\   \  \:\  /:/   \  \::/       \  \:\  ~~~
   \__\/ /:/       /__/:/       \  \:\   \  \:\/:/     \  \:\        \  \:\
     /__/:/        \__\/         \__\/    \  \::/       \  \:\        \  \:\
     \__\/                                 \__\/         \__\/         \__\/
I 2026/01/12 17:11:15 runtime.go:108: kernel is booting:
    * ver [3.4.2]
    * arch [arm64]
    * os [alpine]
    * pid [1]
    * runtime mode [prod]
    * working directory [/opt/siyuan]
    * read only [false]
    * container [docker]
    * database [ver=20220501]
    * workspace directory [/opt/siyuan/workspace]
I 2026/01/12 17:11:15 main.go:41: [BOOT] Boot() completed
I 2026/01/12 17:11:15 conf.go:129: loaded conf [/opt/siyuan/workspace/conf/conf.json]
I 2026/01/12 17:11:15 auth.go:137: Initialized 0 user accounts for login
I 2026/01/12 17:11:15 conf.go:627: Ollama API enabled (default)
    baseURL=http://host.docker.internal:11434
    timeout=30s
    proxy=
    model=llama3.2
    maxTokens=0
    temperature=1.0
    maxContexts=7
I 2026/01/12 17:11:15 runtime.go:160: use network proxy [system]
I 2026/01/12 17:11:15 main.go:45: [BOOT] InitConf() completed
I 2026/01/12 17:11:15 main.go:49: [BOOT] Server started in goroutine
I 2026/01/12 17:11:15 main.go:52: [BOOT] Starting InitAppearance()...
W 2026/01/12 17:11:15 ollama_setup.go:31: Ollama server not available at http://localhost:11434
I 2026/01/12 17:11:15 ollama_setup.go:32: To use Ollama AI, please install Ollama from https://ollama.ai and start the server
W 2026/01/12 17:11:15 ollama_setup.go:81: Ollama server not available: Get "http://localhost:11434/api/tags": dial tcp [::1]:11434: connect: connection refused (this is OK if Ollama is not running)
E 2026/01/12 17:11:15 appearance.go:47: copy appearance resources from [/opt/siyuan/appearance] to [/opt/siyuan/workspace/conf/appearance] failed: open /opt/siyuan/workspace/conf/appearance/boot/icon.png: resource deadlock avoided
E 2026/01/12 17:11:15 runtime.go:190: check file system status failed: open /opt/siyuan/workspace/conf/appearance/boot/icon.png: resource deadlock avoided, github.com/siyuan-note/siyuan/kernel/model.InitAppearance()
	/kernel/model/appearance.go:48 +0x2ec
main.main()
	/kernel/main.go:53 +0xbc
I 2026/01/12 17:11:15 main.go:54: [BOOT] InitAppearance() completed
I 2026/01/12 17:11:15 main.go:56: [BOOT] Starting InitDatabase()...
I 2026/01/12 17:11:15 serve.go:225: kernel [pid=1] http server [0.0.0.0:6806] is booting
I 2026/01/12 17:11:15 working.go:558: database [/opt/siyuan/workspace/temp/siyuan.db] size [5.58 MB]
I 2026/01/12 17:11:15 working.go:558: database [/opt/siyuan/workspace/temp/blocktree.db] size [671.75 kB]
I 2026/01/12 17:11:15 runtime.go:78: [BOOT] HookUILoaded started, waiting for UI connection...
I 2026/01/12 17:11:15 main.go:58: [BOOT] InitDatabase() completed
I 2026/01/12 17:11:15 main.go:60: [BOOT] Starting InitHistoryDatabase()...
I 2026/01/12 17:11:15 working.go:558: database [/opt/siyuan/workspace/temp/history.db] size [8.2 kB]
I 2026/01/12 17:11:15 main.go:62: [BOOT] InitHistoryDatabase() completed
I 2026/01/12 17:11:15 main.go:64: [BOOT] Starting InitAssetContentDatabase()...
I 2026/01/12 17:11:15 working.go:558: database [/opt/siyuan/workspace/temp/asset_content.db] size [8.2 kB]
I 2026/01/12 17:11:15 main.go:66: [BOOT] InitAssetContentDatabase() completed
I 2026/01/12 17:11:15 main.go:70: [BOOT] SQL settings configured
I 2026/01/12 17:11:15 main.go:72: [BOOT] Starting BootSyncData()...
I 2026/01/12 17:11:15 sync.go:126: [BOOT] BootSyncData() started
I 2026/01/12 17:11:15 sync.go:133: [BOOT] Sync.Perception is false, skipping WebSocket
I 2026/01/12 17:11:15 sync.go:136: [BOOT] Checking sync...
I 2026/01/12 17:11:15 sync.go:138: [BOOT] checkSync returned false, skipping sync
I 2026/01/12 17:11:15 main.go:74: [BOOT] BootSyncData() completed
I 2026/01/12 17:11:15 main.go:76: [BOOT] Starting InitBoxes()...
I 2026/01/12 17:11:15 conf.go:1055: [BOOT] InitBoxes() started
I 2026/01/12 17:11:15 conf.go:1058: [BOOT] Block count: 5, initialized: true
I 2026/01/12 17:11:15 conf.go:1061: [BOOT] Listing notebooks...
I 2026/01/12 17:11:15 conf.go:1089: [BOOT] Processing 1 opened boxes...
I 2026/01/12 17:11:15 conf.go:1091: [BOOT] Processing box [20251230113409-4y9ye0l]...
I 2026/01/12 17:11:15 conf.go:1101: tree/block count [2/5], notebooks [1]
I 2026/01/12 17:11:15 conf.go:1102: [BOOT] InitBoxes() completed
I 2026/01/12 17:11:15 main.go:78: [BOOT] InitBoxes() completed
I 2026/01/12 17:11:15 main.go:80: [BOOT] Starting LoadFlashcards()...
I 2026/01/12 17:11:15 main.go:82: [BOOT] LoadFlashcards() completed
I 2026/01/12 17:11:15 main.go:84: [BOOT] Starting LoadAssetsTexts()...
I 2026/01/12 17:11:15 main.go:86: [BOOT] LoadAssetsTexts() completed
I 2026/01/12 17:11:15 main.go:88: [BOOT] Setting booted flag...
I 2026/01/12 17:11:15 working.go:226: kernel booted
I 2026/01/12 17:11:15 main.go:90: [BOOT] Booted flag set
I 2026/01/12 17:11:15 main.go:92: [BOOT] All initialization completed successfully!
I 2026/01/12 17:11:15 font.go:57: loaded system fonts [0] in [0ms]
I 2026/01/12 17:11:16 box.go:77: auto stat [trees=2, blocks=5, dataSize=69.94 kB, assetsSize=0 B]
I 2026/01/12 17:11:16 cron.go:61: cron job [[RefreshRhyResultJob]] executed
I 2026/01/12 17:11:16 auth.go:137: Initialized 0 user accounts for login
W 2026/01/12 17:11:20 runtime.go:83: [BOOT] HookUILoaded timeout after 5 seconds, continuing anyway
I 2026/01/12 17:11:57 process.go:36: received os signal [terminated], exit kernel process now
I 2026/01/12 17:11:57 conf.go:807: exiting kernel [force=false, setCurrentWorkspace=true, execInstallPkg=1]
I 2026/01/12 17:11:57 database.go:1365: closed database
I 2026/01/12 17:11:57 conf.go:1277: cleared workspace temp
I 2026/01/12 17:11:57 sync.go:833: sync websocket closed
I 2026/01/12 17:11:58 conf.go:877: exited kernel
I 2026/01/12 17:12:00 working.go:180: 
      ___                                   ___           ___           ___
     /  /\        ___           ___        /__/\         /  /\         /__/\
    /  /:/_      /  /\         /__/|       \  \:\       /  /::\        \  \:\
   /  /:/ /\    /  /:/        |  |:|        \  \:\     /  /:/\:\        \  \:\
  /  /:/ /::\  /__/::\        |  |:|    ___  \  \:\   /  /:/~/::\   _____\__\:\
 /__/:/ /:/\:\ \__\/\:\__   __|__|:|   /__/\  \__\:\ /__/:/ /:/\:\ /__/::::::::\
 \  \:\/:/~/:/    \  \:\/\ /__/::::\   \  \:\ /  /:/ \  \:\/:/__\/ \  \:\~~\~~\/
  \  \::/ /:/      \__\::/    ~\~~\:\   \  \:\  /:/   \  \::/       \  \:\  ~~~
   \__\/ /:/       /__/:/       \  \:\   \  \:\/:/     \  \:\        \  \:\
     /__/:/        \__\/         \__\/    \  \::/       \  \:\        \  \:\
     \__\/                                 \__\/         \__\/         \__\/
I 2026/01/12 17:12:00 runtime.go:108: kernel is booting:
    * ver [3.4.2]
    * arch [arm64]
    * os [alpine]
    * pid [1]
    * runtime mode [prod]
    * working directory [/opt/siyuan]
    * read only [false]
    * container [docker]
    * database [ver=20220501]
    * workspace directory [/opt/siyuan/workspace]
I 2026/01/12 17:12:00 main.go:41: [BOOT] Boot() completed
I 2026/01/12 17:12:00 conf.go:129: loaded conf [/opt/siyuan/workspace/conf/conf.json]
I 2026/01/12 17:12:00 auth.go:137: Initialized 0 user accounts for login
I 2026/01/12 17:12:00 conf.go:627: Ollama API enabled (default)
    baseURL=http://host.docker.internal:11434
    timeout=30s
    proxy=
    model=LaimOr/DiGroup_Model:latest
    maxTokens=0
    temperature=1.0
    maxContexts=7
I 2026/01/12 17:12:00 runtime.go:160: use network proxy [system]
I 2026/01/12 17:12:00 main.go:45: [BOOT] InitConf() completed
I 2026/01/12 17:12:00 main.go:49: [BOOT] Server started in goroutine
I 2026/01/12 17:12:00 main.go:52: [BOOT] Starting InitAppearance()...
W 2026/01/12 17:12:00 ollama_setup.go:31: Ollama server not available at http://localhost:11434
I 2026/01/12 17:12:00 ollama_setup.go:32: To use Ollama AI, please install Ollama from https://ollama.ai and start the server
W 2026/01/12 17:12:00 ollama_setup.go:81: Ollama server not available: Get "http://localhost:11434/api/tags": dial tcp [::1]:11434: connect: connection refused (this is OK if Ollama is not running)
E 2026/01/12 17:12:00 appearance.go:47: copy appearance resources from [/opt/siyuan/appearance] to [/opt/siyuan/workspace/conf/appearance] failed: open /opt/siyuan/workspace/conf/appearance/boot/icon.png: resource deadlock avoided
E 2026/01/12 17:12:00 runtime.go:190: check file system status failed: open /opt/siyuan/workspace/conf/appearance/boot/icon.png: resource deadlock avoided, github.com/siyuan-note/siyuan/kernel/model.InitAppearance()
	/kernel/model/appearance.go:48 +0x2ec
main.main()
	/kernel/main.go:53 +0xbc
I 2026/01/12 17:12:00 main.go:54: [BOOT] InitAppearance() completed
I 2026/01/12 17:12:00 main.go:56: [BOOT] Starting InitDatabase()...
I 2026/01/12 17:12:00 serve.go:225: kernel [pid=1] http server [0.0.0.0:6806] is booting
I 2026/01/12 17:12:00 working.go:558: database [/opt/siyuan/workspace/temp/siyuan.db] size [5.58 MB]
I 2026/01/12 17:12:00 working.go:558: database [/opt/siyuan/workspace/temp/blocktree.db] size [671.75 kB]
I 2026/01/12 17:12:00 runtime.go:78: [BOOT] HookUILoaded started, waiting for UI connection...
I 2026/01/12 17:12:00 main.go:58: [BOOT] InitDatabase() completed
I 2026/01/12 17:12:00 main.go:60: [BOOT] Starting InitHistoryDatabase()...
I 2026/01/12 17:12:00 working.go:558: database [/opt/siyuan/workspace/temp/history.db] size [8.2 kB]
I 2026/01/12 17:12:00 main.go:62: [BOOT] InitHistoryDatabase() completed
I 2026/01/12 17:12:00 main.go:64: [BOOT] Starting InitAssetContentDatabase()...
I 2026/01/12 17:12:00 working.go:558: database [/opt/siyuan/workspace/temp/asset_content.db] size [8.2 kB]
I 2026/01/12 17:12:00 main.go:66: [BOOT] InitAssetContentDatabase() completed
I 2026/01/12 17:12:00 main.go:70: [BOOT] SQL settings configured
I 2026/01/12 17:12:00 main.go:72: [BOOT] Starting BootSyncData()...
I 2026/01/12 17:12:00 sync.go:126: [BOOT] BootSyncData() started
I 2026/01/12 17:12:00 sync.go:133: [BOOT] Sync.Perception is false, skipping WebSocket
I 2026/01/12 17:12:00 sync.go:136: [BOOT] Checking sync...
I 2026/01/12 17:12:00 sync.go:138: [BOOT] checkSync returned false, skipping sync
I 2026/01/12 17:12:00 main.go:74: [BOOT] BootSyncData() completed
I 2026/01/12 17:12:00 main.go:76: [BOOT] Starting InitBoxes()...
I 2026/01/12 17:12:00 conf.go:1055: [BOOT] InitBoxes() started
I 2026/01/12 17:12:00 conf.go:1058: [BOOT] Block count: 5, initialized: true
I 2026/01/12 17:12:00 conf.go:1061: [BOOT] Listing notebooks...
I 2026/01/12 17:12:00 conf.go:1089: [BOOT] Processing 1 opened boxes...
I 2026/01/12 17:12:00 conf.go:1091: [BOOT] Processing box [20251230113409-4y9ye0l]...
I 2026/01/12 17:12:00 conf.go:1101: tree/block count [2/5], notebooks [1]
I 2026/01/12 17:12:00 conf.go:1102: [BOOT] InitBoxes() completed
I 2026/01/12 17:12:00 main.go:78: [BOOT] InitBoxes() completed
I 2026/01/12 17:12:00 main.go:80: [BOOT] Starting LoadFlashcards()...
I 2026/01/12 17:12:00 main.go:82: [BOOT] LoadFlashcards() completed
I 2026/01/12 17:12:00 main.go:84: [BOOT] Starting LoadAssetsTexts()...
I 2026/01/12 17:12:00 main.go:86: [BOOT] LoadAssetsTexts() completed
I 2026/01/12 17:12:00 main.go:88: [BOOT] Setting booted flag...
I 2026/01/12 17:12:00 working.go:226: kernel booted
I 2026/01/12 17:12:00 main.go:90: [BOOT] Booted flag set
I 2026/01/12 17:12:00 main.go:92: [BOOT] All initialization completed successfully!
I 2026/01/12 17:12:00 font.go:57: loaded system fonts [0] in [0ms]
I 2026/01/12 17:12:00 box.go:77: auto stat [trees=2, blocks=5, dataSize=69.94 kB, assetsSize=0 B]
I 2026/01/12 17:12:01 auth.go:137: Initialized 0 user accounts for login
I 2026/01/12 17:12:02 cron.go:61: cron job [[RefreshRhyResultJob]] executed
W 2026/01/12 17:12:05 runtime.go:83: [BOOT] HookUILoaded timeout after 5 seconds, continuing anyway
E 2026/01/12 17:13:00 cloud_service.go:326: write announcement conf failed: open /home/siyuan/.config/siyuan/announcement.json: no such file or directory
I 2026/01/12 17:14:46 serve.go:596: [WS] WebSocket connection attempt from [172.19.0.1:60206], URI: [/ws?app=1eqn&id=bbe6f811-3140-4597-9941-5ccfc5319b2f&type=main]
I 2026/01/12 17:14:46 serve.go:675: [WS] WebSocket connected: app=[1eqn], id=[bbe6f811-3140-4597-9941-5ccfc5319b2f], type=[main]
I 2026/01/12 17:14:46 serve.go:596: [WS] WebSocket connection attempt from [172.19.0.1:60238], URI: [/ws?app=1eqn&id=c7d88477-6fcb-4796-bfea-ad83e1a87e71&type=filetree]
I 2026/01/12 17:14:46 serve.go:675: [WS] WebSocket connected: app=[1eqn], id=[c7d88477-6fcb-4796-bfea-ad83e1a87e71], type=[filetree]
I 2026/01/12 17:14:46 serve.go:596: [WS] WebSocket connection attempt from [172.19.0.1:60250], URI: [/ws?app=1eqn&id=2a2d3e18-3d6f-4556-8719-a93cee71e148]
I 2026/01/12 17:14:46 serve.go:675: [WS] WebSocket connected: app=[1eqn], id=[2a2d3e18-3d6f-4556-8719-a93cee71e148], type=[]
I 2026/01/12 17:14:46 serve.go:596: [WS] WebSocket connection attempt from [172.19.0.1:60264], URI: [/ws?app=1eqn&id=5620253c-1fc8-4cf0-82aa-853b1893a426&type=protyle]
I 2026/01/12 17:14:46 serve.go:675: [WS] WebSocket connected: app=[1eqn], id=[5620253c-1fc8-4cf0-82aa-853b1893a426], type=[protyle]
E 2026/01/12 17:15:04 ollama.go:310: Ollama API error [500]: bad request
E 2026/01/12 17:15:29 ollama.go:310: Ollama API error [500]: bad request
I 2026/01/12 17:16:17 process.go:36: received os signal [terminated], exit kernel process now
I 2026/01/12 17:16:17 conf.go:807: exiting kernel [force=false, setCurrentWorkspace=true, execInstallPkg=1]
I 2026/01/12 17:16:17 database.go:1365: closed database
I 2026/01/12 17:16:17 conf.go:1277: cleared workspace temp
I 2026/01/12 17:16:18 sync.go:833: sync websocket closed
I 2026/01/12 17:16:18 conf.go:877: exited kernel
I 2026/01/12 17:16:20 working.go:180: 
      ___                                   ___           ___           ___
     /  /\        ___           ___        /__/\         /  /\         /__/\
    /  /:/_      /  /\         /__/|       \  \:\       /  /::\        \  \:\
   /  /:/ /\    /  /:/        |  |:|        \  \:\     /  /:/\:\        \  \:\
  /  /:/ /::\  /__/::\        |  |:|    ___  \  \:\   /  /:/~/::\   _____\__\:\
 /__/:/ /:/\:\ \__\/\:\__   __|__|:|   /__/\  \__\:\ /__/:/ /:/\:\ /__/::::::::\
 \  \:\/:/~/:/    \  \:\/\ /__/::::\   \  \:\ /  /:/ \  \:\/:/__\/ \  \:\~~\~~\/
  \  \::/ /:/      \__\::/    ~\~~\:\   \  \:\  /:/   \  \::/       \  \:\  ~~~
   \__\/ /:/       /__/:/       \  \:\   \  \:\/:/     \  \:\        \  \:\
     /__/:/        \__\/         \__\/    \  \::/       \  \:\        \  \:\
     \__\/                                 \__\/         \__\/         \__\/
I 2026/01/12 17:16:20 runtime.go:108: kernel is booting:
    * ver [3.4.2]
    * arch [arm64]
    * os [alpine]
    * pid [1]
    * runtime mode [prod]
    * working directory [/opt/siyuan]
    * read only [false]
    * container [docker]
    * database [ver=20220501]
    * workspace directory [/opt/siyuan/workspace]
I 2026/01/12 17:16:20 main.go:41: [BOOT] Boot() completed
I 2026/01/12 17:16:20 conf.go:129: loaded conf [/opt/siyuan/workspace/conf/conf.json]
I 2026/01/12 17:16:20 auth.go:137: Initialized 0 user accounts for login
I 2026/01/12 17:16:20 conf.go:627: Ollama API enabled (default)
    baseURL=http://host.docker.internal:11434
    timeout=30s
    proxy=
    model=llama3.2
    maxTokens=0
    temperature=1.0
    maxContexts=7
W 2026/01/12 17:16:20 ollama_setup.go:31: Ollama server not available at http://localhost:11434
I 2026/01/12 17:16:20 ollama_setup.go:32: To use Ollama AI, please install Ollama from https://ollama.ai and start the server
I 2026/01/12 17:16:20 runtime.go:160: use network proxy [system]
I 2026/01/12 17:16:20 main.go:45: [BOOT] InitConf() completed
I 2026/01/12 17:16:20 main.go:49: [BOOT] Server started in goroutine
I 2026/01/12 17:16:20 main.go:52: [BOOT] Starting InitAppearance()...
W 2026/01/12 17:16:20 ollama_setup.go:81: Ollama server not available: Get "http://localhost:11434/api/tags": dial tcp [::1]:11434: connect: connection refused (this is OK if Ollama is not running)
E 2026/01/12 17:16:20 appearance.go:47: copy appearance resources from [/opt/siyuan/appearance] to [/opt/siyuan/workspace/conf/appearance] failed: open /opt/siyuan/workspace/conf/appearance/boot/icon.png: resource deadlock avoided
E 2026/01/12 17:16:20 runtime.go:190: check file system status failed: open /opt/siyuan/workspace/conf/appearance/boot/icon.png: resource deadlock avoided, github.com/siyuan-note/siyuan/kernel/model.InitAppearance()
	/kernel/model/appearance.go:48 +0x2ec
main.main()
	/kernel/main.go:53 +0xbc
I 2026/01/12 17:16:20 main.go:54: [BOOT] InitAppearance() completed
I 2026/01/12 17:16:20 main.go:56: [BOOT] Starting InitDatabase()...
I 2026/01/12 17:16:20 serve.go:225: kernel [pid=1] http server [0.0.0.0:6806] is booting
I 2026/01/12 17:16:20 working.go:558: database [/opt/siyuan/workspace/temp/siyuan.db] size [5.58 MB]
I 2026/01/12 17:16:20 runtime.go:78: [BOOT] HookUILoaded started, waiting for UI connection...
I 2026/01/12 17:16:20 working.go:558: database [/opt/siyuan/workspace/temp/blocktree.db] size [671.75 kB]
I 2026/01/12 17:16:20 main.go:58: [BOOT] InitDatabase() completed
I 2026/01/12 17:16:20 main.go:60: [BOOT] Starting InitHistoryDatabase()...
I 2026/01/12 17:16:20 working.go:558: database [/opt/siyuan/workspace/temp/history.db] size [8.2 kB]
I 2026/01/12 17:16:20 main.go:62: [BOOT] InitHistoryDatabase() completed
I 2026/01/12 17:16:20 main.go:64: [BOOT] Starting InitAssetContentDatabase()...
I 2026/01/12 17:16:20 working.go:558: database [/opt/siyuan/workspace/temp/asset_content.db] size [8.2 kB]
I 2026/01/12 17:16:20 main.go:66: [BOOT] InitAssetContentDatabase() completed
I 2026/01/12 17:16:20 main.go:70: [BOOT] SQL settings configured
I 2026/01/12 17:16:20 main.go:72: [BOOT] Starting BootSyncData()...
I 2026/01/12 17:16:20 sync.go:126: [BOOT] BootSyncData() started
I 2026/01/12 17:16:20 sync.go:133: [BOOT] Sync.Perception is false, skipping WebSocket
I 2026/01/12 17:16:20 sync.go:136: [BOOT] Checking sync...
I 2026/01/12 17:16:20 sync.go:138: [BOOT] checkSync returned false, skipping sync
I 2026/01/12 17:16:20 main.go:74: [BOOT] BootSyncData() completed
I 2026/01/12 17:16:20 main.go:76: [BOOT] Starting InitBoxes()...
I 2026/01/12 17:16:20 conf.go:1055: [BOOT] InitBoxes() started
I 2026/01/12 17:16:20 conf.go:1058: [BOOT] Block count: 5, initialized: true
I 2026/01/12 17:16:20 conf.go:1061: [BOOT] Listing notebooks...
I 2026/01/12 17:16:20 conf.go:1089: [BOOT] Processing 1 opened boxes...
I 2026/01/12 17:16:20 conf.go:1091: [BOOT] Processing box [20251230113409-4y9ye0l]...
I 2026/01/12 17:16:20 conf.go:1101: tree/block count [2/5], notebooks [1]
I 2026/01/12 17:16:20 conf.go:1102: [BOOT] InitBoxes() completed
I 2026/01/12 17:16:20 main.go:78: [BOOT] InitBoxes() completed
I 2026/01/12 17:16:20 main.go:80: [BOOT] Starting LoadFlashcards()...
I 2026/01/12 17:16:20 main.go:82: [BOOT] LoadFlashcards() completed
I 2026/01/12 17:16:20 main.go:84: [BOOT] Starting LoadAssetsTexts()...
I 2026/01/12 17:16:20 main.go:86: [BOOT] LoadAssetsTexts() completed
I 2026/01/12 17:16:20 main.go:88: [BOOT] Setting booted flag...
I 2026/01/12 17:16:20 working.go:226: kernel booted
I 2026/01/12 17:16:20 main.go:90: [BOOT] Booted flag set
I 2026/01/12 17:16:20 main.go:92: [BOOT] All initialization completed successfully!
I 2026/01/12 17:16:20 font.go:57: loaded system fonts [0] in [0ms]
I 2026/01/12 17:16:21 box.go:77: auto stat [trees=2, blocks=5, dataSize=69.94 kB, assetsSize=0 B]
I 2026/01/12 17:16:21 auth.go:137: Initialized 0 user accounts for login
I 2026/01/12 17:16:22 serve.go:596: [WS] WebSocket connection attempt from [172.19.0.1:60712], URI: [/ws?app=1eqn&id=2a2d3e18-3d6f-4556-8719-a93cee71e148]
I 2026/01/12 17:16:22 serve.go:596: [WS] WebSocket connection attempt from [172.19.0.1:60724], URI: [/ws?app=1eqn&id=c7d88477-6fcb-4796-bfea-ad83e1a87e71&type=filetree]
I 2026/01/12 17:16:22 serve.go:675: [WS] WebSocket connected: app=[1eqn], id=[c7d88477-6fcb-4796-bfea-ad83e1a87e71], type=[filetree]
I 2026/01/12 17:16:22 serve.go:675: [WS] WebSocket connected: app=[1eqn], id=[2a2d3e18-3d6f-4556-8719-a93cee71e148], type=[]
I 2026/01/12 17:16:22 serve.go:596: [WS] WebSocket connection attempt from [172.19.0.1:60736], URI: [/ws?app=1eqn&id=5620253c-1fc8-4cf0-82aa-853b1893a426&type=protyle]
I 2026/01/12 17:16:22 serve.go:675: [WS] WebSocket connected: app=[1eqn], id=[5620253c-1fc8-4cf0-82aa-853b1893a426], type=[protyle]
I 2026/01/12 17:16:22 serve.go:596: [WS] WebSocket connection attempt from [172.19.0.1:60730], URI: [/ws?app=1eqn&id=bbe6f811-3140-4597-9941-5ccfc5319b2f&type=main]
I 2026/01/12 17:16:22 serve.go:675: [WS] WebSocket connected: app=[1eqn], id=[bbe6f811-3140-4597-9941-5ccfc5319b2f], type=[main]
I 2026/01/12 17:16:22 runtime.go:89: [BOOT] UI connected with 1 main session(s)
I 2026/01/12 17:16:22 cron.go:61: cron job [[RefreshRhyResultJob]] executed
I 2026/01/12 17:17:09 process.go:36: received os signal [terminated], exit kernel process now
I 2026/01/12 17:17:09 conf.go:807: exiting kernel [force=false, setCurrentWorkspace=true, execInstallPkg=1]
I 2026/01/12 17:17:09 database.go:1365: closed database
I 2026/01/12 17:17:09 conf.go:1277: cleared workspace temp
I 2026/01/12 17:17:09 sync.go:833: sync websocket closed
I 2026/01/12 17:17:10 conf.go:877: exited kernel
I 2026/01/12 17:17:11 working.go:180: 
      ___                                   ___           ___           ___
     /  /\        ___           ___        /__/\         /  /\         /__/\
    /  /:/_      /  /\         /__/|       \  \:\       /  /::\        \  \:\
   /  /:/ /\    /  /:/        |  |:|        \  \:\     /  /:/\:\        \  \:\
  /  /:/ /::\  /__/::\        |  |:|    ___  \  \:\   /  /:/~/::\   _____\__\:\
 /__/:/ /:/\:\ \__\/\:\__   __|__|:|   /__/\  \__\:\ /__/:/ /:/\:\ /__/::::::::\
 \  \:\/:/~/:/    \  \:\/\ /__/::::\   \  \:\ /  /:/ \  \:\/:/__\/ \  \:\~~\~~\/
  \  \::/ /:/      \__\::/    ~\~~\:\   \  \:\  /:/   \  \::/       \  \:\  ~~~
   \__\/ /:/       /__/:/       \  \:\   \  \:\/:/     \  \:\        \  \:\
     /__/:/        \__\/         \__\/    \  \::/       \  \:\        \  \:\
     \__\/                                 \__\/         \__\/         \__\/
I 2026/01/12 17:17:11 runtime.go:108: kernel is booting:
    * ver [3.4.2]
    * arch [arm64]
    * os [alpine]
    * pid [1]
    * runtime mode [prod]
    * working directory [/opt/siyuan]
    * read only [false]
    * container [docker]
    * database [ver=20220501]
    * workspace directory [/opt/siyuan/workspace]
I 2026/01/12 17:17:11 main.go:41: [BOOT] Boot() completed
I 2026/01/12 17:17:11 conf.go:129: loaded conf [/opt/siyuan/workspace/conf/conf.json]
I 2026/01/12 17:17:11 auth.go:137: Initialized 0 user accounts for login
I 2026/01/12 17:17:11 conf.go:627: Ollama API enabled (default)
    baseURL=http://localhost:11434
    timeout=30s
    proxy=
    model=nemotron-3-nano:30b-cloud
    maxTokens=0
    temperature=1.0
    maxContexts=7
I 2026/01/12 17:17:11 runtime.go:160: use network proxy [system]
I 2026/01/12 17:17:11 main.go:45: [BOOT] InitConf() completed
I 2026/01/12 17:17:11 main.go:49: [BOOT] Server started in goroutine
I 2026/01/12 17:17:11 main.go:52: [BOOT] Starting InitAppearance()...
W 2026/01/12 17:17:11 ollama_setup.go:31: Ollama server not available at http://localhost:11434
I 2026/01/12 17:17:11 ollama_setup.go:32: To use Ollama AI, please install Ollama from https://ollama.ai and start the server
W 2026/01/12 17:17:11 ollama_setup.go:81: Ollama server not available: Get "http://localhost:11434/api/tags": dial tcp [::1]:11434: connect: connection refused (this is OK if Ollama is not running)
E 2026/01/12 17:17:11 appearance.go:47: copy appearance resources from [/opt/siyuan/appearance] to [/opt/siyuan/workspace/conf/appearance] failed: open /opt/siyuan/workspace/conf/appearance/boot/icon.png: resource deadlock avoided
E 2026/01/12 17:17:11 runtime.go:190: check file system status failed: open /opt/siyuan/workspace/conf/appearance/boot/icon.png: resource deadlock avoided, github.com/siyuan-note/siyuan/kernel/model.InitAppearance()
	/kernel/model/appearance.go:48 +0x2ec
main.main()
	/kernel/main.go:53 +0xbc
I 2026/01/12 17:17:11 main.go:54: [BOOT] InitAppearance() completed
I 2026/01/12 17:17:11 main.go:56: [BOOT] Starting InitDatabase()...
I 2026/01/12 17:17:11 serve.go:225: kernel [pid=1] http server [0.0.0.0:6806] is booting
I 2026/01/12 17:17:11 working.go:558: database [/opt/siyuan/workspace/temp/siyuan.db] size [5.58 MB]
I 2026/01/12 17:17:11 working.go:558: database [/opt/siyuan/workspace/temp/blocktree.db] size [671.75 kB]
I 2026/01/12 17:17:11 runtime.go:78: [BOOT] HookUILoaded started, waiting for UI connection...
I 2026/01/12 17:17:11 main.go:58: [BOOT] InitDatabase() completed
I 2026/01/12 17:17:11 main.go:60: [BOOT] Starting InitHistoryDatabase()...
I 2026/01/12 17:17:11 working.go:558: database [/opt/siyuan/workspace/temp/history.db] size [8.2 kB]
I 2026/01/12 17:17:11 main.go:62: [BOOT] InitHistoryDatabase() completed
I 2026/01/12 17:17:11 main.go:64: [BOOT] Starting InitAssetContentDatabase()...
I 2026/01/12 17:17:11 working.go:558: database [/opt/siyuan/workspace/temp/asset_content.db] size [8.2 kB]
I 2026/01/12 17:17:11 main.go:66: [BOOT] InitAssetContentDatabase() completed
I 2026/01/12 17:17:11 main.go:70: [BOOT] SQL settings configured
I 2026/01/12 17:17:11 main.go:72: [BOOT] Starting BootSyncData()...
I 2026/01/12 17:17:11 sync.go:126: [BOOT] BootSyncData() started
I 2026/01/12 17:17:11 sync.go:133: [BOOT] Sync.Perception is false, skipping WebSocket
I 2026/01/12 17:17:11 sync.go:136: [BOOT] Checking sync...
I 2026/01/12 17:17:11 sync.go:138: [BOOT] checkSync returned false, skipping sync
I 2026/01/12 17:17:11 main.go:74: [BOOT] BootSyncData() completed
I 2026/01/12 17:17:11 main.go:76: [BOOT] Starting InitBoxes()...
I 2026/01/12 17:17:11 conf.go:1055: [BOOT] InitBoxes() started
I 2026/01/12 17:17:11 conf.go:1058: [BOOT] Block count: 5, initialized: true
I 2026/01/12 17:17:11 conf.go:1061: [BOOT] Listing notebooks...
I 2026/01/12 17:17:11 conf.go:1089: [BOOT] Processing 1 opened boxes...
I 2026/01/12 17:17:11 conf.go:1091: [BOOT] Processing box [20251230113409-4y9ye0l]...
I 2026/01/12 17:17:11 conf.go:1101: tree/block count [2/5], notebooks [1]
I 2026/01/12 17:17:11 conf.go:1102: [BOOT] InitBoxes() completed
I 2026/01/12 17:17:11 main.go:78: [BOOT] InitBoxes() completed
I 2026/01/12 17:17:11 main.go:80: [BOOT] Starting LoadFlashcards()...
I 2026/01/12 17:17:11 main.go:82: [BOOT] LoadFlashcards() completed
I 2026/01/12 17:17:11 main.go:84: [BOOT] Starting LoadAssetsTexts()...
I 2026/01/12 17:17:11 main.go:86: [BOOT] LoadAssetsTexts() completed
I 2026/01/12 17:17:11 main.go:88: [BOOT] Setting booted flag...
I 2026/01/12 17:17:11 working.go:226: kernel booted
I 2026/01/12 17:17:11 main.go:90: [BOOT] Booted flag set
I 2026/01/12 17:17:11 main.go:92: [BOOT] All initialization completed successfully!
I 2026/01/12 17:17:11 font.go:57: loaded system fonts [0] in [0ms]
I 2026/01/12 17:17:12 box.go:77: auto stat [trees=2, blocks=5, dataSize=69.94 kB, assetsSize=0 B]
I 2026/01/12 17:17:12 cron.go:61: cron job [[RefreshRhyResultJob]] executed
I 2026/01/12 17:17:12 auth.go:137: Initialized 0 user accounts for login
W 2026/01/12 17:17:16 runtime.go:83: [BOOT] HookUILoaded timeout after 5 seconds, continuing anyway
E 2026/01/12 17:18:12 cloud_service.go:326: write announcement conf failed: open /home/siyuan/.config/siyuan/announcement.json: no such file or directory
I 2026/01/12 17:18:18 process.go:36: received os signal [terminated], exit kernel process now
I 2026/01/12 17:18:18 conf.go:807: exiting kernel [force=false, setCurrentWorkspace=true, execInstallPkg=1]
I 2026/01/12 17:18:19 database.go:1365: closed database
I 2026/01/12 17:18:19 conf.go:1277: cleared workspace temp
I 2026/01/12 17:18:19 sync.go:833: sync websocket closed
I 2026/01/12 17:18:20 conf.go:877: exited kernel
I 2026/01/12 17:18:21 working.go:180: 
      ___                                   ___           ___           ___
     /  /\        ___           ___        /__/\         /  /\         /__/\
    /  /:/_      /  /\         /__/|       \  \:\       /  /::\        \  \:\
   /  /:/ /\    /  /:/        |  |:|        \  \:\     /  /:/\:\        \  \:\
  /  /:/ /::\  /__/::\        |  |:|    ___  \  \:\   /  /:/~/::\   _____\__\:\
 /__/:/ /:/\:\ \__\/\:\__   __|__|:|   /__/\  \__\:\ /__/:/ /:/\:\ /__/::::::::\
 \  \:\/:/~/:/    \  \:\/\ /__/::::\   \  \:\ /  /:/ \  \:\/:/__\/ \  \:\~~\~~\/
  \  \::/ /:/      \__\::/    ~\~~\:\   \  \:\  /:/   \  \::/       \  \:\  ~~~
   \__\/ /:/       /__/:/       \  \:\   \  \:\/:/     \  \:\        \  \:\
     /__/:/        \__\/         \__\/    \  \::/       \  \:\        \  \:\
     \__\/                                 \__\/         \__\/         \__\/
I 2026/01/12 17:18:21 runtime.go:108: kernel is booting:
    * ver [3.4.2]
    * arch [arm64]
    * os [alpine]
    * pid [1]
    * runtime mode [prod]
    * working directory [/opt/siyuan]
    * read only [false]
    * container [docker]
    * database [ver=20220501]
    * workspace directory [/opt/siyuan/workspace]
I 2026/01/12 17:18:21 main.go:41: [BOOT] Boot() completed
I 2026/01/12 17:18:21 conf.go:129: loaded conf [/opt/siyuan/workspace/conf/conf.json]
I 2026/01/12 17:18:21 auth.go:137: Initialized 0 user accounts for login
I 2026/01/12 17:18:21 conf.go:627: Ollama API enabled (default)
    baseURL=http://host.docker.internal:11434
    timeout=60s
    proxy=
    model=nemotron-3-nano:30b-cloud
    maxTokens=4096
    temperature=0.7
    maxContexts=7
I 2026/01/12 17:18:21 runtime.go:160: use network proxy [system]
I 2026/01/12 17:18:21 main.go:45: [BOOT] InitConf() completed
I 2026/01/12 17:18:21 main.go:49: [BOOT] Server started in goroutine
I 2026/01/12 17:18:21 main.go:52: [BOOT] Starting InitAppearance()...
W 2026/01/12 17:18:21 ollama_setup.go:31: Ollama server not available at http://localhost:11434
I 2026/01/12 17:18:21 ollama_setup.go:32: To use Ollama AI, please install Ollama from https://ollama.ai and start the server
W 2026/01/12 17:18:21 ollama_setup.go:81: Ollama server not available: Get "http://localhost:11434/api/tags": dial tcp [::1]:11434: connect: connection refused (this is OK if Ollama is not running)
I 2026/01/12 17:18:21 serve.go:225: kernel [pid=1] http server [0.0.0.0:6806] is booting
E 2026/01/12 17:18:21 appearance.go:47: copy appearance resources from [/opt/siyuan/appearance] to [/opt/siyuan/workspace/conf/appearance] failed: open /opt/siyuan/workspace/conf/appearance/boot/icon.png: resource deadlock avoided
E 2026/01/12 17:18:21 runtime.go:190: check file system status failed: open /opt/siyuan/workspace/conf/appearance/boot/icon.png: resource deadlock avoided, github.com/siyuan-note/siyuan/kernel/model.InitAppearance()
	/kernel/model/appearance.go:48 +0x2ec
main.main()
	/kernel/main.go:53 +0xbc
I 2026/01/12 17:18:21 main.go:54: [BOOT] InitAppearance() completed
I 2026/01/12 17:18:21 main.go:56: [BOOT] Starting InitDatabase()...
I 2026/01/12 17:18:21 runtime.go:78: [BOOT] HookUILoaded started, waiting for UI connection...
I 2026/01/12 17:18:21 working.go:558: database [/opt/siyuan/workspace/temp/siyuan.db] size [5.58 MB]
I 2026/01/12 17:18:21 working.go:558: database [/opt/siyuan/workspace/temp/blocktree.db] size [671.75 kB]
I 2026/01/12 17:18:21 main.go:58: [BOOT] InitDatabase() completed
I 2026/01/12 17:18:21 main.go:60: [BOOT] Starting InitHistoryDatabase()...
I 2026/01/12 17:18:21 working.go:558: database [/opt/siyuan/workspace/temp/history.db] size [8.2 kB]
I 2026/01/12 17:18:21 main.go:62: [BOOT] InitHistoryDatabase() completed
I 2026/01/12 17:18:21 main.go:64: [BOOT] Starting InitAssetContentDatabase()...
I 2026/01/12 17:18:21 working.go:558: database [/opt/siyuan/workspace/temp/asset_content.db] size [8.2 kB]
I 2026/01/12 17:18:21 main.go:66: [BOOT] InitAssetContentDatabase() completed
I 2026/01/12 17:18:21 main.go:70: [BOOT] SQL settings configured
I 2026/01/12 17:18:21 main.go:72: [BOOT] Starting BootSyncData()...
I 2026/01/12 17:18:21 sync.go:126: [BOOT] BootSyncData() started
I 2026/01/12 17:18:21 sync.go:133: [BOOT] Sync.Perception is false, skipping WebSocket
I 2026/01/12 17:18:21 sync.go:136: [BOOT] Checking sync...
I 2026/01/12 17:18:21 sync.go:138: [BOOT] checkSync returned false, skipping sync
I 2026/01/12 17:18:21 main.go:74: [BOOT] BootSyncData() completed
I 2026/01/12 17:18:21 main.go:76: [BOOT] Starting InitBoxes()...
I 2026/01/12 17:18:21 conf.go:1055: [BOOT] InitBoxes() started
I 2026/01/12 17:18:21 conf.go:1058: [BOOT] Block count: 5, initialized: true
I 2026/01/12 17:18:21 conf.go:1061: [BOOT] Listing notebooks...
I 2026/01/12 17:18:21 conf.go:1089: [BOOT] Processing 1 opened boxes...
I 2026/01/12 17:18:21 conf.go:1091: [BOOT] Processing box [20251230113409-4y9ye0l]...
I 2026/01/12 17:18:21 conf.go:1101: tree/block count [2/5], notebooks [1]
I 2026/01/12 17:18:21 conf.go:1102: [BOOT] InitBoxes() completed
I 2026/01/12 17:18:21 main.go:78: [BOOT] InitBoxes() completed
I 2026/01/12 17:18:21 main.go:80: [BOOT] Starting LoadFlashcards()...
I 2026/01/12 17:18:21 main.go:82: [BOOT] LoadFlashcards() completed
I 2026/01/12 17:18:21 main.go:84: [BOOT] Starting LoadAssetsTexts()...
I 2026/01/12 17:18:21 main.go:86: [BOOT] LoadAssetsTexts() completed
I 2026/01/12 17:18:21 main.go:88: [BOOT] Setting booted flag...
I 2026/01/12 17:18:21 working.go:226: kernel booted
I 2026/01/12 17:18:21 main.go:90: [BOOT] Booted flag set
I 2026/01/12 17:18:21 main.go:92: [BOOT] All initialization completed successfully!
I 2026/01/12 17:18:21 font.go:57: loaded system fonts [0] in [0ms]
I 2026/01/12 17:18:21 box.go:77: auto stat [trees=2, blocks=5, dataSize=69.94 kB, assetsSize=0 B]
I 2026/01/12 17:18:22 cron.go:61: cron job [[RefreshRhyResultJob]] executed
I 2026/01/12 17:18:22 auth.go:137: Initialized 0 user accounts for login
W 2026/01/12 17:18:26 runtime.go:83: [BOOT] HookUILoaded timeout after 5 seconds, continuing anyway
E 2026/01/12 17:19:21 cloud_service.go:326: write announcement conf failed: open /home/siyuan/.config/siyuan/announcement.json: no such file or directory
I 2026/01/12 17:19:49 serve.go:596: [WS] WebSocket connection attempt from [172.19.0.1:64584], URI: [/ws?app=rk4it&id=81de2cb7-a130-47e4-9cbd-89b609bf949c&type=main]
I 2026/01/12 17:19:49 serve.go:675: [WS] WebSocket connected: app=[rk4it], id=[81de2cb7-a130-47e4-9cbd-89b609bf949c], type=[main]
I 2026/01/12 17:19:49 serve.go:596: [WS] WebSocket connection attempt from [172.19.0.1:64618], URI: [/ws?app=rk4it&id=e385eaff-0c03-48ba-b124-5f556e5ec6d3&type=filetree]
I 2026/01/12 17:19:49 serve.go:675: [WS] WebSocket connected: app=[rk4it], id=[e385eaff-0c03-48ba-b124-5f556e5ec6d3], type=[filetree]
I 2026/01/12 17:19:49 serve.go:596: [WS] WebSocket connection attempt from [172.19.0.1:64626], URI: [/ws?app=rk4it&id=21391b93-a6d9-4b8a-be00-8142988da0dd]
I 2026/01/12 17:19:49 serve.go:675: [WS] WebSocket connected: app=[rk4it], id=[21391b93-a6d9-4b8a-be00-8142988da0dd], type=[]
I 2026/01/12 17:19:49 serve.go:596: [WS] WebSocket connection attempt from [172.19.0.1:64628], URI: [/ws?app=rk4it&id=263470fe-bfba-4d29-839d-15e48f065874&type=protyle]
I 2026/01/12 17:19:49 serve.go:675: [WS] WebSocket connected: app=[rk4it], id=[263470fe-bfba-4d29-839d-15e48f065874], type=[protyle]
I 2026/01/12 17:20:02 workspace.go:245: workspace paths [[/opt/siyuan/workspace]]
I 2026/01/12 17:20:02 workspace.go:249: get workspace [/opt/siyuan/workspace]
I 2026/01/12 17:20:02 workspace.go:252: workspace [/opt/siyuan/workspace] is closed
I 2026/01/12 17:20:17 serve.go:596: [WS] WebSocket connection attempt from [172.19.0.1:57354], URI: [/ws?app=rk4it&id=a0c15dc9-62df-4651-8b2f-c9cc06c51752&type=protyle]
I 2026/01/12 17:20:17 serve.go:675: [WS] WebSocket connected: app=[rk4it], id=[a0c15dc9-62df-4651-8b2f-c9cc06c51752], type=[protyle]
I 2026/01/12 17:20:23 file.go:1595: removed doc [20251230113409-4y9ye0l/20260112172017-4nf6w0j.sy]
I 2026/01/12 17:20:33 workspace.go:245: workspace paths [[/opt/siyuan/workspace]]
I 2026/01/12 17:20:33 workspace.go:249: get workspace [/opt/siyuan/workspace]
I 2026/01/12 17:20:33 workspace.go:252: workspace [/opt/siyuan/workspace] is closed
I 2026/01/12 17:21:00 serve.go:596: [WS] WebSocket connection attempt from [172.19.0.1:64390], URI: [/ws?app=rk4it&id=d8477627-bb97-4e36-89e7-e467cce2df41]
I 2026/01/12 17:21:00 serve.go:675: [WS] WebSocket connected: app=[rk4it], id=[d8477627-bb97-4e36-89e7-e467cce2df41], type=[]
I 2026/01/12 17:21:14 auth.go:137: Initialized 0 user accounts for login
I 2026/01/12 17:21:20 workspace.go:245: workspace paths [[/opt/siyuan/workspace]]
I 2026/01/12 17:21:20 workspace.go:249: get workspace [/opt/siyuan/workspace]
I 2026/01/12 17:21:20 workspace.go:252: workspace [/opt/siyuan/workspace] is closed
I 2026/01/12 17:25:05 serve.go:596: [WS] WebSocket connection attempt from [172.19.0.1:60296], URI: [/ws?app=0xs&id=a823eaa2-6366-4dec-9730-cf6045e1ec6e&type=main]
I 2026/01/12 17:25:05 serve.go:675: [WS] WebSocket connected: app=[0xs], id=[a823eaa2-6366-4dec-9730-cf6045e1ec6e], type=[main]
I 2026/01/12 17:25:05 serve.go:596: [WS] WebSocket connection attempt from [172.19.0.1:60314], URI: [/ws?app=0xs&id=8c0fefe0-5273-4977-9c78-32c1ebb864e7&type=filetree]
I 2026/01/12 17:25:05 serve.go:675: [WS] WebSocket connected: app=[0xs], id=[8c0fefe0-5273-4977-9c78-32c1ebb864e7], type=[filetree]
I 2026/01/12 17:25:05 serve.go:596: [WS] WebSocket connection attempt from [172.19.0.1:60326], URI: [/ws?app=0xs&id=7ae2b135-289e-4414-b0f2-8c576abfac10&type=protyle]
I 2026/01/12 17:25:05 serve.go:675: [WS] WebSocket connected: app=[0xs], id=[7ae2b135-289e-4414-b0f2-8c576abfac10], type=[protyle]
I 2026/01/12 17:25:12 serve.go:596: [WS] WebSocket connection attempt from [172.19.0.1:62874], URI: [/ws?app=uw38g&id=a9f984fb-7bc3-4d24-8af1-05e7f3cadc99&type=main]
I 2026/01/12 17:25:12 serve.go:675: [WS] WebSocket connected: app=[uw38g], id=[a9f984fb-7bc3-4d24-8af1-05e7f3cadc99], type=[main]
I 2026/01/12 17:25:12 serve.go:596: [WS] WebSocket connection attempt from [172.19.0.1:62892], URI: [/ws?app=uw38g&id=96452693-64f9-46f0-a74b-dd59fd681693&type=filetree]
I 2026/01/12 17:25:12 serve.go:675: [WS] WebSocket connected: app=[uw38g], id=[96452693-64f9-46f0-a74b-dd59fd681693], type=[filetree]
I 2026/01/12 17:25:12 serve.go:596: [WS] WebSocket connection attempt from [172.19.0.1:62898], URI: [/ws?app=uw38g&id=256349da-7cf6-4afb-bfde-c8eb17d7bcf7&type=protyle]
I 2026/01/12 17:25:12 serve.go:675: [WS] WebSocket connected: app=[uw38g], id=[256349da-7cf6-4afb-bfde-c8eb17d7bcf7], type=[protyle]
I 2026/01/12 17:25:12 serve.go:596: [WS] WebSocket connection attempt from [172.19.0.1:62914], URI: [/ws?app=tpxvw&id=f187c675-9d05-453c-98a7-2ca39c884eb9&type=main]
I 2026/01/12 17:25:12 serve.go:675: [WS] WebSocket connected: app=[tpxvw], id=[f187c675-9d05-453c-98a7-2ca39c884eb9], type=[main]
I 2026/01/12 17:25:12 serve.go:596: [WS] WebSocket connection attempt from [172.19.0.1:62930], URI: [/ws?app=tpxvw&id=7530101b-6875-42a8-9443-17e6ff064c39&type=filetree]
I 2026/01/12 17:25:12 serve.go:675: [WS] WebSocket connected: app=[tpxvw], id=[7530101b-6875-42a8-9443-17e6ff064c39], type=[filetree]
I 2026/01/12 17:25:12 serve.go:596: [WS] WebSocket connection attempt from [172.19.0.1:62938], URI: [/ws?app=tpxvw&id=389eb359-3d76-4fce-a82f-5822d45f319e&type=protyle]
I 2026/01/12 17:25:12 serve.go:675: [WS] WebSocket connected: app=[tpxvw], id=[389eb359-3d76-4fce-a82f-5822d45f319e], type=[protyle]
I 2026/01/12 17:25:14 serve.go:596: [WS] WebSocket connection attempt from [172.19.0.1:62952], URI: [/ws?app=ljnkj&id=d1b0ca57-f526-4def-9746-c8f91b367ea9&type=main]
I 2026/01/12 17:25:14 serve.go:675: [WS] WebSocket connected: app=[ljnkj], id=[d1b0ca57-f526-4def-9746-c8f91b367ea9], type=[main]
I 2026/01/12 17:25:14 serve.go:596: [WS] WebSocket connection attempt from [172.19.0.1:62966], URI: [/ws?app=ljnkj&id=18a4cc73-4f11-43a8-b263-f5a0886fe6a8&type=filetree]
I 2026/01/12 17:25:14 serve.go:675: [WS] WebSocket connected: app=[ljnkj], id=[18a4cc73-4f11-43a8-b263-f5a0886fe6a8], type=[filetree]
I 2026/01/12 17:25:14 serve.go:596: [WS] WebSocket connection attempt from [172.19.0.1:62968], URI: [/ws?app=ljnkj&id=80d242e7-1ecf-4993-bdfc-38353f4dce1f&type=protyle]
I 2026/01/12 17:25:14 serve.go:675: [WS] WebSocket connected: app=[ljnkj], id=[80d242e7-1ecf-4993-bdfc-38353f4dce1f], type=[protyle]
I 2026/01/12 17:25:15 serve.go:596: [WS] WebSocket connection attempt from [172.19.0.1:62978], URI: [/ws?app=hmkb4&id=f1ae7dec-3012-47f4-8831-a2aeb23c8f70&type=main]
I 2026/01/12 17:25:15 serve.go:675: [WS] WebSocket connected: app=[hmkb4], id=[f1ae7dec-3012-47f4-8831-a2aeb23c8f70], type=[main]
I 2026/01/12 17:25:15 serve.go:596: [WS] WebSocket connection attempt from [172.19.0.1:62994], URI: [/ws?app=hmkb4&id=e66535e5-d9e7-4005-ae58-e5e050e0184a&type=filetree]
I 2026/01/12 17:25:15 serve.go:675: [WS] WebSocket connected: app=[hmkb4], id=[e66535e5-d9e7-4005-ae58-e5e050e0184a], type=[filetree]
I 2026/01/12 17:25:15 serve.go:596: [WS] WebSocket connection attempt from [172.19.0.1:63004], URI: [/ws?app=hmkb4&id=a5cb219b-e3f5-4e00-b980-c54b3ef1232e&type=protyle]
I 2026/01/12 17:25:15 serve.go:675: [WS] WebSocket connected: app=[hmkb4], id=[a5cb219b-e3f5-4e00-b980-c54b3ef1232e], type=[protyle]
I 2026/01/12 17:25:16 serve.go:596: [WS] WebSocket connection attempt from [172.19.0.1:63010], URI: [/ws?app=hmkb4&id=3e82bc16-2a4b-456b-be2b-9f9d01a64daa&type=protyle]
I 2026/01/12 17:25:16 serve.go:675: [WS] WebSocket connected: app=[hmkb4], id=[3e82bc16-2a4b-456b-be2b-9f9d01a64daa], type=[protyle]
I 2026/01/12 17:25:19 serve.go:596: [WS] WebSocket connection attempt from [172.19.0.1:57796], URI: [/ws?app=tpxvw&id=4879d324-268b-41f6-92f9-c7de59a99401]
I 2026/01/12 17:25:19 serve.go:675: [WS] WebSocket connected: app=[tpxvw], id=[4879d324-268b-41f6-92f9-c7de59a99401], type=[]
I 2026/01/12 17:36:33 serve.go:596: [WS] WebSocket connection attempt from [172.19.0.1:59346], URI: [/ws?app=hq4en&id=a7ad1248-84e8-4c5d-acef-5f0f15640c0c&type=main]
I 2026/01/12 17:36:33 serve.go:675: [WS] WebSocket connected: app=[hq4en], id=[a7ad1248-84e8-4c5d-acef-5f0f15640c0c], type=[main]
I 2026/01/12 17:36:33 serve.go:596: [WS] WebSocket connection attempt from [172.19.0.1:59390], URI: [/ws?app=hq4en&id=3353944b-0be3-4222-9aba-8e76e2685948&type=filetree]
I 2026/01/12 17:36:33 serve.go:675: [WS] WebSocket connected: app=[hq4en], id=[3353944b-0be3-4222-9aba-8e76e2685948], type=[filetree]
I 2026/01/12 17:36:33 serve.go:596: [WS] WebSocket connection attempt from [172.19.0.1:59400], URI: [/ws?app=hq4en&id=1093579e-b1d9-4d03-b454-9fa901bc1ba5&type=protyle]
I 2026/01/12 17:36:33 serve.go:675: [WS] WebSocket connected: app=[hq4en], id=[1093579e-b1d9-4d03-b454-9fa901bc1ba5], type=[protyle]
I 2026/01/12 17:36:35 serve.go:596: [WS] WebSocket connection attempt from [172.19.0.1:59412], URI: [/ws?app=hq4en&id=143a7bbe-d611-4012-9ac7-0f58237f7bc7&type=protyle]
I 2026/01/12 17:36:35 serve.go:675: [WS] WebSocket connected: app=[hq4en], id=[143a7bbe-d611-4012-9ac7-0f58237f7bc7], type=[protyle]
I 2026/01/12 17:37:10 session.go:136: Login attempt: username=[sha], account found=[false]
W 2026/01/12 17:37:10 session.go:142: invalid username [sha] [ip=172.19.0.1:59378] - account not found
I 2026/01/12 17:37:15 conf.go:807: exiting kernel [force=false, setCurrentWorkspace=true, execInstallPkg=0]
I 2026/01/12 17:37:15 database.go:1365: closed database
I 2026/01/12 17:37:15 conf.go:1277: cleared workspace temp
I 2026/01/12 17:37:16 sync.go:833: sync websocket closed
I 2026/01/12 17:37:16 serve.go:596: [WS] WebSocket connection attempt from [172.19.0.1:63916], URI: [/ws?app=siyuan&id=auth]
I 2026/01/12 17:37:16 serve.go:675: [WS] WebSocket connected: app=[siyuan], id=[auth], type=[]
I 2026/01/12 17:37:16 conf.go:877: exited kernel
I 2026/01/12 17:37:17 working.go:180: 
      ___                                   ___           ___           ___
     /  /\        ___           ___        /__/\         /  /\         /__/\
    /  /:/_      /  /\         /__/|       \  \:\       /  /::\        \  \:\
   /  /:/ /\    /  /:/        |  |:|        \  \:\     /  /:/\:\        \  \:\
  /  /:/ /::\  /__/::\        |  |:|    ___  \  \:\   /  /:/~/::\   _____\__\:\
 /__/:/ /:/\:\ \__\/\:\__   __|__|:|   /__/\  \__\:\ /__/:/ /:/\:\ /__/::::::::\
 \  \:\/:/~/:/    \  \:\/\ /__/::::\   \  \:\ /  /:/ \  \:\/:/__\/ \  \:\~~\~~\/
  \  \::/ /:/      \__\::/    ~\~~\:\   \  \:\  /:/   \  \::/       \  \:\  ~~~
   \__\/ /:/       /__/:/       \  \:\   \  \:\/:/     \  \:\        \  \:\
     /__/:/        \__\/         \__\/    \  \::/       \  \:\        \  \:\
     \__\/                                 \__\/         \__\/         \__\/
I 2026/01/12 17:37:17 runtime.go:108: kernel is booting:
    * ver [3.4.2]
    * arch [arm64]
    * os [alpine]
    * pid [1]
    * runtime mode [prod]
    * working directory [/opt/siyuan]
    * read only [false]
    * container [docker]
    * database [ver=20220501]
    * workspace directory [/opt/siyuan/workspace]
I 2026/01/12 17:37:17 main.go:41: [BOOT] Boot() completed
I 2026/01/12 17:37:17 conf.go:129: loaded conf [/opt/siyuan/workspace/conf/conf.json]
I 2026/01/12 17:37:17 auth.go:137: Initialized 0 user accounts for login
I 2026/01/12 17:37:17 conf.go:627: Ollama API enabled (default)
    baseURL=http://host.docker.internal:11434
    timeout=60s
    proxy=
    model=nemotron-3-nano:30b-cloud
    maxTokens=4096
    temperature=0.7
    maxContexts=7
W 2026/01/12 17:37:17 ollama_setup.go:31: Ollama server not available at http://localhost:11434
I 2026/01/12 17:37:17 ollama_setup.go:32: To use Ollama AI, please install Ollama from https://ollama.ai and start the server
I 2026/01/12 17:37:17 runtime.go:160: use network proxy [system]
I 2026/01/12 17:37:17 main.go:45: [BOOT] InitConf() completed
I 2026/01/12 17:37:17 main.go:49: [BOOT] Server started in goroutine
I 2026/01/12 17:37:17 main.go:52: [BOOT] Starting InitAppearance()...
W 2026/01/12 17:37:17 ollama_setup.go:81: Ollama server not available: Get "http://localhost:11434/api/tags": dial tcp [::1]:11434: connect: connection refused (this is OK if Ollama is not running)
E 2026/01/12 17:37:17 appearance.go:47: copy appearance resources from [/opt/siyuan/appearance] to [/opt/siyuan/workspace/conf/appearance] failed: open /opt/siyuan/workspace/conf/appearance/boot/icon.png: resource deadlock avoided
E 2026/01/12 17:37:17 runtime.go:190: check file system status failed: open /opt/siyuan/workspace/conf/appearance/boot/icon.png: resource deadlock avoided, github.com/siyuan-note/siyuan/kernel/model.InitAppearance()
	/kernel/model/appearance.go:48 +0x2ec
main.main()
	/kernel/main.go:53 +0xbc
I 2026/01/12 17:37:17 main.go:54: [BOOT] InitAppearance() completed
I 2026/01/12 17:37:17 main.go:56: [BOOT] Starting InitDatabase()...
I 2026/01/12 17:37:17 working.go:558: database [/opt/siyuan/workspace/temp/siyuan.db] size [5.58 MB]
I 2026/01/12 17:37:17 working.go:558: database [/opt/siyuan/workspace/temp/blocktree.db] size [671.75 kB]
I 2026/01/12 17:37:17 serve.go:225: kernel [pid=1] http server [0.0.0.0:6806] is booting
I 2026/01/12 17:37:17 runtime.go:78: [BOOT] HookUILoaded started, waiting for UI connection...
I 2026/01/12 17:37:17 main.go:58: [BOOT] InitDatabase() completed
I 2026/01/12 17:37:17 main.go:60: [BOOT] Starting InitHistoryDatabase()...
I 2026/01/12 17:37:17 working.go:558: database [/opt/siyuan/workspace/temp/history.db] size [8.2 kB]
I 2026/01/12 17:37:17 main.go:62: [BOOT] InitHistoryDatabase() completed
I 2026/01/12 17:37:17 main.go:64: [BOOT] Starting InitAssetContentDatabase()...
I 2026/01/12 17:37:17 working.go:558: database [/opt/siyuan/workspace/temp/asset_content.db] size [8.2 kB]
I 2026/01/12 17:37:17 main.go:66: [BOOT] InitAssetContentDatabase() completed
I 2026/01/12 17:37:17 main.go:70: [BOOT] SQL settings configured
I 2026/01/12 17:37:17 main.go:72: [BOOT] Starting BootSyncData()...
I 2026/01/12 17:37:17 sync.go:126: [BOOT] BootSyncData() started
I 2026/01/12 17:37:17 sync.go:133: [BOOT] Sync.Perception is false, skipping WebSocket
I 2026/01/12 17:37:17 sync.go:136: [BOOT] Checking sync...
I 2026/01/12 17:37:17 sync.go:138: [BOOT] checkSync returned false, skipping sync
I 2026/01/12 17:37:17 main.go:74: [BOOT] BootSyncData() completed
I 2026/01/12 17:37:17 main.go:76: [BOOT] Starting InitBoxes()...
I 2026/01/12 17:37:17 conf.go:1055: [BOOT] InitBoxes() started
I 2026/01/12 17:37:17 conf.go:1058: [BOOT] Block count: 7, initialized: true
I 2026/01/12 17:37:17 conf.go:1061: [BOOT] Listing notebooks...
I 2026/01/12 17:37:17 conf.go:1089: [BOOT] Processing 1 opened boxes...
I 2026/01/12 17:37:17 conf.go:1091: [BOOT] Processing box [20251230113409-4y9ye0l]...
I 2026/01/12 17:37:17 conf.go:1101: tree/block count [2/7], notebooks [1]
I 2026/01/12 17:37:17 conf.go:1102: [BOOT] InitBoxes() completed
I 2026/01/12 17:37:17 main.go:78: [BOOT] InitBoxes() completed
I 2026/01/12 17:37:17 main.go:80: [BOOT] Starting LoadFlashcards()...
I 2026/01/12 17:37:17 main.go:82: [BOOT] LoadFlashcards() completed
I 2026/01/12 17:37:17 main.go:84: [BOOT] Starting LoadAssetsTexts()...
I 2026/01/12 17:37:17 main.go:86: [BOOT] LoadAssetsTexts() completed
I 2026/01/12 17:37:17 main.go:88: [BOOT] Setting booted flag...
I 2026/01/12 17:37:17 working.go:226: kernel booted
I 2026/01/12 17:37:17 main.go:90: [BOOT] Booted flag set
I 2026/01/12 17:37:17 main.go:92: [BOOT] All initialization completed successfully!
I 2026/01/12 17:37:17 font.go:57: loaded system fonts [0] in [0ms]
I 2026/01/12 17:37:17 box.go:77: auto stat [trees=2, blocks=7, dataSize=70.72 kB, assetsSize=0 B]
I 2026/01/12 17:37:18 auth.go:137: Initialized 0 user accounts for login
I 2026/01/12 17:37:18 cron.go:61: cron job [[RefreshRhyResultJob]] executed
I 2026/01/12 17:37:19 serve.go:596: [WS] WebSocket connection attempt from [172.19.0.1:65532], URI: [/ws?app=hq4en&id=143a7bbe-d611-4012-9ac7-0f58237f7bc7&type=protyle]
I 2026/01/12 17:37:19 serve.go:675: [WS] WebSocket connected: app=[hq4en], id=[143a7bbe-d611-4012-9ac7-0f58237f7bc7], type=[protyle]
I 2026/01/12 17:37:19 serve.go:596: [WS] WebSocket connection attempt from [172.19.0.1:55004], URI: [/ws?app=hq4en&id=a7ad1248-84e8-4c5d-acef-5f0f15640c0c&type=main]
I 2026/01/12 17:37:19 serve.go:675: [WS] WebSocket connected: app=[hq4en], id=[a7ad1248-84e8-4c5d-acef-5f0f15640c0c], type=[main]
I 2026/01/12 17:37:19 serve.go:596: [WS] WebSocket connection attempt from [172.19.0.1:55022], URI: [/ws?app=hq4en&id=1093579e-b1d9-4d03-b454-9fa901bc1ba5&type=protyle]
I 2026/01/12 17:37:19 serve.go:675: [WS] WebSocket connected: app=[hq4en], id=[1093579e-b1d9-4d03-b454-9fa901bc1ba5], type=[protyle]
I 2026/01/12 17:37:19 serve.go:596: [WS] WebSocket connection attempt from [172.19.0.1:55030], URI: [/ws?app=hq4en&id=3353944b-0be3-4222-9aba-8e76e2685948&type=filetree]
I 2026/01/12 17:37:19 serve.go:675: [WS] WebSocket connected: app=[hq4en], id=[3353944b-0be3-4222-9aba-8e76e2685948], type=[filetree]
I 2026/01/12 17:37:20 runtime.go:89: [BOOT] UI connected with 1 main session(s)
E 2026/01/12 17:38:17 cloud_service.go:326: write announcement conf failed: open /home/siyuan/.config/siyuan/announcement.json: no such file or directory
I 2026/01/12 18:26:02 process.go:36: received os signal [terminated], exit kernel process now
I 2026/01/12 18:26:02 conf.go:807: exiting kernel [force=false, setCurrentWorkspace=true, execInstallPkg=1]
I 2026/01/12 18:26:02 database.go:1365: closed database
I 2026/01/12 18:26:02 conf.go:1277: cleared workspace temp
I 2026/01/12 18:26:03 sync.go:833: sync websocket closed
I 2026/01/12 18:26:03 conf.go:877: exited kernel
I 2026/01/12 21:43:17 process.go:36: received os signal [terminated], exit kernel process now
I 2026/01/12 21:43:17 conf.go:807: exiting kernel [force=false, setCurrentWorkspace=true, execInstallPkg=1]
I 2026/01/12 21:43:17 database.go:1365: closed database
I 2026/01/12 21:43:17 conf.go:1277: cleared workspace temp
I 2026/01/12 21:43:18 sync.go:833: sync websocket closed
I 2026/01/12 21:43:18 conf.go:877: exited kernel
I 2026/01/12 21:43:30 working.go:180: 
      ___                                   ___           ___           ___
     /  /\        ___           ___        /__/\         /  /\         /__/\
    /  /:/_      /  /\         /__/|       \  \:\       /  /::\        \  \:\
   /  /:/ /\    /  /:/        |  |:|        \  \:\     /  /:/\:\        \  \:\
  /  /:/ /::\  /__/::\        |  |:|    ___  \  \:\   /  /:/~/::\   _____\__\:\
 /__/:/ /:/\:\ \__\/\:\__   __|__|:|   /__/\  \__\:\ /__/:/ /:/\:\ /__/::::::::\
 \  \:\/:/~/:/    \  \:\/\ /__/::::\   \  \:\ /  /:/ \  \:\/:/__\/ \  \:\~~\~~\/
  \  \::/ /:/      \__\::/    ~\~~\:\   \  \:\  /:/   \  \::/       \  \:\  ~~~
   \__\/ /:/       /__/:/       \  \:\   \  \:\/:/     \  \:\        \  \:\
     /__/:/        \__\/         \__\/    \  \::/       \  \:\        \  \:\
     \__\/                                 \__\/         \__\/         \__\/
I 2026/01/12 21:43:30 runtime.go:108: kernel is booting:
    * ver [3.4.2]
    * arch [arm64]
    * os [alpine]
    * pid [1]
    * runtime mode [prod]
    * working directory [/opt/siyuan]
    * read only [false]
    * container [docker]
    * database [ver=20220501]
    * workspace directory [/opt/siyuan/workspace]
I 2026/01/12 21:43:30 main.go:41: [BOOT] Boot() completed
I 2026/01/12 21:43:30 conf.go:129: loaded conf [/opt/siyuan/workspace/conf/conf.json]
I 2026/01/12 21:43:30 auth.go:137: Initialized 0 user accounts for login
W 2026/01/12 21:43:30 ollama_setup.go:31: Ollama server not available at http://localhost:11434
I 2026/01/12 21:43:30 ollama_setup.go:32: To use Ollama AI, please install Ollama from https://ollama.ai and start the server
I 2026/01/12 21:43:30 conf.go:627: Ollama API enabled (default)
    baseURL=http://localhost:11434
    timeout=30s
    proxy=
    model=nemotron-3-nano:30b-cloud
    maxTokens=0
    temperature=1.0
    maxContexts=7
W 2026/01/12 21:43:30 ollama_setup.go:81: Ollama server not available: Get "http://localhost:11434/api/tags": dial tcp [::1]:11434: connect: connection refused (this is OK if Ollama is not running)
I 2026/01/12 21:43:30 runtime.go:160: use network proxy [system]
I 2026/01/12 21:43:30 main.go:45: [BOOT] InitConf() completed
I 2026/01/12 21:43:30 main.go:49: [BOOT] Server started in goroutine
I 2026/01/12 21:43:30 main.go:52: [BOOT] Starting InitAppearance()...
I 2026/01/12 21:43:30 serve.go:225: kernel [pid=1] http server [0.0.0.0:6806] is booting
E 2026/01/12 21:43:30 appearance.go:47: copy appearance resources from [/opt/siyuan/appearance] to [/opt/siyuan/workspace/conf/appearance] failed: open /opt/siyuan/workspace/conf/appearance/boot/icon.png: resource deadlock avoided
E 2026/01/12 21:43:30 runtime.go:190: check file system status failed: open /opt/siyuan/workspace/conf/appearance/boot/icon.png: resource deadlock avoided, github.com/siyuan-note/siyuan/kernel/model.InitAppearance()
	/kernel/model/appearance.go:48 +0x2ec
main.main()
	/kernel/main.go:53 +0xbc
I 2026/01/12 21:43:30 main.go:54: [BOOT] InitAppearance() completed
I 2026/01/12 21:43:30 main.go:56: [BOOT] Starting InitDatabase()...
I 2026/01/12 21:43:30 working.go:558: database [/opt/siyuan/workspace/temp/siyuan.db] size [106.5 kB]
I 2026/01/12 21:43:30 runtime.go:78: [BOOT] HookUILoaded started, waiting for UI connection...
I 2026/01/12 21:43:30 working.go:558: database [/opt/siyuan/workspace/temp/blocktree.db] size [671.75 kB]
I 2026/01/12 21:43:30 main.go:58: [BOOT] InitDatabase() completed
I 2026/01/12 21:43:30 main.go:60: [BOOT] Starting InitHistoryDatabase()...
I 2026/01/12 21:43:30 working.go:558: database [/opt/siyuan/workspace/temp/history.db] size [8.2 kB]
I 2026/01/12 21:43:30 main.go:62: [BOOT] InitHistoryDatabase() completed
I 2026/01/12 21:43:30 main.go:64: [BOOT] Starting InitAssetContentDatabase()...
I 2026/01/12 21:43:30 working.go:558: database [/opt/siyuan/workspace/temp/asset_content.db] size [8.2 kB]
I 2026/01/12 21:43:30 main.go:66: [BOOT] InitAssetContentDatabase() completed
I 2026/01/12 21:43:30 main.go:70: [BOOT] SQL settings configured
I 2026/01/12 21:43:30 main.go:72: [BOOT] Starting BootSyncData()...
I 2026/01/12 21:43:30 sync.go:126: [BOOT] BootSyncData() started
I 2026/01/12 21:43:30 sync.go:133: [BOOT] Sync.Perception is false, skipping WebSocket
I 2026/01/12 21:43:30 sync.go:136: [BOOT] Checking sync...
I 2026/01/12 21:43:30 sync.go:138: [BOOT] checkSync returned false, skipping sync
I 2026/01/12 21:43:30 main.go:74: [BOOT] BootSyncData() completed
I 2026/01/12 21:43:30 main.go:76: [BOOT] Starting InitBoxes()...
I 2026/01/12 21:43:30 conf.go:1055: [BOOT] InitBoxes() started
I 2026/01/12 21:43:30 conf.go:1058: [BOOT] Block count: 7, initialized: true
I 2026/01/12 21:43:30 conf.go:1061: [BOOT] Listing notebooks...
I 2026/01/12 21:43:30 conf.go:1089: [BOOT] Processing 2 opened boxes...
I 2026/01/12 21:43:30 conf.go:1091: [BOOT] Processing box [20251230113409-4y9ye0l]...
I 2026/01/12 21:43:30 conf.go:1091: [BOOT] Processing box [20260112212953-rsc8g7d]...
I 2026/01/12 21:43:30 conf.go:1101: tree/block count [2/7], notebooks [2]
I 2026/01/12 21:43:30 conf.go:1102: [BOOT] InitBoxes() completed
I 2026/01/12 21:43:30 main.go:78: [BOOT] InitBoxes() completed
I 2026/01/12 21:43:30 main.go:80: [BOOT] Starting LoadFlashcards()...
I 2026/01/12 21:43:30 main.go:82: [BOOT] LoadFlashcards() completed
I 2026/01/12 21:43:30 main.go:84: [BOOT] Starting LoadAssetsTexts()...
I 2026/01/12 21:43:30 main.go:86: [BOOT] LoadAssetsTexts() completed
I 2026/01/12 21:43:30 main.go:88: [BOOT] Setting booted flag...
I 2026/01/12 21:43:30 working.go:226: kernel booted
I 2026/01/12 21:43:30 main.go:90: [BOOT] Booted flag set
I 2026/01/12 21:43:30 main.go:92: [BOOT] All initialization completed successfully!
I 2026/01/12 21:43:30 font.go:57: loaded system fonts [0] in [0ms]
I 2026/01/12 21:43:30 box.go:77: auto stat [trees=2, blocks=7, dataSize=79.24 kB, assetsSize=0 B]
I 2026/01/12 21:43:31 auth.go:137: Initialized 0 user accounts for login
I 2026/01/12 21:43:31 cron.go:61: cron job [[RefreshRhyResultJob]] executed
W 2026/01/12 21:43:35 runtime.go:83: [BOOT] HookUILoaded timeout after 5 seconds, continuing anyway
E 2026/01/12 21:44:30 cloud_service.go:326: write announcement conf failed: open /home/siyuan/.config/siyuan/announcement.json: no such file or directory
I 2026/01/20 03:26:45 working.go:180: 
      ___                                   ___           ___           ___
     /  /\        ___           ___        /__/\         /  /\         /__/\
    /  /:/_      /  /\         /__/|       \  \:\       /  /::\        \  \:\
   /  /:/ /\    /  /:/        |  |:|        \  \:\     /  /:/\:\        \  \:\
  /  /:/ /::\  /__/::\        |  |:|    ___  \  \:\   /  /:/~/::\   _____\__\:\
 /__/:/ /:/\:\ \__\/\:\__   __|__|:|   /__/\  \__\:\ /__/:/ /:/\:\ /__/::::::::\
 \  \:\/:/~/:/    \  \:\/\ /__/::::\   \  \:\ /  /:/ \  \:\/:/__\/ \  \:\~~\~~\/
  \  \::/ /:/      \__\::/    ~\~~\:\   \  \:\  /:/   \  \::/       \  \:\  ~~~
   \__\/ /:/       /__/:/       \  \:\   \  \:\/:/     \  \:\        \  \:\
     /__/:/        \__\/         \__\/    \  \::/       \  \:\        \  \:\
     \__\/                                 \__\/         \__\/         \__\/
I 2026/01/20 03:26:45 runtime.go:108: kernel is booting:
    * ver [3.4.2]
    * arch [arm64]
    * os [alpine]
    * pid [1]
    * runtime mode [prod]
    * working directory [/opt/siyuan]
    * read only [false]
    * container [docker]
    * database [ver=20220501]
    * workspace directory [/opt/siyuan/workspace]
I 2026/01/20 03:26:45 main.go:41: [BOOT] Boot() completed
I 2026/01/20 03:26:45 conf.go:129: loaded conf [/opt/siyuan/workspace/conf/conf.json]
I 2026/01/20 03:26:45 auth.go:137: Initialized 0 user accounts for login
I 2026/01/20 03:26:45 conf.go:627: Ollama API enabled (default)
    baseURL=http://ollama:11434
    timeout=60s
    proxy=
    model=nemotron-3-nano:30b-cloud
    maxTokens=4096
    temperature=1.0
    maxContexts=10
I 2026/01/20 03:26:45 runtime.go:160: use network proxy [system]
I 2026/01/20 03:26:45 main.go:45: [BOOT] InitConf() completed
I 2026/01/20 03:26:45 main.go:49: [BOOT] Server started in goroutine
I 2026/01/20 03:26:45 main.go:52: [BOOT] Starting InitAppearance()...
W 2026/01/20 03:26:45 ollama_setup.go:31: Ollama server not available at http://localhost:11434
I 2026/01/20 03:26:45 ollama_setup.go:32: To use Ollama AI, please install Ollama from https://ollama.ai and start the server
W 2026/01/20 03:26:45 ollama_setup.go:81: Ollama server not available: Get "http://localhost:11434/api/tags": dial tcp [::1]:11434: connect: connection refused (this is OK if Ollama is not running)
I 2026/01/20 03:26:45 serve.go:225: kernel [pid=1] http server [0.0.0.0:6806] is booting
I 2026/01/20 03:26:45 runtime.go:78: [BOOT] HookUILoaded started, waiting for UI connection...
I 2026/01/20 03:26:46 main.go:54: [BOOT] InitAppearance() completed
I 2026/01/20 03:26:46 main.go:56: [BOOT] Starting InitDatabase()...
I 2026/01/20 03:26:46 working.go:558: database [/opt/siyuan/workspace/temp/siyuan.db] size [106.5 kB]
I 2026/01/20 03:26:46 working.go:558: database [/opt/siyuan/workspace/temp/blocktree.db] size [12.29 kB]
I 2026/01/20 03:26:46 main.go:58: [BOOT] InitDatabase() completed
I 2026/01/20 03:26:46 main.go:60: [BOOT] Starting InitHistoryDatabase()...
I 2026/01/20 03:26:46 working.go:558: database [/opt/siyuan/workspace/temp/history.db] size [24.58 kB]
I 2026/01/20 03:26:46 main.go:62: [BOOT] InitHistoryDatabase() completed
I 2026/01/20 03:26:46 main.go:64: [BOOT] Starting InitAssetContentDatabase()...
I 2026/01/20 03:26:46 working.go:558: database [/opt/siyuan/workspace/temp/asset_content.db] size [24.58 kB]
I 2026/01/20 03:26:46 main.go:66: [BOOT] InitAssetContentDatabase() completed
I 2026/01/20 03:26:46 main.go:70: [BOOT] SQL settings configured
I 2026/01/20 03:26:46 main.go:72: [BOOT] Starting BootSyncData()...
I 2026/01/20 03:26:46 sync.go:126: [BOOT] BootSyncData() started
I 2026/01/20 03:26:46 sync.go:133: [BOOT] Sync.Perception is false, skipping WebSocket
I 2026/01/20 03:26:46 sync.go:136: [BOOT] Checking sync...
I 2026/01/20 03:26:46 sync.go:138: [BOOT] checkSync returned false, skipping sync
I 2026/01/20 03:26:46 main.go:74: [BOOT] BootSyncData() completed
I 2026/01/20 03:26:46 main.go:76: [BOOT] Starting InitBoxes()...
I 2026/01/20 03:26:46 conf.go:1055: [BOOT] InitBoxes() started
I 2026/01/20 03:26:46 conf.go:1058: [BOOT] Block count: 7, initialized: true
I 2026/01/20 03:26:46 conf.go:1061: [BOOT] Listing notebooks...
I 2026/01/20 03:26:46 conf.go:1089: [BOOT] Processing 2 opened boxes...
I 2026/01/20 03:26:46 conf.go:1091: [BOOT] Processing box [20251230113409-4y9ye0l]...
I 2026/01/20 03:26:46 conf.go:1091: [BOOT] Processing box [20260112212953-rsc8g7d]...
I 2026/01/20 03:26:46 conf.go:1101: tree/block count [2/7], notebooks [2]
I 2026/01/20 03:26:46 conf.go:1102: [BOOT] InitBoxes() completed
I 2026/01/20 03:26:46 main.go:78: [BOOT] InitBoxes() completed
I 2026/01/20 03:26:46 main.go:80: [BOOT] Starting LoadFlashcards()...
I 2026/01/20 03:26:46 main.go:82: [BOOT] LoadFlashcards() completed
I 2026/01/20 03:26:46 main.go:84: [BOOT] Starting LoadAssetsTexts()...
I 2026/01/20 03:26:46 main.go:86: [BOOT] LoadAssetsTexts() completed
I 2026/01/20 03:26:46 main.go:88: [BOOT] Setting booted flag...
I 2026/01/20 03:26:46 working.go:226: kernel booted
I 2026/01/20 03:26:46 main.go:90: [BOOT] Booted flag set
I 2026/01/20 03:26:46 main.go:92: [BOOT] All initialization completed successfully!
I 2026/01/20 03:26:46 font.go:57: loaded system fonts [0] in [0ms]
I 2026/01/20 03:26:46 box.go:77: auto stat [trees=2, blocks=7, dataSize=63.8 kB, assetsSize=0 B]
I 2026/01/20 03:26:46 auth.go:137: Initialized 0 user accounts for login
W 2026/01/20 03:26:50 runtime.go:83: [BOOT] HookUILoaded timeout after 5 seconds, continuing anyway
I 2026/01/20 03:27:03 process.go:36: received os signal [terminated], exit kernel process now
I 2026/01/20 03:27:03 conf.go:807: exiting kernel [force=false, setCurrentWorkspace=true, execInstallPkg=1]
I 2026/01/20 03:27:03 database.go:1365: closed database
I 2026/01/20 03:27:03 conf.go:1277: cleared workspace temp
I 2026/01/20 03:27:04 sync.go:833: sync websocket closed
I 2026/01/20 03:27:04 conf.go:877: exited kernel
I 2026/01/20 03:27:05 working.go:180: 
      ___                                   ___           ___           ___
     /  /\        ___           ___        /__/\         /  /\         /__/\
    /  /:/_      /  /\         /__/|       \  \:\       /  /::\        \  \:\
   /  /:/ /\    /  /:/        |  |:|        \  \:\     /  /:/\:\        \  \:\
  /  /:/ /::\  /__/::\        |  |:|    ___  \  \:\   /  /:/~/::\   _____\__\:\
 /__/:/ /:/\:\ \__\/\:\__   __|__|:|   /__/\  \__\:\ /__/:/ /:/\:\ /__/::::::::\
 \  \:\/:/~/:/    \  \:\/\ /__/::::\   \  \:\ /  /:/ \  \:\/:/__\/ \  \:\~~\~~\/
  \  \::/ /:/      \__\::/    ~\~~\:\   \  \:\  /:/   \  \::/       \  \:\  ~~~
   \__\/ /:/       /__/:/       \  \:\   \  \:\/:/     \  \:\        \  \:\
     /__/:/        \__\/         \__\/    \  \::/       \  \:\        \  \:\
     \__\/                                 \__\/         \__\/         \__\/
I 2026/01/20 03:27:05 runtime.go:108: kernel is booting:
    * ver [3.4.2]
    * arch [arm64]
    * os [alpine]
    * pid [1]
    * runtime mode [prod]
    * working directory [/opt/siyuan]
    * read only [false]
    * container [docker]
    * database [ver=20220501]
    * workspace directory [/opt/siyuan/workspace]
I 2026/01/20 03:27:05 main.go:41: [BOOT] Boot() completed
I 2026/01/20 03:27:05 conf.go:129: loaded conf [/opt/siyuan/workspace/conf/conf.json]
I 2026/01/20 03:27:05 auth.go:137: Initialized 0 user accounts for login
I 2026/01/20 03:27:05 conf.go:627: Ollama API enabled (default)
    baseURL=http://ollama:11434
    timeout=60s
    proxy=
    model=nemotron-3-nano:30b-cloud
    maxTokens=4096
    temperature=1.0
    maxContexts=10
I 2026/01/20 03:27:05 runtime.go:160: use network proxy [system]
I 2026/01/20 03:27:05 main.go:45: [BOOT] InitConf() completed
I 2026/01/20 03:27:05 main.go:49: [BOOT] Server started in goroutine
I 2026/01/20 03:27:05 main.go:52: [BOOT] Starting InitAppearance()...
W 2026/01/20 03:27:05 ollama_setup.go:31: Ollama server not available at http://localhost:11434
I 2026/01/20 03:27:05 ollama_setup.go:32: To use Ollama AI, please install Ollama from https://ollama.ai and start the server
I 2026/01/20 03:27:05 serve.go:225: kernel [pid=1] http server [0.0.0.0:6806] is booting
W 2026/01/20 03:27:05 ollama_setup.go:81: Ollama server not available: Get "http://localhost:11434/api/tags": dial tcp [::1]:11434: connect: connection refused (this is OK if Ollama is not running)
I 2026/01/20 03:27:05 runtime.go:78: [BOOT] HookUILoaded started, waiting for UI connection...
I 2026/01/20 03:27:05 main.go:54: [BOOT] InitAppearance() completed
I 2026/01/20 03:27:05 main.go:56: [BOOT] Starting InitDatabase()...
I 2026/01/20 03:27:05 working.go:558: database [/opt/siyuan/workspace/temp/siyuan.db] size [106.5 kB]
I 2026/01/20 03:27:05 working.go:558: database [/opt/siyuan/workspace/temp/blocktree.db] size [12.29 kB]
I 2026/01/20 03:27:05 main.go:58: [BOOT] InitDatabase() completed
I 2026/01/20 03:27:05 main.go:60: [BOOT] Starting InitHistoryDatabase()...
I 2026/01/20 03:27:05 working.go:558: database [/opt/siyuan/workspace/temp/history.db] size [24.58 kB]
I 2026/01/20 03:27:05 main.go:62: [BOOT] InitHistoryDatabase() completed
I 2026/01/20 03:27:05 main.go:64: [BOOT] Starting InitAssetContentDatabase()...
I 2026/01/20 03:27:05 working.go:558: database [/opt/siyuan/workspace/temp/asset_content.db] size [24.58 kB]
I 2026/01/20 03:27:05 main.go:66: [BOOT] InitAssetContentDatabase() completed
I 2026/01/20 03:27:05 main.go:70: [BOOT] SQL settings configured
I 2026/01/20 03:27:05 main.go:72: [BOOT] Starting BootSyncData()...
I 2026/01/20 03:27:05 sync.go:126: [BOOT] BootSyncData() started
I 2026/01/20 03:27:05 sync.go:133: [BOOT] Sync.Perception is false, skipping WebSocket
I 2026/01/20 03:27:05 sync.go:136: [BOOT] Checking sync...
I 2026/01/20 03:27:05 sync.go:138: [BOOT] checkSync returned false, skipping sync
I 2026/01/20 03:27:05 main.go:74: [BOOT] BootSyncData() completed
I 2026/01/20 03:27:05 main.go:76: [BOOT] Starting InitBoxes()...
I 2026/01/20 03:27:05 conf.go:1055: [BOOT] InitBoxes() started
I 2026/01/20 03:27:05 conf.go:1058: [BOOT] Block count: 7, initialized: true
I 2026/01/20 03:27:05 conf.go:1061: [BOOT] Listing notebooks...
I 2026/01/20 03:27:05 conf.go:1089: [BOOT] Processing 2 opened boxes...
I 2026/01/20 03:27:05 conf.go:1091: [BOOT] Processing box [20251230113409-4y9ye0l]...
I 2026/01/20 03:27:05 conf.go:1091: [BOOT] Processing box [20260112212953-rsc8g7d]...
I 2026/01/20 03:27:05 conf.go:1101: tree/block count [2/7], notebooks [2]
I 2026/01/20 03:27:05 conf.go:1102: [BOOT] InitBoxes() completed
I 2026/01/20 03:27:05 main.go:78: [BOOT] InitBoxes() completed
I 2026/01/20 03:27:05 main.go:80: [BOOT] Starting LoadFlashcards()...
I 2026/01/20 03:27:05 main.go:82: [BOOT] LoadFlashcards() completed
I 2026/01/20 03:27:05 main.go:84: [BOOT] Starting LoadAssetsTexts()...
I 2026/01/20 03:27:05 main.go:86: [BOOT] LoadAssetsTexts() completed
I 2026/01/20 03:27:05 main.go:88: [BOOT] Setting booted flag...
I 2026/01/20 03:27:05 working.go:226: kernel booted
I 2026/01/20 03:27:05 main.go:90: [BOOT] Booted flag set
I 2026/01/20 03:27:05 main.go:92: [BOOT] All initialization completed successfully!
I 2026/01/20 03:27:05 font.go:57: loaded system fonts [0] in [0ms]
I 2026/01/20 03:27:05 box.go:77: auto stat [trees=2, blocks=7, dataSize=63.8 kB, assetsSize=0 B]
I 2026/01/20 03:27:06 auth.go:137: Initialized 0 user accounts for login
W 2026/01/20 03:27:10 runtime.go:83: [BOOT] HookUILoaded timeout after 5 seconds, continuing anyway
I 2026/01/20 03:27:33 process.go:36: received os signal [terminated], exit kernel process now
I 2026/01/20 03:27:33 conf.go:807: exiting kernel [force=false, setCurrentWorkspace=true, execInstallPkg=1]
I 2026/01/20 03:27:33 database.go:1365: closed database
I 2026/01/20 03:27:33 conf.go:1277: cleared workspace temp
I 2026/01/20 03:27:34 sync.go:833: sync websocket closed
I 2026/01/20 03:27:34 conf.go:877: exited kernel
I 2026/01/20 03:27:36 working.go:180: 
      ___                                   ___           ___           ___
     /  /\        ___           ___        /__/\         /  /\         /__/\
    /  /:/_      /  /\         /__/|       \  \:\       /  /::\        \  \:\
   /  /:/ /\    /  /:/        |  |:|        \  \:\     /  /:/\:\        \  \:\
  /  /:/ /::\  /__/::\        |  |:|    ___  \  \:\   /  /:/~/::\   _____\__\:\
 /__/:/ /:/\:\ \__\/\:\__   __|__|:|   /__/\  \__\:\ /__/:/ /:/\:\ /__/::::::::\
 \  \:\/:/~/:/    \  \:\/\ /__/::::\   \  \:\ /  /:/ \  \:\/:/__\/ \  \:\~~\~~\/
  \  \::/ /:/      \__\::/    ~\~~\:\   \  \:\  /:/   \  \::/       \  \:\  ~~~
   \__\/ /:/       /__/:/       \  \:\   \  \:\/:/     \  \:\        \  \:\
     /__/:/        \__\/         \__\/    \  \::/       \  \:\        \  \:\
     \__\/                                 \__\/         \__\/         \__\/
I 2026/01/20 03:27:36 runtime.go:108: kernel is booting:
    * ver [3.4.2]
    * arch [arm64]
    * os [alpine]
    * pid [1]
    * runtime mode [prod]
    * working directory [/opt/siyuan]
    * read only [false]
    * container [docker]
    * database [ver=20220501]
    * workspace directory [/opt/siyuan/workspace]
I 2026/01/20 03:27:36 main.go:41: [BOOT] Boot() completed
I 2026/01/20 03:27:36 conf.go:129: loaded conf [/opt/siyuan/workspace/conf/conf.json]
I 2026/01/20 03:27:36 auth.go:137: Initialized 0 user accounts for login
I 2026/01/20 03:27:36 conf.go:627: Ollama API enabled (default)
    baseURL=http://ollama:11434
    timeout=60s
    proxy=
    model=nemotron-3-nano:30b-cloud
    maxTokens=4096
    temperature=1.0
    maxContexts=10
W 2026/01/20 03:27:36 ollama_setup.go:31: Ollama server not available at http://localhost:11434
I 2026/01/20 03:27:36 ollama_setup.go:32: To use Ollama AI, please install Ollama from https://ollama.ai and start the server
I 2026/01/20 03:27:36 runtime.go:160: use network proxy [system]
I 2026/01/20 03:27:36 main.go:45: [BOOT] InitConf() completed
I 2026/01/20 03:27:36 main.go:49: [BOOT] Server started in goroutine
I 2026/01/20 03:27:36 main.go:52: [BOOT] Starting InitAppearance()...
W 2026/01/20 03:27:36 ollama_setup.go:81: Ollama server not available: Get "http://localhost:11434/api/tags": dial tcp [::1]:11434: connect: connection refused (this is OK if Ollama is not running)
I 2026/01/20 03:27:36 serve.go:225: kernel [pid=1] http server [0.0.0.0:6806] is booting
I 2026/01/20 03:27:36 runtime.go:78: [BOOT] HookUILoaded started, waiting for UI connection...
I 2026/01/20 03:27:36 main.go:54: [BOOT] InitAppearance() completed
I 2026/01/20 03:27:36 main.go:56: [BOOT] Starting InitDatabase()...
I 2026/01/20 03:27:36 working.go:558: database [/opt/siyuan/workspace/temp/siyuan.db] size [106.5 kB]
I 2026/01/20 03:27:36 working.go:558: database [/opt/siyuan/workspace/temp/blocktree.db] size [12.29 kB]
I 2026/01/20 03:27:36 main.go:58: [BOOT] InitDatabase() completed
I 2026/01/20 03:27:36 main.go:60: [BOOT] Starting InitHistoryDatabase()...
I 2026/01/20 03:27:36 working.go:558: database [/opt/siyuan/workspace/temp/history.db] size [24.58 kB]
I 2026/01/20 03:27:36 main.go:62: [BOOT] InitHistoryDatabase() completed
I 2026/01/20 03:27:36 main.go:64: [BOOT] Starting InitAssetContentDatabase()...
I 2026/01/20 03:27:36 working.go:558: database [/opt/siyuan/workspace/temp/asset_content.db] size [24.58 kB]
I 2026/01/20 03:27:36 main.go:66: [BOOT] InitAssetContentDatabase() completed
I 2026/01/20 03:27:36 main.go:70: [BOOT] SQL settings configured
I 2026/01/20 03:27:36 main.go:72: [BOOT] Starting BootSyncData()...
I 2026/01/20 03:27:36 sync.go:126: [BOOT] BootSyncData() started
I 2026/01/20 03:27:36 sync.go:133: [BOOT] Sync.Perception is false, skipping WebSocket
I 2026/01/20 03:27:36 sync.go:136: [BOOT] Checking sync...
I 2026/01/20 03:27:36 sync.go:138: [BOOT] checkSync returned false, skipping sync
I 2026/01/20 03:27:36 main.go:74: [BOOT] BootSyncData() completed
I 2026/01/20 03:27:36 main.go:76: [BOOT] Starting InitBoxes()...
I 2026/01/20 03:27:36 conf.go:1055: [BOOT] InitBoxes() started
I 2026/01/20 03:27:37 conf.go:1058: [BOOT] Block count: 7, initialized: true
I 2026/01/20 03:27:37 conf.go:1061: [BOOT] Listing notebooks...
I 2026/01/20 03:27:37 conf.go:1089: [BOOT] Processing 2 opened boxes...
I 2026/01/20 03:27:37 conf.go:1091: [BOOT] Processing box [20251230113409-4y9ye0l]...
I 2026/01/20 03:27:37 conf.go:1091: [BOOT] Processing box [20260112212953-rsc8g7d]...
I 2026/01/20 03:27:37 conf.go:1101: tree/block count [2/7], notebooks [2]
I 2026/01/20 03:27:37 conf.go:1102: [BOOT] InitBoxes() completed
I 2026/01/20 03:27:37 main.go:78: [BOOT] InitBoxes() completed
I 2026/01/20 03:27:37 main.go:80: [BOOT] Starting LoadFlashcards()...
I 2026/01/20 03:27:37 main.go:82: [BOOT] LoadFlashcards() completed
I 2026/01/20 03:27:37 main.go:84: [BOOT] Starting LoadAssetsTexts()...
I 2026/01/20 03:27:37 main.go:86: [BOOT] LoadAssetsTexts() completed
I 2026/01/20 03:27:37 main.go:88: [BOOT] Setting booted flag...
I 2026/01/20 03:27:37 working.go:226: kernel booted
I 2026/01/20 03:27:37 main.go:90: [BOOT] Booted flag set
I 2026/01/20 03:27:37 main.go:92: [BOOT] All initialization completed successfully!
I 2026/01/20 03:27:37 font.go:57: loaded system fonts [0] in [0ms]
I 2026/01/20 03:27:37 box.go:77: auto stat [trees=2, blocks=7, dataSize=63.8 kB, assetsSize=0 B]
I 2026/01/20 03:27:37 auth.go:137: Initialized 0 user accounts for login
W 2026/01/20 03:27:41 runtime.go:83: [BOOT] HookUILoaded timeout after 5 seconds, continuing anyway
I 2026/01/20 03:28:17 process.go:36: received os signal [terminated], exit kernel process now
I 2026/01/20 03:28:17 conf.go:807: exiting kernel [force=false, setCurrentWorkspace=true, execInstallPkg=1]
I 2026/01/20 03:28:17 database.go:1365: closed database
I 2026/01/20 03:28:17 conf.go:1277: cleared workspace temp
I 2026/01/20 03:28:18 sync.go:833: sync websocket closed
I 2026/01/20 03:28:18 conf.go:877: exited kernel
I 2026/01/20 03:28:19 working.go:180: 
      ___                                   ___           ___           ___
     /  /\        ___           ___        /__/\         /  /\         /__/\
    /  /:/_      /  /\         /__/|       \  \:\       /  /::\        \  \:\
   /  /:/ /\    /  /:/        |  |:|        \  \:\     /  /:/\:\        \  \:\
  /  /:/ /::\  /__/::\        |  |:|    ___  \  \:\   /  /:/~/::\   _____\__\:\
 /__/:/ /:/\:\ \__\/\:\__   __|__|:|   /__/\  \__\:\ /__/:/ /:/\:\ /__/::::::::\
 \  \:\/:/~/:/    \  \:\/\ /__/::::\   \  \:\ /  /:/ \  \:\/:/__\/ \  \:\~~\~~\/
  \  \::/ /:/      \__\::/    ~\~~\:\   \  \:\  /:/   \  \::/       \  \:\  ~~~
   \__\/ /:/       /__/:/       \  \:\   \  \:\/:/     \  \:\        \  \:\
     /__/:/        \__\/         \__\/    \  \::/       \  \:\        \  \:\
     \__\/                                 \__\/         \__\/         \__\/
I 2026/01/20 03:28:19 runtime.go:108: kernel is booting:
    * ver [3.4.2]
    * arch [arm64]
    * os [alpine]
    * pid [1]
    * runtime mode [prod]
    * working directory [/opt/siyuan]
    * read only [false]
    * container [docker]
    * database [ver=20220501]
    * workspace directory [/opt/siyuan/workspace]
I 2026/01/20 03:28:19 main.go:41: [BOOT] Boot() completed
I 2026/01/20 03:28:19 conf.go:129: loaded conf [/opt/siyuan/workspace/conf/conf.json]
I 2026/01/20 03:28:19 auth.go:137: Initialized 0 user accounts for login
I 2026/01/20 03:28:19 conf.go:627: Ollama API enabled (default)
    baseURL=http://ollama:11434
    timeout=60s
    proxy=
    model=nemotron-3-nano:30b-cloud
    maxTokens=4096
    temperature=1.0
    maxContexts=10
I 2026/01/20 03:28:19 runtime.go:160: use network proxy [system]
I 2026/01/20 03:28:19 main.go:45: [BOOT] InitConf() completed
I 2026/01/20 03:28:19 main.go:49: [BOOT] Server started in goroutine
I 2026/01/20 03:28:19 main.go:52: [BOOT] Starting InitAppearance()...
W 2026/01/20 03:28:19 ollama_setup.go:31: Ollama server not available at http://localhost:11434
I 2026/01/20 03:28:19 ollama_setup.go:32: To use Ollama AI, please install Ollama from https://ollama.ai and start the server
W 2026/01/20 03:28:19 ollama_setup.go:81: Ollama server not available: Get "http://localhost:11434/api/tags": dial tcp [::1]:11434: connect: connection refused (this is OK if Ollama is not running)
I 2026/01/20 03:28:19 serve.go:225: kernel [pid=1] http server [0.0.0.0:6806] is booting
I 2026/01/20 03:28:19 runtime.go:78: [BOOT] HookUILoaded started, waiting for UI connection...
I 2026/01/20 03:28:19 main.go:54: [BOOT] InitAppearance() completed
I 2026/01/20 03:28:19 main.go:56: [BOOT] Starting InitDatabase()...
I 2026/01/20 03:28:19 working.go:558: database [/opt/siyuan/workspace/temp/siyuan.db] size [106.5 kB]
I 2026/01/20 03:28:19 working.go:558: database [/opt/siyuan/workspace/temp/blocktree.db] size [12.29 kB]
I 2026/01/20 03:28:19 main.go:58: [BOOT] InitDatabase() completed
I 2026/01/20 03:28:19 main.go:60: [BOOT] Starting InitHistoryDatabase()...
I 2026/01/20 03:28:19 working.go:558: database [/opt/siyuan/workspace/temp/history.db] size [24.58 kB]
I 2026/01/20 03:28:19 main.go:62: [BOOT] InitHistoryDatabase() completed
I 2026/01/20 03:28:19 main.go:64: [BOOT] Starting InitAssetContentDatabase()...
I 2026/01/20 03:28:19 working.go:558: database [/opt/siyuan/workspace/temp/asset_content.db] size [24.58 kB]
I 2026/01/20 03:28:19 main.go:66: [BOOT] InitAssetContentDatabase() completed
I 2026/01/20 03:28:19 main.go:70: [BOOT] SQL settings configured
I 2026/01/20 03:28:19 main.go:72: [BOOT] Starting BootSyncData()...
I 2026/01/20 03:28:19 sync.go:126: [BOOT] BootSyncData() started
I 2026/01/20 03:28:19 sync.go:133: [BOOT] Sync.Perception is false, skipping WebSocket
I 2026/01/20 03:28:19 sync.go:136: [BOOT] Checking sync...
I 2026/01/20 03:28:19 sync.go:138: [BOOT] checkSync returned false, skipping sync
I 2026/01/20 03:28:19 main.go:74: [BOOT] BootSyncData() completed
I 2026/01/20 03:28:19 main.go:76: [BOOT] Starting InitBoxes()...
I 2026/01/20 03:28:19 conf.go:1055: [BOOT] InitBoxes() started
I 2026/01/20 03:28:19 conf.go:1058: [BOOT] Block count: 7, initialized: true
I 2026/01/20 03:28:19 conf.go:1061: [BOOT] Listing notebooks...
I 2026/01/20 03:28:19 conf.go:1089: [BOOT] Processing 2 opened boxes...
I 2026/01/20 03:28:19 conf.go:1091: [BOOT] Processing box [20251230113409-4y9ye0l]...
I 2026/01/20 03:28:19 conf.go:1091: [BOOT] Processing box [20260112212953-rsc8g7d]...
I 2026/01/20 03:28:19 conf.go:1101: tree/block count [2/7], notebooks [2]
I 2026/01/20 03:28:19 conf.go:1102: [BOOT] InitBoxes() completed
I 2026/01/20 03:28:19 main.go:78: [BOOT] InitBoxes() completed
I 2026/01/20 03:28:19 main.go:80: [BOOT] Starting LoadFlashcards()...
I 2026/01/20 03:28:19 main.go:82: [BOOT] LoadFlashcards() completed
I 2026/01/20 03:28:19 main.go:84: [BOOT] Starting LoadAssetsTexts()...
I 2026/01/20 03:28:19 main.go:86: [BOOT] LoadAssetsTexts() completed
I 2026/01/20 03:28:19 main.go:88: [BOOT] Setting booted flag...
I 2026/01/20 03:28:19 working.go:226: kernel booted
I 2026/01/20 03:28:19 main.go:90: [BOOT] Booted flag set
I 2026/01/20 03:28:19 main.go:92: [BOOT] All initialization completed successfully!
I 2026/01/20 03:28:19 font.go:57: loaded system fonts [0] in [0ms]
I 2026/01/20 03:28:19 box.go:77: auto stat [trees=2, blocks=7, dataSize=63.8 kB, assetsSize=0 B]
I 2026/01/20 03:28:20 auth.go:137: Initialized 0 user accounts for login
W 2026/01/20 03:28:24 runtime.go:83: [BOOT] HookUILoaded timeout after 5 seconds, continuing anyway
I 2026/01/20 03:28:46 process.go:36: received os signal [terminated], exit kernel process now
I 2026/01/20 03:28:46 conf.go:807: exiting kernel [force=false, setCurrentWorkspace=true, execInstallPkg=1]
I 2026/01/20 03:28:46 database.go:1365: closed database
I 2026/01/20 03:28:46 conf.go:1277: cleared workspace temp
I 2026/01/20 03:28:46 sync.go:833: sync websocket closed
I 2026/01/20 03:28:47 conf.go:877: exited kernel
I 2026/01/20 03:28:49 working.go:180: 
      ___                                   ___           ___           ___
     /  /\        ___           ___        /__/\         /  /\         /__/\
    /  /:/_      /  /\         /__/|       \  \:\       /  /::\        \  \:\
   /  /:/ /\    /  /:/        |  |:|        \  \:\     /  /:/\:\        \  \:\
  /  /:/ /::\  /__/::\        |  |:|    ___  \  \:\   /  /:/~/::\   _____\__\:\
 /__/:/ /:/\:\ \__\/\:\__   __|__|:|   /__/\  \__\:\ /__/:/ /:/\:\ /__/::::::::\
 \  \:\/:/~/:/    \  \:\/\ /__/::::\   \  \:\ /  /:/ \  \:\/:/__\/ \  \:\~~\~~\/
  \  \::/ /:/      \__\::/    ~\~~\:\   \  \:\  /:/   \  \::/       \  \:\  ~~~
   \__\/ /:/       /__/:/       \  \:\   \  \:\/:/     \  \:\        \  \:\
     /__/:/        \__\/         \__\/    \  \::/       \  \:\        \  \:\
     \__\/                                 \__\/         \__\/         \__\/
I 2026/01/20 03:28:49 runtime.go:108: kernel is booting:
    * ver [3.4.2]
    * arch [arm64]
    * os [alpine]
    * pid [1]
    * runtime mode [prod]
    * working directory [/opt/siyuan]
    * read only [false]
    * container [docker]
    * database [ver=20220501]
    * workspace directory [/opt/siyuan/workspace]
I 2026/01/20 03:28:49 main.go:41: [BOOT] Boot() completed
I 2026/01/20 03:28:49 conf.go:129: loaded conf [/opt/siyuan/workspace/conf/conf.json]
I 2026/01/20 03:28:49 auth.go:137: Initialized 0 user accounts for login
I 2026/01/20 03:28:49 conf.go:627: Ollama API enabled (default)
    baseURL=http://ollama:11434
    timeout=60s
    proxy=
    model=nemotron-3-nano:30b-cloud
    maxTokens=4096
    temperature=1.0
    maxContexts=10
I 2026/01/20 03:28:49 runtime.go:160: use network proxy [system]
I 2026/01/20 03:28:49 main.go:45: [BOOT] InitConf() completed
I 2026/01/20 03:28:49 main.go:49: [BOOT] Server started in goroutine
I 2026/01/20 03:28:49 main.go:52: [BOOT] Starting InitAppearance()...
W 2026/01/20 03:28:49 ollama_setup.go:31: Ollama server not available at http://localhost:11434
I 2026/01/20 03:28:49 ollama_setup.go:32: To use Ollama AI, please install Ollama from https://ollama.ai and start the server
W 2026/01/20 03:28:49 ollama_setup.go:81: Ollama server not available: Get "http://localhost:11434/api/tags": dial tcp [::1]:11434: connect: connection refused (this is OK if Ollama is not running)
I 2026/01/20 03:28:49 serve.go:225: kernel [pid=1] http server [0.0.0.0:6806] is booting
I 2026/01/20 03:28:49 runtime.go:78: [BOOT] HookUILoaded started, waiting for UI connection...
I 2026/01/20 03:28:49 main.go:54: [BOOT] InitAppearance() completed
I 2026/01/20 03:28:49 main.go:56: [BOOT] Starting InitDatabase()...
I 2026/01/20 03:28:49 working.go:558: database [/opt/siyuan/workspace/temp/siyuan.db] size [106.5 kB]
I 2026/01/20 03:28:49 working.go:558: database [/opt/siyuan/workspace/temp/blocktree.db] size [12.29 kB]
I 2026/01/20 03:28:49 main.go:58: [BOOT] InitDatabase() completed
I 2026/01/20 03:28:49 main.go:60: [BOOT] Starting InitHistoryDatabase()...
I 2026/01/20 03:28:49 working.go:558: database [/opt/siyuan/workspace/temp/history.db] size [24.58 kB]
I 2026/01/20 03:28:49 main.go:62: [BOOT] InitHistoryDatabase() completed
I 2026/01/20 03:28:49 main.go:64: [BOOT] Starting InitAssetContentDatabase()...
I 2026/01/20 03:28:49 working.go:558: database [/opt/siyuan/workspace/temp/asset_content.db] size [24.58 kB]
I 2026/01/20 03:28:49 main.go:66: [BOOT] InitAssetContentDatabase() completed
I 2026/01/20 03:28:49 main.go:70: [BOOT] SQL settings configured
I 2026/01/20 03:28:49 main.go:72: [BOOT] Starting BootSyncData()...
I 2026/01/20 03:28:49 sync.go:126: [BOOT] BootSyncData() started
I 2026/01/20 03:28:49 sync.go:133: [BOOT] Sync.Perception is false, skipping WebSocket
I 2026/01/20 03:28:49 sync.go:136: [BOOT] Checking sync...
I 2026/01/20 03:28:49 sync.go:138: [BOOT] checkSync returned false, skipping sync
I 2026/01/20 03:28:49 main.go:74: [BOOT] BootSyncData() completed
I 2026/01/20 03:28:49 main.go:76: [BOOT] Starting InitBoxes()...
I 2026/01/20 03:28:49 conf.go:1055: [BOOT] InitBoxes() started
I 2026/01/20 03:28:49 conf.go:1058: [BOOT] Block count: 7, initialized: true
I 2026/01/20 03:28:49 conf.go:1061: [BOOT] Listing notebooks...
I 2026/01/20 03:28:49 conf.go:1089: [BOOT] Processing 2 opened boxes...
I 2026/01/20 03:28:49 conf.go:1091: [BOOT] Processing box [20251230113409-4y9ye0l]...
I 2026/01/20 03:28:49 conf.go:1091: [BOOT] Processing box [20260112212953-rsc8g7d]...
I 2026/01/20 03:28:49 conf.go:1101: tree/block count [2/7], notebooks [2]
I 2026/01/20 03:28:49 conf.go:1102: [BOOT] InitBoxes() completed
I 2026/01/20 03:28:49 main.go:78: [BOOT] InitBoxes() completed
I 2026/01/20 03:28:49 main.go:80: [BOOT] Starting LoadFlashcards()...
I 2026/01/20 03:28:49 main.go:82: [BOOT] LoadFlashcards() completed
I 2026/01/20 03:28:49 main.go:84: [BOOT] Starting LoadAssetsTexts()...
I 2026/01/20 03:28:49 main.go:86: [BOOT] LoadAssetsTexts() completed
I 2026/01/20 03:28:49 main.go:88: [BOOT] Setting booted flag...
I 2026/01/20 03:28:49 working.go:226: kernel booted
I 2026/01/20 03:28:49 main.go:90: [BOOT] Booted flag set
I 2026/01/20 03:28:49 main.go:92: [BOOT] All initialization completed successfully!
I 2026/01/20 03:28:49 font.go:57: loaded system fonts [0] in [0ms]
I 2026/01/20 03:28:49 box.go:77: auto stat [trees=2, blocks=7, dataSize=63.8 kB, assetsSize=0 B]
I 2026/01/20 03:28:50 auth.go:137: Initialized 0 user accounts for login
W 2026/01/20 03:28:54 runtime.go:83: [BOOT] HookUILoaded timeout after 5 seconds, continuing anyway
I 2026/01/20 03:29:23 process.go:36: received os signal [terminated], exit kernel process now
I 2026/01/20 03:29:23 conf.go:807: exiting kernel [force=false, setCurrentWorkspace=true, execInstallPkg=1]
I 2026/01/20 03:29:23 database.go:1365: closed database
I 2026/01/20 03:29:23 conf.go:1277: cleared workspace temp
I 2026/01/20 03:29:23 sync.go:833: sync websocket closed
I 2026/01/20 03:29:24 conf.go:877: exited kernel
I 2026/01/20 03:29:24 working.go:180: 
      ___                                   ___           ___           ___
     /  /\        ___           ___        /__/\         /  /\         /__/\
    /  /:/_      /  /\         /__/|       \  \:\       /  /::\        \  \:\
   /  /:/ /\    /  /:/        |  |:|        \  \:\     /  /:/\:\        \  \:\
  /  /:/ /::\  /__/::\        |  |:|    ___  \  \:\   /  /:/~/::\   _____\__\:\
 /__/:/ /:/\:\ \__\/\:\__   __|__|:|   /__/\  \__\:\ /__/:/ /:/\:\ /__/::::::::\
 \  \:\/:/~/:/    \  \:\/\ /__/::::\   \  \:\ /  /:/ \  \:\/:/__\/ \  \:\~~\~~\/
  \  \::/ /:/      \__\::/    ~\~~\:\   \  \:\  /:/   \  \::/       \  \:\  ~~~
   \__\/ /:/       /__/:/       \  \:\   \  \:\/:/     \  \:\        \  \:\
     /__/:/        \__\/         \__\/    \  \::/       \  \:\        \  \:\
     \__\/                                 \__\/         \__\/         \__\/
I 2026/01/20 03:29:24 runtime.go:108: kernel is booting:
    * ver [3.4.2]
    * arch [arm64]
    * os [alpine]
    * pid [1]
    * runtime mode [prod]
    * working directory [/opt/siyuan]
    * read only [false]
    * container [docker]
    * database [ver=20220501]
    * workspace directory [/opt/siyuan/workspace]
I 2026/01/20 03:29:24 main.go:41: [BOOT] Boot() completed
I 2026/01/20 03:29:24 conf.go:129: loaded conf [/opt/siyuan/workspace/conf/conf.json]
I 2026/01/20 03:29:24 auth.go:137: Initialized 0 user accounts for login
I 2026/01/20 03:29:24 conf.go:627: Ollama API enabled (default)
    baseURL=http://ollama:11434
    timeout=60s
    proxy=
    model=nemotron-3-nano:30b-cloud
    maxTokens=4096
    temperature=1.0
    maxContexts=10
I 2026/01/20 03:29:24 runtime.go:160: use network proxy [system]
I 2026/01/20 03:29:24 main.go:45: [BOOT] InitConf() completed
I 2026/01/20 03:29:24 main.go:49: [BOOT] Server started in goroutine
I 2026/01/20 03:29:24 main.go:52: [BOOT] Starting InitAppearance()...
W 2026/01/20 03:29:24 ollama_setup.go:31: Ollama server not available at http://localhost:11434
I 2026/01/20 03:29:24 ollama_setup.go:32: To use Ollama AI, please install Ollama from https://ollama.ai and start the server
W 2026/01/20 03:29:24 ollama_setup.go:81: Ollama server not available: Get "http://localhost:11434/api/tags": dial tcp [::1]:11434: connect: connection refused (this is OK if Ollama is not running)
I 2026/01/20 03:29:24 serve.go:225: kernel [pid=1] http server [0.0.0.0:6806] is booting
I 2026/01/20 03:29:24 runtime.go:78: [BOOT] HookUILoaded started, waiting for UI connection...
I 2026/01/20 03:29:24 main.go:54: [BOOT] InitAppearance() completed
I 2026/01/20 03:29:24 main.go:56: [BOOT] Starting InitDatabase()...
I 2026/01/20 03:29:24 working.go:558: database [/opt/siyuan/workspace/temp/siyuan.db] size [106.5 kB]
I 2026/01/20 03:29:24 working.go:558: database [/opt/siyuan/workspace/temp/blocktree.db] size [12.29 kB]
I 2026/01/20 03:29:24 main.go:58: [BOOT] InitDatabase() completed
I 2026/01/20 03:29:24 main.go:60: [BOOT] Starting InitHistoryDatabase()...
I 2026/01/20 03:29:24 working.go:558: database [/opt/siyuan/workspace/temp/history.db] size [24.58 kB]
I 2026/01/20 03:29:24 main.go:62: [BOOT] InitHistoryDatabase() completed
I 2026/01/20 03:29:24 main.go:64: [BOOT] Starting InitAssetContentDatabase()...
I 2026/01/20 03:29:24 working.go:558: database [/opt/siyuan/workspace/temp/asset_content.db] size [24.58 kB]
I 2026/01/20 03:29:24 main.go:66: [BOOT] InitAssetContentDatabase() completed
I 2026/01/20 03:29:24 main.go:70: [BOOT] SQL settings configured
I 2026/01/20 03:29:24 main.go:72: [BOOT] Starting BootSyncData()...
I 2026/01/20 03:29:24 sync.go:126: [BOOT] BootSyncData() started
I 2026/01/20 03:29:24 sync.go:133: [BOOT] Sync.Perception is false, skipping WebSocket
I 2026/01/20 03:29:24 sync.go:136: [BOOT] Checking sync...
I 2026/01/20 03:29:24 sync.go:138: [BOOT] checkSync returned false, skipping sync
I 2026/01/20 03:29:24 main.go:74: [BOOT] BootSyncData() completed
I 2026/01/20 03:29:24 main.go:76: [BOOT] Starting InitBoxes()...
I 2026/01/20 03:29:24 conf.go:1055: [BOOT] InitBoxes() started
I 2026/01/20 03:29:24 conf.go:1058: [BOOT] Block count: 7, initialized: true
I 2026/01/20 03:29:24 conf.go:1061: [BOOT] Listing notebooks...
I 2026/01/20 03:29:24 conf.go:1089: [BOOT] Processing 2 opened boxes...
I 2026/01/20 03:29:24 conf.go:1091: [BOOT] Processing box [20251230113409-4y9ye0l]...
I 2026/01/20 03:29:24 conf.go:1091: [BOOT] Processing box [20260112212953-rsc8g7d]...
I 2026/01/20 03:29:24 conf.go:1101: tree/block count [2/7], notebooks [2]
I 2026/01/20 03:29:24 conf.go:1102: [BOOT] InitBoxes() completed
I 2026/01/20 03:29:24 main.go:78: [BOOT] InitBoxes() completed
I 2026/01/20 03:29:24 main.go:80: [BOOT] Starting LoadFlashcards()...
I 2026/01/20 03:29:24 main.go:82: [BOOT] LoadFlashcards() completed
I 2026/01/20 03:29:24 main.go:84: [BOOT] Starting LoadAssetsTexts()...
I 2026/01/20 03:29:24 main.go:86: [BOOT] LoadAssetsTexts() completed
I 2026/01/20 03:29:24 main.go:88: [BOOT] Setting booted flag...
I 2026/01/20 03:29:24 working.go:226: kernel booted
I 2026/01/20 03:29:24 main.go:90: [BOOT] Booted flag set
I 2026/01/20 03:29:24 main.go:92: [BOOT] All initialization completed successfully!
I 2026/01/20 03:29:24 font.go:57: loaded system fonts [0] in [0ms]
I 2026/01/20 03:29:25 box.go:77: auto stat [trees=2, blocks=7, dataSize=63.8 kB, assetsSize=0 B]
I 2026/01/20 03:29:25 auth.go:137: Initialized 0 user accounts for login
W 2026/01/20 03:29:29 runtime.go:83: [BOOT] HookUILoaded timeout after 5 seconds, continuing anyway
I 2026/01/20 03:29:50 process.go:36: received os signal [terminated], exit kernel process now
I 2026/01/20 03:29:50 conf.go:807: exiting kernel [force=false, setCurrentWorkspace=true, execInstallPkg=1]
I 2026/01/20 03:29:51 database.go:1365: closed database
I 2026/01/20 03:29:51 conf.go:1277: cleared workspace temp
I 2026/01/20 03:29:51 sync.go:833: sync websocket closed
I 2026/01/20 03:29:52 conf.go:877: exited kernel
I 2026/01/20 03:29:52 working.go:180: 
      ___                                   ___           ___           ___
     /  /\        ___           ___        /__/\         /  /\         /__/\
    /  /:/_      /  /\         /__/|       \  \:\       /  /::\        \  \:\
   /  /:/ /\    /  /:/        |  |:|        \  \:\     /  /:/\:\        \  \:\
  /  /:/ /::\  /__/::\        |  |:|    ___  \  \:\   /  /:/~/::\   _____\__\:\
 /__/:/ /:/\:\ \__\/\:\__   __|__|:|   /__/\  \__\:\ /__/:/ /:/\:\ /__/::::::::\
 \  \:\/:/~/:/    \  \:\/\ /__/::::\   \  \:\ /  /:/ \  \:\/:/__\/ \  \:\~~\~~\/
  \  \::/ /:/      \__\::/    ~\~~\:\   \  \:\  /:/   \  \::/       \  \:\  ~~~
   \__\/ /:/       /__/:/       \  \:\   \  \:\/:/     \  \:\        \  \:\
     /__/:/        \__\/         \__\/    \  \::/       \  \:\        \  \:\
     \__\/                                 \__\/         \__\/         \__\/
I 2026/01/20 03:29:52 runtime.go:108: kernel is booting:
    * ver [3.4.2]
    * arch [arm64]
    * os [alpine]
    * pid [1]
    * runtime mode [prod]
    * working directory [/opt/siyuan]
    * read only [false]
    * container [docker]
    * database [ver=20220501]
    * workspace directory [/opt/siyuan/workspace]
I 2026/01/20 03:29:52 main.go:41: [BOOT] Boot() completed
I 2026/01/20 03:29:52 conf.go:129: loaded conf [/opt/siyuan/workspace/conf/conf.json]
I 2026/01/20 03:29:52 auth.go:137: Initialized 0 user accounts for login
I 2026/01/20 03:29:52 conf.go:627: Ollama API enabled (default)
    baseURL=http://ollama:11434
    timeout=60s
    proxy=
    model=nemotron-3-nano:30b-cloud
    maxTokens=4096
    temperature=1.0
    maxContexts=10
I 2026/01/20 03:29:52 runtime.go:160: use network proxy [system]
I 2026/01/20 03:29:52 main.go:45: [BOOT] InitConf() completed
I 2026/01/20 03:29:52 main.go:49: [BOOT] Server started in goroutine
I 2026/01/20 03:29:52 main.go:52: [BOOT] Starting InitAppearance()...
W 2026/01/20 03:29:52 ollama_setup.go:31: Ollama server not available at http://localhost:11434
I 2026/01/20 03:29:52 ollama_setup.go:32: To use Ollama AI, please install Ollama from https://ollama.ai and start the server
W 2026/01/20 03:29:52 ollama_setup.go:81: Ollama server not available: Get "http://localhost:11434/api/tags": dial tcp [::1]:11434: connect: connection refused (this is OK if Ollama is not running)
I 2026/01/20 03:29:52 serve.go:225: kernel [pid=1] http server [0.0.0.0:6806] is booting
I 2026/01/20 03:29:52 runtime.go:78: [BOOT] HookUILoaded started, waiting for UI connection...
I 2026/01/20 03:29:52 main.go:54: [BOOT] InitAppearance() completed
I 2026/01/20 03:29:52 main.go:56: [BOOT] Starting InitDatabase()...
I 2026/01/20 03:29:52 working.go:558: database [/opt/siyuan/workspace/temp/siyuan.db] size [106.5 kB]
I 2026/01/20 03:29:52 working.go:558: database [/opt/siyuan/workspace/temp/blocktree.db] size [12.29 kB]
I 2026/01/20 03:29:52 main.go:58: [BOOT] InitDatabase() completed
I 2026/01/20 03:29:52 main.go:60: [BOOT] Starting InitHistoryDatabase()...
I 2026/01/20 03:29:52 working.go:558: database [/opt/siyuan/workspace/temp/history.db] size [24.58 kB]
I 2026/01/20 03:29:52 main.go:62: [BOOT] InitHistoryDatabase() completed
I 2026/01/20 03:29:52 main.go:64: [BOOT] Starting InitAssetContentDatabase()...
I 2026/01/20 03:29:52 working.go:558: database [/opt/siyuan/workspace/temp/asset_content.db] size [24.58 kB]
I 2026/01/20 03:29:52 main.go:66: [BOOT] InitAssetContentDatabase() completed
I 2026/01/20 03:29:52 main.go:70: [BOOT] SQL settings configured
I 2026/01/20 03:29:52 main.go:72: [BOOT] Starting BootSyncData()...
I 2026/01/20 03:29:52 sync.go:126: [BOOT] BootSyncData() started
I 2026/01/20 03:29:52 sync.go:133: [BOOT] Sync.Perception is false, skipping WebSocket
I 2026/01/20 03:29:52 sync.go:136: [BOOT] Checking sync...
I 2026/01/20 03:29:52 sync.go:138: [BOOT] checkSync returned false, skipping sync
I 2026/01/20 03:29:52 main.go:74: [BOOT] BootSyncData() completed
I 2026/01/20 03:29:52 main.go:76: [BOOT] Starting InitBoxes()...
I 2026/01/20 03:29:52 conf.go:1055: [BOOT] InitBoxes() started
I 2026/01/20 03:29:52 conf.go:1058: [BOOT] Block count: 7, initialized: true
I 2026/01/20 03:29:52 conf.go:1061: [BOOT] Listing notebooks...
I 2026/01/20 03:29:52 conf.go:1089: [BOOT] Processing 2 opened boxes...
I 2026/01/20 03:29:52 conf.go:1091: [BOOT] Processing box [20251230113409-4y9ye0l]...
I 2026/01/20 03:29:52 conf.go:1091: [BOOT] Processing box [20260112212953-rsc8g7d]...
I 2026/01/20 03:29:52 conf.go:1101: tree/block count [2/7], notebooks [2]
I 2026/01/20 03:29:52 conf.go:1102: [BOOT] InitBoxes() completed
I 2026/01/20 03:29:52 main.go:78: [BOOT] InitBoxes() completed
I 2026/01/20 03:29:52 main.go:80: [BOOT] Starting LoadFlashcards()...
I 2026/01/20 03:29:52 main.go:82: [BOOT] LoadFlashcards() completed
I 2026/01/20 03:29:52 main.go:84: [BOOT] Starting LoadAssetsTexts()...
I 2026/01/20 03:29:52 main.go:86: [BOOT] LoadAssetsTexts() completed
I 2026/01/20 03:29:52 main.go:88: [BOOT] Setting booted flag...
I 2026/01/20 03:29:52 working.go:226: kernel booted
I 2026/01/20 03:29:52 main.go:90: [BOOT] Booted flag set
I 2026/01/20 03:29:52 main.go:92: [BOOT] All initialization completed successfully!
I 2026/01/20 03:29:52 font.go:57: loaded system fonts [0] in [0ms]
I 2026/01/20 03:29:52 box.go:77: auto stat [trees=2, blocks=7, dataSize=63.8 kB, assetsSize=0 B]
I 2026/01/20 03:29:53 auth.go:137: Initialized 0 user accounts for login
W 2026/01/20 03:29:57 runtime.go:83: [BOOT] HookUILoaded timeout after 5 seconds, continuing anyway
E 2026/01/20 03:30:55 rhy.go:50: get version info failed: Get "https://siyuan-sync.b3logfile.com/apis/siyuan/version?ver=3.4.2": net/http: request canceled while waiting for connection (Client.Timeout exceeded while awaiting headers)
I 2026/01/20 03:30:55 cron.go:61: cron job [[RefreshRhyResultJob]] executed
E 2026/01/20 03:31:58 rhy.go:50: get version info failed: Get "https://siyuan-sync.b3logfile.com/apis/siyuan/version?ver=3.4.2": context deadline exceeded
E 2026/01/20 03:31:58 updater.go:239: get announcement failed: Get "https://siyuan-sync.b3logfile.com/apis/siyuan/version?ver=3.4.2": context deadline exceeded
E 2026/01/20 03:31:58 cloud_service.go:326: write announcement conf failed: open /home/siyuan/.config/siyuan/announcement.json: no such file or directory
E 2026/01/20 03:33:01 rhy.go:50: get version info failed: Get "https://siyuan-sync.b3logfile.com/apis/siyuan/version?ver=3.4.2": context deadline exceeded
I 2026/01/20 03:39:52 process.go:36: received os signal [terminated], exit kernel process now
I 2026/01/20 03:39:52 conf.go:807: exiting kernel [force=false, setCurrentWorkspace=true, execInstallPkg=1]
I 2026/01/20 03:39:52 database.go:1365: closed database
I 2026/01/20 03:39:52 conf.go:1277: cleared workspace temp
I 2026/01/20 03:39:53 sync.go:833: sync websocket closed
I 2026/01/20 03:39:53 conf.go:877: exited kernel
I 2026/01/20 03:39:54 working.go:180: 
      ___                                   ___           ___           ___
     /  /\        ___           ___        /__/\         /  /\         /__/\
    /  /:/_      /  /\         /__/|       \  \:\       /  /::\        \  \:\
   /  /:/ /\    /  /:/        |  |:|        \  \:\     /  /:/\:\        \  \:\
  /  /:/ /::\  /__/::\        |  |:|    ___  \  \:\   /  /:/~/::\   _____\__\:\
 /__/:/ /:/\:\ \__\/\:\__   __|__|:|   /__/\  \__\:\ /__/:/ /:/\:\ /__/::::::::\
 \  \:\/:/~/:/    \  \:\/\ /__/::::\   \  \:\ /  /:/ \  \:\/:/__\/ \  \:\~~\~~\/
  \  \::/ /:/      \__\::/    ~\~~\:\   \  \:\  /:/   \  \::/       \  \:\  ~~~
   \__\/ /:/       /__/:/       \  \:\   \  \:\/:/     \  \:\        \  \:\
     /__/:/        \__\/         \__\/    \  \::/       \  \:\        \  \:\
     \__\/                                 \__\/         \__\/         \__\/
I 2026/01/20 03:39:54 runtime.go:108: kernel is booting:
    * ver [3.4.2]
    * arch [arm64]
    * os [alpine]
    * pid [1]
    * runtime mode [prod]
    * working directory [/opt/siyuan]
    * read only [false]
    * container [docker]
    * database [ver=20220501]
    * workspace directory [/opt/siyuan/workspace]
I 2026/01/20 03:39:54 main.go:41: [BOOT] Boot() completed
I 2026/01/20 03:39:54 conf.go:129: loaded conf [/opt/siyuan/workspace/conf/conf.json]
I 2026/01/20 03:39:54 auth.go:137: Initialized 0 user accounts for login
I 2026/01/20 03:39:54 conf.go:627: Ollama API enabled (default)
    baseURL=http://ollama:11434
    timeout=60s
    proxy=
    model=nemotron-3-nano:30b-cloud
    maxTokens=4096
    temperature=1.0
    maxContexts=10
I 2026/01/20 03:39:54 runtime.go:160: use network proxy [system]
I 2026/01/20 03:39:54 main.go:45: [BOOT] InitConf() completed
I 2026/01/20 03:39:54 main.go:49: [BOOT] Server started in goroutine
I 2026/01/20 03:39:54 main.go:52: [BOOT] Starting InitAppearance()...
W 2026/01/20 03:39:54 ollama_setup.go:31: Ollama server not available at http://localhost:11434
I 2026/01/20 03:39:54 ollama_setup.go:32: To use Ollama AI, please install Ollama from https://ollama.ai and start the server
W 2026/01/20 03:39:54 ollama_setup.go:81: Ollama server not available: Get "http://localhost:11434/api/tags": dial tcp [::1]:11434: connect: connection refused (this is OK if Ollama is not running)
I 2026/01/20 03:39:54 serve.go:225: kernel [pid=1] http server [0.0.0.0:6806] is booting
I 2026/01/20 03:39:54 runtime.go:78: [BOOT] HookUILoaded started, waiting for UI connection...
I 2026/01/20 03:39:54 main.go:54: [BOOT] InitAppearance() completed
I 2026/01/20 03:39:54 main.go:56: [BOOT] Starting InitDatabase()...
I 2026/01/20 03:39:54 working.go:558: database [/opt/siyuan/workspace/temp/siyuan.db] size [106.5 kB]
I 2026/01/20 03:39:54 working.go:558: database [/opt/siyuan/workspace/temp/blocktree.db] size [12.29 kB]
I 2026/01/20 03:39:54 main.go:58: [BOOT] InitDatabase() completed
I 2026/01/20 03:39:54 main.go:60: [BOOT] Starting InitHistoryDatabase()...
I 2026/01/20 03:39:54 working.go:558: database [/opt/siyuan/workspace/temp/history.db] size [24.58 kB]
I 2026/01/20 03:39:54 main.go:62: [BOOT] InitHistoryDatabase() completed
I 2026/01/20 03:39:54 main.go:64: [BOOT] Starting InitAssetContentDatabase()...
I 2026/01/20 03:39:54 working.go:558: database [/opt/siyuan/workspace/temp/asset_content.db] size [24.58 kB]
I 2026/01/20 03:39:54 main.go:66: [BOOT] InitAssetContentDatabase() completed
I 2026/01/20 03:39:54 main.go:70: [BOOT] SQL settings configured
I 2026/01/20 03:39:54 main.go:72: [BOOT] Starting BootSyncData()...
I 2026/01/20 03:39:54 sync.go:126: [BOOT] BootSyncData() started
I 2026/01/20 03:39:54 sync.go:133: [BOOT] Sync.Perception is false, skipping WebSocket
I 2026/01/20 03:39:54 sync.go:136: [BOOT] Checking sync...
I 2026/01/20 03:39:54 sync.go:138: [BOOT] checkSync returned false, skipping sync
I 2026/01/20 03:39:54 main.go:74: [BOOT] BootSyncData() completed
I 2026/01/20 03:39:54 main.go:76: [BOOT] Starting InitBoxes()...
I 2026/01/20 03:39:54 conf.go:1055: [BOOT] InitBoxes() started
I 2026/01/20 03:39:54 conf.go:1058: [BOOT] Block count: 7, initialized: true
I 2026/01/20 03:39:54 conf.go:1061: [BOOT] Listing notebooks...
I 2026/01/20 03:39:54 conf.go:1089: [BOOT] Processing 2 opened boxes...
I 2026/01/20 03:39:54 conf.go:1091: [BOOT] Processing box [20251230113409-4y9ye0l]...
I 2026/01/20 03:39:54 conf.go:1091: [BOOT] Processing box [20260112212953-rsc8g7d]...
I 2026/01/20 03:39:54 conf.go:1101: tree/block count [2/7], notebooks [2]
I 2026/01/20 03:39:54 conf.go:1102: [BOOT] InitBoxes() completed
I 2026/01/20 03:39:54 main.go:78: [BOOT] InitBoxes() completed
I 2026/01/20 03:39:54 main.go:80: [BOOT] Starting LoadFlashcards()...
I 2026/01/20 03:39:54 main.go:82: [BOOT] LoadFlashcards() completed
I 2026/01/20 03:39:54 main.go:84: [BOOT] Starting LoadAssetsTexts()...
I 2026/01/20 03:39:54 main.go:86: [BOOT] LoadAssetsTexts() completed
I 2026/01/20 03:39:54 main.go:88: [BOOT] Setting booted flag...
I 2026/01/20 03:39:54 working.go:226: kernel booted
I 2026/01/20 03:39:54 main.go:90: [BOOT] Booted flag set
I 2026/01/20 03:39:54 main.go:92: [BOOT] All initialization completed successfully!
I 2026/01/20 03:39:54 font.go:57: loaded system fonts [0] in [0ms]
I 2026/01/20 03:39:54 box.go:77: auto stat [trees=2, blocks=7, dataSize=63.8 kB, assetsSize=0 B]
I 2026/01/20 03:39:55 auth.go:137: Initialized 0 user accounts for login
W 2026/01/20 03:39:59 runtime.go:83: [BOOT] HookUILoaded timeout after 5 seconds, continuing anyway
I 2026/01/20 03:40:27 process.go:36: received os signal [terminated], exit kernel process now
I 2026/01/20 03:40:27 conf.go:807: exiting kernel [force=false, setCurrentWorkspace=true, execInstallPkg=1]
I 2026/01/20 03:40:27 database.go:1365: closed database
I 2026/01/20 03:40:27 conf.go:1277: cleared workspace temp
I 2026/01/20 03:40:28 sync.go:833: sync websocket closed
I 2026/01/20 03:40:28 conf.go:877: exited kernel
I 2026/01/20 03:40:31 working.go:180: 
      ___                                   ___           ___           ___
     /  /\        ___           ___        /__/\         /  /\         /__/\
    /  /:/_      /  /\         /__/|       \  \:\       /  /::\        \  \:\
   /  /:/ /\    /  /:/        |  |:|        \  \:\     /  /:/\:\        \  \:\
  /  /:/ /::\  /__/::\        |  |:|    ___  \  \:\   /  /:/~/::\   _____\__\:\
 /__/:/ /:/\:\ \__\/\:\__   __|__|:|   /__/\  \__\:\ /__/:/ /:/\:\ /__/::::::::\
 \  \:\/:/~/:/    \  \:\/\ /__/::::\   \  \:\ /  /:/ \  \:\/:/__\/ \  \:\~~\~~\/
  \  \::/ /:/      \__\::/    ~\~~\:\   \  \:\  /:/   \  \::/       \  \:\  ~~~
   \__\/ /:/       /__/:/       \  \:\   \  \:\/:/     \  \:\        \  \:\
     /__/:/        \__\/         \__\/    \  \::/       \  \:\        \  \:\
     \__\/                                 \__\/         \__\/         \__\/
I 2026/01/20 03:40:31 runtime.go:108: kernel is booting:
    * ver [3.4.2]
    * arch [arm64]
    * os [alpine]
    * pid [1]
    * runtime mode [prod]
    * working directory [/opt/siyuan]
    * read only [false]
    * container [docker]
    * database [ver=20220501]
    * workspace directory [/opt/siyuan/workspace]
I 2026/01/20 03:40:31 main.go:41: [BOOT] Boot() completed
I 2026/01/20 03:40:31 conf.go:129: loaded conf [/opt/siyuan/workspace/conf/conf.json]
I 2026/01/20 03:40:31 auth.go:137: Initialized 0 user accounts for login
I 2026/01/20 03:40:31 conf.go:627: Ollama API enabled (default)
    baseURL=http://ollama:11434
    timeout=60s
    proxy=
    model=nemotron-3-nano:30b-cloud
    maxTokens=4096
    temperature=1.0
    maxContexts=10
I 2026/01/20 03:40:31 runtime.go:160: use network proxy [system]
W 2026/01/20 03:40:31 ollama_setup.go:31: Ollama server not available at http://localhost:11434
I 2026/01/20 03:40:31 ollama_setup.go:32: To use Ollama AI, please install Ollama from https://ollama.ai and start the server
I 2026/01/20 03:40:31 main.go:45: [BOOT] InitConf() completed
I 2026/01/20 03:40:31 main.go:49: [BOOT] Server started in goroutine
W 2026/01/20 03:40:31 ollama_setup.go:81: Ollama server not available: Get "http://localhost:11434/api/tags": dial tcp [::1]:11434: connect: connection refused (this is OK if Ollama is not running)
I 2026/01/20 03:40:31 main.go:52: [BOOT] Starting InitAppearance()...
I 2026/01/20 03:40:31 serve.go:225: kernel [pid=1] http server [0.0.0.0:6806] is booting
I 2026/01/20 03:40:31 runtime.go:78: [BOOT] HookUILoaded started, waiting for UI connection...
I 2026/01/20 03:40:32 auth.go:137: Initialized 0 user accounts for login
I 2026/01/20 03:40:32 main.go:54: [BOOT] InitAppearance() completed
I 2026/01/20 03:40:32 main.go:56: [BOOT] Starting InitDatabase()...
I 2026/01/20 03:40:32 working.go:558: database [/opt/siyuan/workspace/temp/siyuan.db] size [106.5 kB]
I 2026/01/20 03:40:32 working.go:558: database [/opt/siyuan/workspace/temp/blocktree.db] size [12.29 kB]
I 2026/01/20 03:40:32 main.go:58: [BOOT] InitDatabase() completed
I 2026/01/20 03:40:32 main.go:60: [BOOT] Starting InitHistoryDatabase()...
I 2026/01/20 03:40:32 working.go:558: database [/opt/siyuan/workspace/temp/history.db] size [24.58 kB]
I 2026/01/20 03:40:32 main.go:62: [BOOT] InitHistoryDatabase() completed
I 2026/01/20 03:40:32 main.go:64: [BOOT] Starting InitAssetContentDatabase()...
I 2026/01/20 03:40:32 working.go:558: database [/opt/siyuan/workspace/temp/asset_content.db] size [24.58 kB]
I 2026/01/20 03:40:32 main.go:66: [BOOT] InitAssetContentDatabase() completed
I 2026/01/20 03:40:32 main.go:70: [BOOT] SQL settings configured
I 2026/01/20 03:40:32 main.go:72: [BOOT] Starting BootSyncData()...
I 2026/01/20 03:40:32 sync.go:126: [BOOT] BootSyncData() started
I 2026/01/20 03:40:32 sync.go:133: [BOOT] Sync.Perception is false, skipping WebSocket
I 2026/01/20 03:40:32 sync.go:136: [BOOT] Checking sync...
I 2026/01/20 03:40:32 sync.go:138: [BOOT] checkSync returned false, skipping sync
I 2026/01/20 03:40:32 main.go:74: [BOOT] BootSyncData() completed
I 2026/01/20 03:40:32 main.go:76: [BOOT] Starting InitBoxes()...
I 2026/01/20 03:40:32 conf.go:1055: [BOOT] InitBoxes() started
I 2026/01/20 03:40:32 conf.go:1058: [BOOT] Block count: 7, initialized: true
I 2026/01/20 03:40:32 conf.go:1061: [BOOT] Listing notebooks...
I 2026/01/20 03:40:32 conf.go:1089: [BOOT] Processing 2 opened boxes...
I 2026/01/20 03:40:32 conf.go:1091: [BOOT] Processing box [20251230113409-4y9ye0l]...
I 2026/01/20 03:40:32 conf.go:1091: [BOOT] Processing box [20260112212953-rsc8g7d]...
I 2026/01/20 03:40:32 conf.go:1101: tree/block count [2/7], notebooks [2]
I 2026/01/20 03:40:32 conf.go:1102: [BOOT] InitBoxes() completed
I 2026/01/20 03:40:32 main.go:78: [BOOT] InitBoxes() completed
I 2026/01/20 03:40:32 main.go:80: [BOOT] Starting LoadFlashcards()...
I 2026/01/20 03:40:32 main.go:82: [BOOT] LoadFlashcards() completed
I 2026/01/20 03:40:32 main.go:84: [BOOT] Starting LoadAssetsTexts()...
I 2026/01/20 03:40:32 main.go:86: [BOOT] LoadAssetsTexts() completed
I 2026/01/20 03:40:32 main.go:88: [BOOT] Setting booted flag...
I 2026/01/20 03:40:32 working.go:226: kernel booted
I 2026/01/20 03:40:32 main.go:90: [BOOT] Booted flag set
I 2026/01/20 03:40:32 main.go:92: [BOOT] All initialization completed successfully!
I 2026/01/20 03:40:32 font.go:57: loaded system fonts [0] in [0ms]
I 2026/01/20 03:40:33 box.go:77: auto stat [trees=2, blocks=7, dataSize=63.8 kB, assetsSize=0 B]
W 2026/01/20 03:40:36 runtime.go:83: [BOOT] HookUILoaded timeout after 5 seconds, continuing anyway
I 2026/01/20 03:41:07 process.go:36: received os signal [terminated], exit kernel process now
I 2026/01/20 03:41:07 conf.go:807: exiting kernel [force=false, setCurrentWorkspace=true, execInstallPkg=1]
I 2026/01/20 03:41:07 database.go:1365: closed database
I 2026/01/20 03:41:07 conf.go:1277: cleared workspace temp
I 2026/01/20 03:41:07 sync.go:833: sync websocket closed
I 2026/01/20 03:41:08 conf.go:877: exited kernel
I 2026/01/20 03:41:08 working.go:180: 
      ___                                   ___           ___           ___
     /  /\        ___           ___        /__/\         /  /\         /__/\
    /  /:/_      /  /\         /__/|       \  \:\       /  /::\        \  \:\
   /  /:/ /\    /  /:/        |  |:|        \  \:\     /  /:/\:\        \  \:\
  /  /:/ /::\  /__/::\        |  |:|    ___  \  \:\   /  /:/~/::\   _____\__\:\
 /__/:/ /:/\:\ \__\/\:\__   __|__|:|   /__/\  \__\:\ /__/:/ /:/\:\ /__/::::::::\
 \  \:\/:/~/:/    \  \:\/\ /__/::::\   \  \:\ /  /:/ \  \:\/:/__\/ \  \:\~~\~~\/
  \  \::/ /:/      \__\::/    ~\~~\:\   \  \:\  /:/   \  \::/       \  \:\  ~~~
   \__\/ /:/       /__/:/       \  \:\   \  \:\/:/     \  \:\        \  \:\
     /__/:/        \__\/         \__\/    \  \::/       \  \:\        \  \:\
     \__\/                                 \__\/         \__\/         \__\/
I 2026/01/20 03:41:08 runtime.go:108: kernel is booting:
    * ver [3.4.2]
    * arch [arm64]
    * os [alpine]
    * pid [1]
    * runtime mode [prod]
    * working directory [/opt/siyuan]
    * read only [false]
    * container [docker]
    * database [ver=20220501]
    * workspace directory [/opt/siyuan/workspace]
I 2026/01/20 03:41:08 main.go:41: [BOOT] Boot() completed
I 2026/01/20 03:41:08 conf.go:129: loaded conf [/opt/siyuan/workspace/conf/conf.json]
I 2026/01/20 03:41:08 auth.go:137: Initialized 0 user accounts for login
I 2026/01/20 03:41:08 conf.go:627: Ollama API enabled (default)
    baseURL=http://ollama:11434
    timeout=60s
    proxy=
    model=nemotron-3-nano:30b-cloud
    maxTokens=4096
    temperature=1.0
    maxContexts=10
I 2026/01/20 03:41:08 runtime.go:160: use network proxy [system]
I 2026/01/20 03:41:08 main.go:45: [BOOT] InitConf() completed
I 2026/01/20 03:41:08 main.go:49: [BOOT] Server started in goroutine
I 2026/01/20 03:41:08 main.go:52: [BOOT] Starting InitAppearance()...
W 2026/01/20 03:41:08 ollama_setup.go:31: Ollama server not available at http://localhost:11434
I 2026/01/20 03:41:08 ollama_setup.go:32: To use Ollama AI, please install Ollama from https://ollama.ai and start the server
W 2026/01/20 03:41:08 ollama_setup.go:81: Ollama server not available: Get "http://localhost:11434/api/tags": dial tcp [::1]:11434: connect: connection refused (this is OK if Ollama is not running)
I 2026/01/20 03:41:08 serve.go:225: kernel [pid=1] http server [0.0.0.0:6806] is booting
I 2026/01/20 03:41:08 runtime.go:78: [BOOT] HookUILoaded started, waiting for UI connection...
I 2026/01/20 03:41:08 main.go:54: [BOOT] InitAppearance() completed
I 2026/01/20 03:41:08 main.go:56: [BOOT] Starting InitDatabase()...
I 2026/01/20 03:41:08 working.go:558: database [/opt/siyuan/workspace/temp/siyuan.db] size [106.5 kB]
I 2026/01/20 03:41:08 working.go:558: database [/opt/siyuan/workspace/temp/blocktree.db] size [12.29 kB]
I 2026/01/20 03:41:08 main.go:58: [BOOT] InitDatabase() completed
I 2026/01/20 03:41:08 main.go:60: [BOOT] Starting InitHistoryDatabase()...
I 2026/01/20 03:41:08 working.go:558: database [/opt/siyuan/workspace/temp/history.db] size [24.58 kB]
I 2026/01/20 03:41:08 main.go:62: [BOOT] InitHistoryDatabase() completed
I 2026/01/20 03:41:08 main.go:64: [BOOT] Starting InitAssetContentDatabase()...
I 2026/01/20 03:41:08 working.go:558: database [/opt/siyuan/workspace/temp/asset_content.db] size [24.58 kB]
I 2026/01/20 03:41:08 main.go:66: [BOOT] InitAssetContentDatabase() completed
I 2026/01/20 03:41:08 main.go:70: [BOOT] SQL settings configured
I 2026/01/20 03:41:08 main.go:72: [BOOT] Starting BootSyncData()...
I 2026/01/20 03:41:08 sync.go:126: [BOOT] BootSyncData() started
I 2026/01/20 03:41:08 sync.go:133: [BOOT] Sync.Perception is false, skipping WebSocket
I 2026/01/20 03:41:08 sync.go:136: [BOOT] Checking sync...
I 2026/01/20 03:41:08 sync.go:138: [BOOT] checkSync returned false, skipping sync
I 2026/01/20 03:41:08 main.go:74: [BOOT] BootSyncData() completed
I 2026/01/20 03:41:08 main.go:76: [BOOT] Starting InitBoxes()...
I 2026/01/20 03:41:08 conf.go:1055: [BOOT] InitBoxes() started
I 2026/01/20 03:41:08 conf.go:1058: [BOOT] Block count: 7, initialized: true
I 2026/01/20 03:41:08 conf.go:1061: [BOOT] Listing notebooks...
I 2026/01/20 03:41:08 conf.go:1089: [BOOT] Processing 2 opened boxes...
I 2026/01/20 03:41:08 conf.go:1091: [BOOT] Processing box [20251230113409-4y9ye0l]...
I 2026/01/20 03:41:08 conf.go:1091: [BOOT] Processing box [20260112212953-rsc8g7d]...
I 2026/01/20 03:41:08 conf.go:1101: tree/block count [2/7], notebooks [2]
I 2026/01/20 03:41:08 conf.go:1102: [BOOT] InitBoxes() completed
I 2026/01/20 03:41:08 main.go:78: [BOOT] InitBoxes() completed
I 2026/01/20 03:41:08 main.go:80: [BOOT] Starting LoadFlashcards()...
I 2026/01/20 03:41:08 main.go:82: [BOOT] LoadFlashcards() completed
I 2026/01/20 03:41:08 main.go:84: [BOOT] Starting LoadAssetsTexts()...
I 2026/01/20 03:41:08 main.go:86: [BOOT] LoadAssetsTexts() completed
I 2026/01/20 03:41:08 main.go:88: [BOOT] Setting booted flag...
I 2026/01/20 03:41:08 working.go:226: kernel booted
I 2026/01/20 03:41:08 main.go:90: [BOOT] Booted flag set
I 2026/01/20 03:41:08 main.go:92: [BOOT] All initialization completed successfully!
I 2026/01/20 03:41:08 font.go:57: loaded system fonts [0] in [0ms]
I 2026/01/20 03:41:08 box.go:77: auto stat [trees=2, blocks=7, dataSize=63.8 kB, assetsSize=0 B]
I 2026/01/20 03:41:09 auth.go:137: Initialized 0 user accounts for login
W 2026/01/20 03:41:13 runtime.go:83: [BOOT] HookUILoaded timeout after 5 seconds, continuing anyway
I 2026/01/20 03:41:36 process.go:36: received os signal [terminated], exit kernel process now
I 2026/01/20 03:41:36 conf.go:807: exiting kernel [force=false, setCurrentWorkspace=true, execInstallPkg=1]
I 2026/01/20 03:41:36 database.go:1365: closed database
I 2026/01/20 03:41:36 conf.go:1277: cleared workspace temp
I 2026/01/20 03:41:36 sync.go:833: sync websocket closed
I 2026/01/20 03:41:37 conf.go:877: exited kernel
I 2026/01/20 03:41:38 working.go:180: 
      ___                                   ___           ___           ___
     /  /\        ___           ___        /__/\         /  /\         /__/\
    /  /:/_      /  /\         /__/|       \  \:\       /  /::\        \  \:\
   /  /:/ /\    /  /:/        |  |:|        \  \:\     /  /:/\:\        \  \:\
  /  /:/ /::\  /__/::\        |  |:|    ___  \  \:\   /  /:/~/::\   _____\__\:\
 /__/:/ /:/\:\ \__\/\:\__   __|__|:|   /__/\  \__\:\ /__/:/ /:/\:\ /__/::::::::\
 \  \:\/:/~/:/    \  \:\/\ /__/::::\   \  \:\ /  /:/ \  \:\/:/__\/ \  \:\~~\~~\/
  \  \::/ /:/      \__\::/    ~\~~\:\   \  \:\  /:/   \  \::/       \  \:\  ~~~
   \__\/ /:/       /__/:/       \  \:\   \  \:\/:/     \  \:\        \  \:\
     /__/:/        \__\/         \__\/    \  \::/       \  \:\        \  \:\
     \__\/                                 \__\/         \__\/         \__\/
I 2026/01/20 03:41:38 runtime.go:108: kernel is booting:
    * ver [3.4.2]
    * arch [arm64]
    * os [alpine]
    * pid [1]
    * runtime mode [prod]
    * working directory [/opt/siyuan]
    * read only [false]
    * container [docker]
    * database [ver=20220501]
    * workspace directory [/opt/siyuan/workspace]
I 2026/01/20 03:41:38 main.go:41: [BOOT] Boot() completed
I 2026/01/20 03:41:38 conf.go:129: loaded conf [/opt/siyuan/workspace/conf/conf.json]
I 2026/01/20 03:41:38 auth.go:137: Initialized 0 user accounts for login
I 2026/01/20 03:41:38 conf.go:627: Ollama API enabled (default)
    baseURL=http://ollama:11434
    timeout=60s
    proxy=
    model=nemotron-3-nano:30b-cloud
    maxTokens=4096
    temperature=1.0
    maxContexts=10
I 2026/01/20 03:41:38 runtime.go:160: use network proxy [system]
I 2026/01/20 03:41:38 main.go:45: [BOOT] InitConf() completed
I 2026/01/20 03:41:38 main.go:49: [BOOT] Server started in goroutine
I 2026/01/20 03:41:38 main.go:52: [BOOT] Starting InitAppearance()...
W 2026/01/20 03:41:38 ollama_setup.go:31: Ollama server not available at http://localhost:11434
I 2026/01/20 03:41:38 ollama_setup.go:32: To use Ollama AI, please install Ollama from https://ollama.ai and start the server
W 2026/01/20 03:41:38 ollama_setup.go:81: Ollama server not available: Get "http://localhost:11434/api/tags": dial tcp [::1]:11434: connect: connection refused (this is OK if Ollama is not running)
I 2026/01/20 03:41:38 serve.go:225: kernel [pid=1] http server [0.0.0.0:6806] is booting
I 2026/01/20 03:41:38 runtime.go:78: [BOOT] HookUILoaded started, waiting for UI connection...
I 2026/01/20 03:41:39 main.go:54: [BOOT] InitAppearance() completed
I 2026/01/20 03:41:39 main.go:56: [BOOT] Starting InitDatabase()...
I 2026/01/20 03:41:39 working.go:558: database [/opt/siyuan/workspace/temp/siyuan.db] size [106.5 kB]
I 2026/01/20 03:41:39 working.go:558: database [/opt/siyuan/workspace/temp/blocktree.db] size [12.29 kB]
I 2026/01/20 03:41:39 main.go:58: [BOOT] InitDatabase() completed
I 2026/01/20 03:41:39 main.go:60: [BOOT] Starting InitHistoryDatabase()...
I 2026/01/20 03:41:39 working.go:558: database [/opt/siyuan/workspace/temp/history.db] size [24.58 kB]
I 2026/01/20 03:41:39 main.go:62: [BOOT] InitHistoryDatabase() completed
I 2026/01/20 03:41:39 main.go:64: [BOOT] Starting InitAssetContentDatabase()...
I 2026/01/20 03:41:39 working.go:558: database [/opt/siyuan/workspace/temp/asset_content.db] size [24.58 kB]
I 2026/01/20 03:41:39 main.go:66: [BOOT] InitAssetContentDatabase() completed
I 2026/01/20 03:41:39 main.go:70: [BOOT] SQL settings configured
I 2026/01/20 03:41:39 main.go:72: [BOOT] Starting BootSyncData()...
I 2026/01/20 03:41:39 sync.go:126: [BOOT] BootSyncData() started
I 2026/01/20 03:41:39 sync.go:133: [BOOT] Sync.Perception is false, skipping WebSocket
I 2026/01/20 03:41:39 sync.go:136: [BOOT] Checking sync...
I 2026/01/20 03:41:39 sync.go:138: [BOOT] checkSync returned false, skipping sync
I 2026/01/20 03:41:39 main.go:74: [BOOT] BootSyncData() completed
I 2026/01/20 03:41:39 main.go:76: [BOOT] Starting InitBoxes()...
I 2026/01/20 03:41:39 conf.go:1055: [BOOT] InitBoxes() started
I 2026/01/20 03:41:39 conf.go:1058: [BOOT] Block count: 7, initialized: true
I 2026/01/20 03:41:39 conf.go:1061: [BOOT] Listing notebooks...
I 2026/01/20 03:41:39 conf.go:1089: [BOOT] Processing 2 opened boxes...
I 2026/01/20 03:41:39 conf.go:1091: [BOOT] Processing box [20251230113409-4y9ye0l]...
I 2026/01/20 03:41:39 conf.go:1091: [BOOT] Processing box [20260112212953-rsc8g7d]...
I 2026/01/20 03:41:39 conf.go:1101: tree/block count [2/7], notebooks [2]
I 2026/01/20 03:41:39 conf.go:1102: [BOOT] InitBoxes() completed
I 2026/01/20 03:41:39 main.go:78: [BOOT] InitBoxes() completed
I 2026/01/20 03:41:39 main.go:80: [BOOT] Starting LoadFlashcards()...
I 2026/01/20 03:41:39 main.go:82: [BOOT] LoadFlashcards() completed
I 2026/01/20 03:41:39 main.go:84: [BOOT] Starting LoadAssetsTexts()...
I 2026/01/20 03:41:39 main.go:86: [BOOT] LoadAssetsTexts() completed
I 2026/01/20 03:41:39 main.go:88: [BOOT] Setting booted flag...
I 2026/01/20 03:41:39 working.go:226: kernel booted
I 2026/01/20 03:41:39 main.go:90: [BOOT] Booted flag set
I 2026/01/20 03:41:39 main.go:92: [BOOT] All initialization completed successfully!
I 2026/01/20 03:41:39 font.go:57: loaded system fonts [0] in [0ms]
I 2026/01/20 03:41:39 box.go:77: auto stat [trees=2, blocks=7, dataSize=63.8 kB, assetsSize=0 B]
I 2026/01/20 03:41:40 auth.go:137: Initialized 0 user accounts for login
W 2026/01/20 03:41:44 runtime.go:83: [BOOT] HookUILoaded timeout after 5 seconds, continuing anyway
I 2026/01/20 03:42:14 process.go:36: received os signal [terminated], exit kernel process now
I 2026/01/20 03:42:14 conf.go:807: exiting kernel [force=false, setCurrentWorkspace=true, execInstallPkg=1]
I 2026/01/20 03:42:15 database.go:1365: closed database
I 2026/01/20 03:42:15 conf.go:1277: cleared workspace temp
I 2026/01/20 03:42:15 sync.go:833: sync websocket closed
I 2026/01/20 03:42:16 conf.go:877: exited kernel
I 2026/01/20 03:42:16 working.go:180: 
      ___                                   ___           ___           ___
     /  /\        ___           ___        /__/\         /  /\         /__/\
    /  /:/_      /  /\         /__/|       \  \:\       /  /::\        \  \:\
   /  /:/ /\    /  /:/        |  |:|        \  \:\     /  /:/\:\        \  \:\
  /  /:/ /::\  /__/::\        |  |:|    ___  \  \:\   /  /:/~/::\   _____\__\:\
 /__/:/ /:/\:\ \__\/\:\__   __|__|:|   /__/\  \__\:\ /__/:/ /:/\:\ /__/::::::::\
 \  \:\/:/~/:/    \  \:\/\ /__/::::\   \  \:\ /  /:/ \  \:\/:/__\/ \  \:\~~\~~\/
  \  \::/ /:/      \__\::/    ~\~~\:\   \  \:\  /:/   \  \::/       \  \:\  ~~~
   \__\/ /:/       /__/:/       \  \:\   \  \:\/:/     \  \:\        \  \:\
     /__/:/        \__\/         \__\/    \  \::/       \  \:\        \  \:\
     \__\/                                 \__\/         \__\/         \__\/
I 2026/01/20 03:42:16 runtime.go:108: kernel is booting:
    * ver [3.4.2]
    * arch [arm64]
    * os [alpine]
    * pid [1]
    * runtime mode [prod]
    * working directory [/opt/siyuan]
    * read only [false]
    * container [docker]
    * database [ver=20220501]
    * workspace directory [/opt/siyuan/workspace]
I 2026/01/20 03:42:16 main.go:41: [BOOT] Boot() completed
I 2026/01/20 03:42:16 conf.go:129: loaded conf [/opt/siyuan/workspace/conf/conf.json]
I 2026/01/20 03:42:16 auth.go:137: Initialized 0 user accounts for login
I 2026/01/20 03:42:16 conf.go:627: Ollama API enabled (default)
    baseURL=http://ollama:11434
    timeout=60s
    proxy=
    model=nemotron-3-nano:30b-cloud
    maxTokens=4096
    temperature=1.0
    maxContexts=10
W 2026/01/20 03:42:16 ollama_setup.go:31: Ollama server not available at http://localhost:11434
I 2026/01/20 03:42:16 ollama_setup.go:32: To use Ollama AI, please install Ollama from https://ollama.ai and start the server
I 2026/01/20 03:42:16 runtime.go:160: use network proxy [system]
I 2026/01/20 03:42:16 main.go:45: [BOOT] InitConf() completed
I 2026/01/20 03:42:16 main.go:49: [BOOT] Server started in goroutine
I 2026/01/20 03:42:16 main.go:52: [BOOT] Starting InitAppearance()...
W 2026/01/20 03:42:16 ollama_setup.go:81: Ollama server not available: Get "http://localhost:11434/api/tags": dial tcp [::1]:11434: connect: connection refused (this is OK if Ollama is not running)
I 2026/01/20 03:42:16 serve.go:225: kernel [pid=1] http server [0.0.0.0:6806] is booting
I 2026/01/20 03:42:16 runtime.go:78: [BOOT] HookUILoaded started, waiting for UI connection...
I 2026/01/20 03:42:16 main.go:54: [BOOT] InitAppearance() completed
I 2026/01/20 03:42:16 main.go:56: [BOOT] Starting InitDatabase()...
I 2026/01/20 03:42:16 working.go:558: database [/opt/siyuan/workspace/temp/siyuan.db] size [106.5 kB]
I 2026/01/20 03:42:16 working.go:558: database [/opt/siyuan/workspace/temp/blocktree.db] size [12.29 kB]
I 2026/01/20 03:42:16 main.go:58: [BOOT] InitDatabase() completed
I 2026/01/20 03:42:16 main.go:60: [BOOT] Starting InitHistoryDatabase()...
I 2026/01/20 03:42:16 working.go:558: database [/opt/siyuan/workspace/temp/history.db] size [24.58 kB]
I 2026/01/20 03:42:16 main.go:62: [BOOT] InitHistoryDatabase() completed
I 2026/01/20 03:42:16 main.go:64: [BOOT] Starting InitAssetContentDatabase()...
I 2026/01/20 03:42:16 working.go:558: database [/opt/siyuan/workspace/temp/asset_content.db] size [24.58 kB]
I 2026/01/20 03:42:16 main.go:66: [BOOT] InitAssetContentDatabase() completed
I 2026/01/20 03:42:16 main.go:70: [BOOT] SQL settings configured
I 2026/01/20 03:42:16 main.go:72: [BOOT] Starting BootSyncData()...
I 2026/01/20 03:42:16 sync.go:126: [BOOT] BootSyncData() started
I 2026/01/20 03:42:16 sync.go:133: [BOOT] Sync.Perception is false, skipping WebSocket
I 2026/01/20 03:42:16 sync.go:136: [BOOT] Checking sync...
I 2026/01/20 03:42:16 sync.go:138: [BOOT] checkSync returned false, skipping sync
I 2026/01/20 03:42:16 main.go:74: [BOOT] BootSyncData() completed
I 2026/01/20 03:42:16 main.go:76: [BOOT] Starting InitBoxes()...
I 2026/01/20 03:42:16 conf.go:1055: [BOOT] InitBoxes() started
I 2026/01/20 03:42:16 conf.go:1058: [BOOT] Block count: 7, initialized: true
I 2026/01/20 03:42:16 conf.go:1061: [BOOT] Listing notebooks...
I 2026/01/20 03:42:16 conf.go:1089: [BOOT] Processing 2 opened boxes...
I 2026/01/20 03:42:16 conf.go:1091: [BOOT] Processing box [20251230113409-4y9ye0l]...
I 2026/01/20 03:42:16 conf.go:1091: [BOOT] Processing box [20260112212953-rsc8g7d]...
I 2026/01/20 03:42:16 conf.go:1101: tree/block count [2/7], notebooks [2]
I 2026/01/20 03:42:16 conf.go:1102: [BOOT] InitBoxes() completed
I 2026/01/20 03:42:16 main.go:78: [BOOT] InitBoxes() completed
I 2026/01/20 03:42:16 main.go:80: [BOOT] Starting LoadFlashcards()...
I 2026/01/20 03:42:16 main.go:82: [BOOT] LoadFlashcards() completed
I 2026/01/20 03:42:16 main.go:84: [BOOT] Starting LoadAssetsTexts()...
I 2026/01/20 03:42:16 main.go:86: [BOOT] LoadAssetsTexts() completed
I 2026/01/20 03:42:16 main.go:88: [BOOT] Setting booted flag...
I 2026/01/20 03:42:16 working.go:226: kernel booted
I 2026/01/20 03:42:16 main.go:90: [BOOT] Booted flag set
I 2026/01/20 03:42:16 main.go:92: [BOOT] All initialization completed successfully!
I 2026/01/20 03:42:16 font.go:57: loaded system fonts [0] in [0ms]
I 2026/01/20 03:42:16 box.go:77: auto stat [trees=2, blocks=7, dataSize=63.8 kB, assetsSize=0 B]
I 2026/01/20 03:42:17 auth.go:137: Initialized 0 user accounts for login
W 2026/01/20 03:42:21 runtime.go:83: [BOOT] HookUILoaded timeout after 5 seconds, continuing anyway
I 2026/01/20 03:42:50 process.go:36: received os signal [terminated], exit kernel process now
I 2026/01/20 03:42:50 conf.go:807: exiting kernel [force=false, setCurrentWorkspace=true, execInstallPkg=1]
I 2026/01/20 03:42:50 database.go:1365: closed database
I 2026/01/20 03:42:50 conf.go:1277: cleared workspace temp
I 2026/01/20 03:42:51 sync.go:833: sync websocket closed
I 2026/01/20 03:42:51 conf.go:877: exited kernel
I 2026/01/20 03:42:53 working.go:180: 
      ___                                   ___           ___           ___
     /  /\        ___           ___        /__/\         /  /\         /__/\
    /  /:/_      /  /\         /__/|       \  \:\       /  /::\        \  \:\
   /  /:/ /\    /  /:/        |  |:|        \  \:\     /  /:/\:\        \  \:\
  /  /:/ /::\  /__/::\        |  |:|    ___  \  \:\   /  /:/~/::\   _____\__\:\
 /__/:/ /:/\:\ \__\/\:\__   __|__|:|   /__/\  \__\:\ /__/:/ /:/\:\ /__/::::::::\
 \  \:\/:/~/:/    \  \:\/\ /__/::::\   \  \:\ /  /:/ \  \:\/:/__\/ \  \:\~~\~~\/
  \  \::/ /:/      \__\::/    ~\~~\:\   \  \:\  /:/   \  \::/       \  \:\  ~~~
   \__\/ /:/       /__/:/       \  \:\   \  \:\/:/     \  \:\        \  \:\
     /__/:/        \__\/         \__\/    \  \::/       \  \:\        \  \:\
     \__\/                                 \__\/         \__\/         \__\/
I 2026/01/20 03:42:53 runtime.go:108: kernel is booting:
    * ver [3.4.2]
    * arch [arm64]
    * os [alpine]
    * pid [1]
    * runtime mode [prod]
    * working directory [/opt/siyuan]
    * read only [false]
    * container [docker]
    * database [ver=20220501]
    * workspace directory [/opt/siyuan/workspace]
I 2026/01/20 03:42:53 main.go:41: [BOOT] Boot() completed
I 2026/01/20 03:42:53 conf.go:129: loaded conf [/opt/siyuan/workspace/conf/conf.json]
I 2026/01/20 03:42:53 auth.go:137: Initialized 0 user accounts for login
I 2026/01/20 03:42:53 conf.go:627: Ollama API enabled (default)
    baseURL=http://ollama:11434
    timeout=60s
    proxy=
    model=nemotron-3-nano:30b-cloud
    maxTokens=4096
    temperature=1.0
    maxContexts=10
I 2026/01/20 03:42:53 runtime.go:160: use network proxy [system]
I 2026/01/20 03:42:53 main.go:45: [BOOT] InitConf() completed
I 2026/01/20 03:42:53 main.go:49: [BOOT] Server started in goroutine
I 2026/01/20 03:42:53 main.go:52: [BOOT] Starting InitAppearance()...
W 2026/01/20 03:42:53 ollama_setup.go:31: Ollama server not available at http://localhost:11434
I 2026/01/20 03:42:53 ollama_setup.go:32: To use Ollama AI, please install Ollama from https://ollama.ai and start the server
W 2026/01/20 03:42:53 ollama_setup.go:81: Ollama server not available: Get "http://localhost:11434/api/tags": dial tcp [::1]:11434: connect: connection refused (this is OK if Ollama is not running)
I 2026/01/20 03:42:53 serve.go:225: kernel [pid=1] http server [0.0.0.0:6806] is booting
I 2026/01/20 03:42:53 runtime.go:78: [BOOT] HookUILoaded started, waiting for UI connection...
I 2026/01/20 03:42:53 main.go:54: [BOOT] InitAppearance() completed
I 2026/01/20 03:42:53 main.go:56: [BOOT] Starting InitDatabase()...
I 2026/01/20 03:42:53 working.go:558: database [/opt/siyuan/workspace/temp/siyuan.db] size [106.5 kB]
I 2026/01/20 03:42:53 working.go:558: database [/opt/siyuan/workspace/temp/blocktree.db] size [12.29 kB]
I 2026/01/20 03:42:53 main.go:58: [BOOT] InitDatabase() completed
I 2026/01/20 03:42:53 main.go:60: [BOOT] Starting InitHistoryDatabase()...
I 2026/01/20 03:42:53 working.go:558: database [/opt/siyuan/workspace/temp/history.db] size [24.58 kB]
I 2026/01/20 03:42:53 main.go:62: [BOOT] InitHistoryDatabase() completed
I 2026/01/20 03:42:53 main.go:64: [BOOT] Starting InitAssetContentDatabase()...
I 2026/01/20 03:42:53 working.go:558: database [/opt/siyuan/workspace/temp/asset_content.db] size [24.58 kB]
I 2026/01/20 03:42:53 main.go:66: [BOOT] InitAssetContentDatabase() completed
I 2026/01/20 03:42:53 main.go:70: [BOOT] SQL settings configured
I 2026/01/20 03:42:53 main.go:72: [BOOT] Starting BootSyncData()...
I 2026/01/20 03:42:53 sync.go:126: [BOOT] BootSyncData() started
I 2026/01/20 03:42:53 sync.go:133: [BOOT] Sync.Perception is false, skipping WebSocket
I 2026/01/20 03:42:53 sync.go:136: [BOOT] Checking sync...
I 2026/01/20 03:42:53 sync.go:138: [BOOT] checkSync returned false, skipping sync
I 2026/01/20 03:42:53 main.go:74: [BOOT] BootSyncData() completed
I 2026/01/20 03:42:53 main.go:76: [BOOT] Starting InitBoxes()...
I 2026/01/20 03:42:53 conf.go:1055: [BOOT] InitBoxes() started
I 2026/01/20 03:42:53 conf.go:1058: [BOOT] Block count: 7, initialized: true
I 2026/01/20 03:42:53 conf.go:1061: [BOOT] Listing notebooks...
I 2026/01/20 03:42:53 conf.go:1089: [BOOT] Processing 2 opened boxes...
I 2026/01/20 03:42:53 conf.go:1091: [BOOT] Processing box [20251230113409-4y9ye0l]...
I 2026/01/20 03:42:53 conf.go:1091: [BOOT] Processing box [20260112212953-rsc8g7d]...
I 2026/01/20 03:42:53 conf.go:1101: tree/block count [2/7], notebooks [2]
I 2026/01/20 03:42:53 conf.go:1102: [BOOT] InitBoxes() completed
I 2026/01/20 03:42:53 main.go:78: [BOOT] InitBoxes() completed
I 2026/01/20 03:42:53 main.go:80: [BOOT] Starting LoadFlashcards()...
I 2026/01/20 03:42:53 main.go:82: [BOOT] LoadFlashcards() completed
I 2026/01/20 03:42:53 main.go:84: [BOOT] Starting LoadAssetsTexts()...
I 2026/01/20 03:42:53 main.go:86: [BOOT] LoadAssetsTexts() completed
I 2026/01/20 03:42:53 main.go:88: [BOOT] Setting booted flag...
I 2026/01/20 03:42:53 working.go:226: kernel booted
I 2026/01/20 03:42:53 main.go:90: [BOOT] Booted flag set
I 2026/01/20 03:42:53 main.go:92: [BOOT] All initialization completed successfully!
I 2026/01/20 03:42:53 font.go:57: loaded system fonts [0] in [0ms]
I 2026/01/20 03:42:53 box.go:77: auto stat [trees=2, blocks=7, dataSize=63.8 kB, assetsSize=0 B]
I 2026/01/20 03:42:54 auth.go:137: Initialized 0 user accounts for login
W 2026/01/20 03:42:58 runtime.go:83: [BOOT] HookUILoaded timeout after 5 seconds, continuing anyway
E 2026/01/20 03:43:53 cloud_service.go:298: unmarshal announcement conf failed: json: cannot unmarshal object into Go value of type []*model.Announcement
E 2026/01/20 03:43:56 rhy.go:50: get version info failed: Get "https://siyuan-sync.b3logfile.com/apis/siyuan/version?ver=3.4.2": context deadline exceeded
I 2026/01/20 03:43:56 cron.go:61: cron job [[RefreshRhyResultJob]] executed
I 2026/01/20 03:44:30 serve.go:596: [WS] WebSocket connection attempt from [172.18.0.1:56740], URI: [/ws?app=siyuan&id=auth]
W 2026/01/20 03:44:30 serve.go:620: [WS] AccessAuthCode mismatch: expected [b226ba0f30a134fe9245792118bca202], got []
I 2026/01/20 03:44:30 serve.go:645: [WS] allowing auth page connection
I 2026/01/20 03:44:30 serve.go:675: [WS] WebSocket connected: app=[siyuan], id=[auth], type=[]
I 2026/01/20 03:44:43 session.go:136: Login attempt: username=[pa], account found=[false]
W 2026/01/20 03:44:43 session.go:142: invalid username [pa] [ip=172.18.0.1:56728] - account not found
I 2026/01/20 03:44:58 session.go:136: Login attempt: username=[sha], account found=[false]
W 2026/01/20 03:44:58 session.go:142: invalid username [sha] [ip=172.18.0.1:56728] - account not found
E 2026/01/20 03:45:06 rhy.go:50: get version info failed: Get "https://siyuan-sync.b3logfile.com/apis/siyuan/version?ver=3.4.2": context deadline exceeded
I 2026/01/20 03:47:49 serve.go:596: [WS] WebSocket connection attempt from [172.18.0.1:55810], URI: [/ws?app=siyuan&id=auth]
W 2026/01/20 03:47:49 serve.go:620: [WS] AccessAuthCode mismatch: expected [b226ba0f30a134fe9245792118bca202], got []
I 2026/01/20 03:47:49 serve.go:645: [WS] allowing auth page connection
I 2026/01/20 03:47:49 serve.go:675: [WS] WebSocket connected: app=[siyuan], id=[auth], type=[]
I 2026/01/20 03:47:55 session.go:275: auth success [ip=172.18.0.1:55798, maxAge=0]
I 2026/01/20 03:47:55 serve.go:331: serving [/] for user-agent [Mozilla/5.0 (Macintosh; Intel Mac OS X 10_15_7) AppleWebKit/605.1.15 (KHTML, like Gecko) Version/26.2 Safari/605.1.15]
I 2026/01/20 03:47:55 serve.go:596: [WS] WebSocket connection attempt from [172.18.0.1:55824], URI: [/ws?app=mwxko&id=cffa0726-a46c-4850-ac74-37bad4071178&type=main]
I 2026/01/20 03:47:55 serve.go:675: [WS] WebSocket connected: app=[mwxko], id=[cffa0726-a46c-4850-ac74-37bad4071178], type=[main]
I 2026/01/20 03:47:56 serve.go:596: [WS] WebSocket connection attempt from [172.18.0.1:55884], URI: [/ws?app=mwxko&id=dcab7cc4-5b25-443a-96c7-94e42ef36464&type=filetree]
I 2026/01/20 03:47:56 serve.go:675: [WS] WebSocket connected: app=[mwxko], id=[dcab7cc4-5b25-443a-96c7-94e42ef36464], type=[filetree]
I 2026/01/20 03:47:56 index.go:136: [BOOT] indexBox() started for box [20210808180117-6v0mkxr]
I 2026/01/20 03:47:56 index.go:143: [BOOT] Listing files for box [20210808180117-6v0mkxr]...
I 2026/01/20 03:47:56 index.go:146: [BOOT] Found 82 files in box [20210808180117-6v0mkxr]
I 2026/01/20 03:47:56 index.go:233: [BOOT] Waiting for index pool to complete (timeout: 60s)...
I 2026/01/20 03:47:56 index.go:242: [BOOT] Index pool completed
I 2026/01/20 03:47:56 index.go:256: rebuilt database for notebook [20210808180117-6v0mkxr] in [0.07s], tree [count=67, size=1.36 MB]
I 2026/01/20 03:47:56 index.go:326: resolved refs [37] in [35ms]
I 2026/01/20 03:47:56 serve.go:596: [WS] WebSocket connection attempt from [172.18.0.1:55888], URI: [/ws?app=mwxko&id=503dea4f-bd54-4c81-9a46-a0fe4084df5a&type=protyle]
I 2026/01/20 03:47:56 serve.go:675: [WS] WebSocket connected: app=[mwxko], id=[503dea4f-bd54-4c81-9a46-a0fe4084df5a], type=[protyle]
I 2026/01/20 03:48:09 serve.go:596: [WS] WebSocket connection attempt from [172.18.0.1:64812], URI: [/ws?app=mwxko&id=57974ee1-17dc-4ca1-88fa-7b2c7df4343f&type=protyle]
I 2026/01/20 03:48:09 serve.go:675: [WS] WebSocket connected: app=[mwxko], id=[57974ee1-17dc-4ca1-88fa-7b2c7df4343f], type=[protyle]
I 2026/01/20 03:48:15 serve.go:596: [WS] WebSocket connection attempt from [172.18.0.1:64820], URI: [/ws?app=mwxko&id=3e2b17fb-9fdf-4c6e-ae25-231f1062ab6c]
I 2026/01/20 03:48:15 serve.go:675: [WS] WebSocket connected: app=[mwxko], id=[3e2b17fb-9fdf-4c6e-ae25-231f1062ab6c], type=[]
I 2026/01/20 03:48:17 serve.go:596: [WS] WebSocket connection attempt from [172.18.0.1:64422], URI: [/ws?app=mwxko&id=e9153555-95c6-4f3e-a4c4-a8312d907239]
I 2026/01/20 03:48:17 serve.go:675: [WS] WebSocket connected: app=[mwxko], id=[e9153555-95c6-4f3e-a4c4-a8312d907239], type=[]
I 2026/01/20 03:48:24 serve.go:596: [WS] WebSocket connection attempt from [172.18.0.1:64434], URI: [/ws?app=mwxko&id=02774f35-363c-43e0-999b-673b45fac42b&type=protyle]
I 2026/01/20 03:48:24 serve.go:675: [WS] WebSocket connected: app=[mwxko], id=[02774f35-363c-43e0-999b-673b45fac42b], type=[protyle]
I 2026/01/20 03:48:25 serve.go:596: [WS] WebSocket connection attempt from [172.18.0.1:64440], URI: [/ws?app=mwxko&id=3f4a790c-99e5-4a37-9c92-6520d7a8fab0&type=protyle]
I 2026/01/20 03:48:25 serve.go:675: [WS] WebSocket connected: app=[mwxko], id=[3f4a790c-99e5-4a37-9c92-6520d7a8fab0], type=[protyle]
W 2026/01/20 03:48:46 ollama.go:306: Ollama API auth error [401]: unauthorized - это нормально для облачных моделей, модель загрузится автоматически
W 2026/01/20 03:49:05 ollama.go:306: Ollama API auth error [401]: unauthorized - это нормально для облачных моделей, модель загрузится автоматически
I 2026/01/20 03:51:47 workspace.go:245: workspace paths [[/opt/siyuan/workspace]]
I 2026/01/20 03:51:47 workspace.go:249: get workspace [/opt/siyuan/workspace]
I 2026/01/20 03:51:47 workspace.go:252: workspace [/opt/siyuan/workspace] is closed
I 2026/01/20 03:54:15 auth.go:137: Initialized 0 user accounts for login
E 2026/01/20 03:55:18 repository.go:2283: get cloud repo stat failed: get cloud repo stat failed: Post "https://siyuan-sync.b3logfile.com/apis/siyuan/dejavu/getRepoStat?uid=0": context deadline exceeded
I 2026/01/20 04:05:40 serve.go:596: [WS] WebSocket connection attempt from [172.18.0.1:62558], URI: [/ws?app=mwxko&id=12813c26-a38b-4499-8add-d97cfb192cf3&type=protyle]
I 2026/01/20 04:05:40 serve.go:675: [WS] WebSocket connected: app=[mwxko], id=[12813c26-a38b-4499-8add-d97cfb192cf3], type=[protyle]
I 2026/01/20 04:05:42 serve.go:596: [WS] WebSocket connection attempt from [172.18.0.1:62618], URI: [/ws?app=mwxko&id=1baea314-bedc-44ea-961e-bd9d17a04b1f&type=protyle]
I 2026/01/20 04:05:42 serve.go:675: [WS] WebSocket connected: app=[mwxko], id=[1baea314-bedc-44ea-961e-bd9d17a04b1f], type=[protyle]
I 2026/01/20 04:05:44 serve.go:596: [WS] WebSocket connection attempt from [172.18.0.1:62634], URI: [/ws?app=mwxko&id=fe05d5ea-c869-4015-b51e-151e8dd1ae00&type=protyle]
I 2026/01/20 04:05:44 serve.go:675: [WS] WebSocket connected: app=[mwxko], id=[fe05d5ea-c869-4015-b51e-151e8dd1ae00], type=[protyle]
I 2026/01/20 04:05:45 serve.go:596: [WS] WebSocket connection attempt from [172.18.0.1:62648], URI: [/ws?app=mwxko&id=21a13752-65c2-4fb1-9fad-68cb4744344a&type=protyle]
I 2026/01/20 04:05:45 serve.go:675: [WS] WebSocket connected: app=[mwxko], id=[21a13752-65c2-4fb1-9fad-68cb4744344a], type=[protyle]
I 2026/01/20 04:05:47 serve.go:596: [WS] WebSocket connection attempt from [172.18.0.1:57670], URI: [/ws?app=mwxko&id=dc97e728-b312-4124-aae8-db8170bae15c&type=protyle]
I 2026/01/20 04:05:47 serve.go:675: [WS] WebSocket connected: app=[mwxko], id=[dc97e728-b312-4124-aae8-db8170bae15c], type=[protyle]
I 2026/01/20 04:05:51 serve.go:596: [WS] WebSocket connection attempt from [172.18.0.1:57676], URI: [/ws?app=mwxko&id=d1439f9c-e462-44e8-b982-4219a981ad0a&type=protyle]
I 2026/01/20 04:05:51 serve.go:675: [WS] WebSocket connected: app=[mwxko], id=[d1439f9c-e462-44e8-b982-4219a981ad0a], type=[protyle]
I 2026/01/20 04:05:58 serve.go:596: [WS] WebSocket connection attempt from [172.18.0.1:59882], URI: [/ws?app=mwxko&id=56d6150e-de71-41b9-8873-4a3c4ada846a&type=protyle]
I 2026/01/20 04:05:58 serve.go:675: [WS] WebSocket connected: app=[mwxko], id=[56d6150e-de71-41b9-8873-4a3c4ada846a], type=[protyle]
I 2026/01/20 04:06:04 process.go:36: received os signal [terminated], exit kernel process now
I 2026/01/20 04:06:04 conf.go:807: exiting kernel [force=false, setCurrentWorkspace=true, execInstallPkg=1]
I 2026/01/20 04:06:04 conf.go:1347: closed user guide box [20210808180117-6v0mkxr]
I 2026/01/20 04:06:04 database.go:1365: closed database
I 2026/01/20 04:06:04 conf.go:1277: cleared workspace temp
E 2026/01/20 04:06:04 blocktree.go:365: sql query [SELECT * FROM blocktrees WHERE id IN (?,?,?)] failed: sql: database is closed
E 2026/01/20 04:06:05 blocktree.go:393: sql query [SELECT * FROM blocktrees WHERE id = ?] failed:     github.com/siyuan-note/siyuan/kernel/treenode.GetBlockTree({0x4001438df8, 0x16})
    	/kernel/treenode/blocktree.go:393 +0x104
    github.com/siyuan-note/siyuan/kernel/model.LoadTreeByBlockID({0x4001438df8, 0x16})
    	/kernel/model/tree.go:221 +0x34
    github.com/siyuan-note/siyuan/kernel/model.BuildTreeGraph({0x4001438df8, 0x16}, {0x0, 0x0})
    	/kernel/model/graph.go:66 +0x58
    github.com/siyuan-note/siyuan/kernel/api.getLocalGraph(0x40015ae100)
    	/kernel/api/graph.go:129 +0x35c
I 2026/01/20 04:06:05 sync.go:833: sync websocket closed
I 2026/01/20 04:06:05 conf.go:877: exited kernel
I 2026/01/20 04:06:06 working.go:180: 
      ___                                   ___           ___           ___
     /  /\        ___           ___        /__/\         /  /\         /__/\
    /  /:/_      /  /\         /__/|       \  \:\       /  /::\        \  \:\
   /  /:/ /\    /  /:/        |  |:|        \  \:\     /  /:/\:\        \  \:\
  /  /:/ /::\  /__/::\        |  |:|    ___  \  \:\   /  /:/~/::\   _____\__\:\
 /__/:/ /:/\:\ \__\/\:\__   __|__|:|   /__/\  \__\:\ /__/:/ /:/\:\ /__/::::::::\
 \  \:\/:/~/:/    \  \:\/\ /__/::::\   \  \:\ /  /:/ \  \:\/:/__\/ \  \:\~~\~~\/
  \  \::/ /:/      \__\::/    ~\~~\:\   \  \:\  /:/   \  \::/       \  \:\  ~~~
   \__\/ /:/       /__/:/       \  \:\   \  \:\/:/     \  \:\        \  \:\
     /__/:/        \__\/         \__\/    \  \::/       \  \:\        \  \:\
     \__\/                                 \__\/         \__\/         \__\/
I 2026/01/20 04:06:06 runtime.go:108: kernel is booting:
    * ver [3.4.2]
    * arch [arm64]
    * os [alpine]
    * pid [1]
    * runtime mode [prod]
    * working directory [/opt/siyuan]
    * read only [false]
    * container [docker]
    * database [ver=20220501]
    * workspace directory [/opt/siyuan/workspace]
I 2026/01/20 04:06:06 main.go:41: [BOOT] Boot() completed
I 2026/01/20 04:06:06 conf.go:129: loaded conf [/opt/siyuan/workspace/conf/conf.json]
I 2026/01/20 04:06:06 auth.go:137: Initialized 0 user accounts for login
I 2026/01/20 04:06:06 conf.go:627: Ollama API enabled (default)
    baseURL=http://ollama:11434
    timeout=60s
    proxy=
    model=nemotron-3-nano:30b-cloud
    maxTokens=4096
    temperature=1.0
    maxContexts=10
I 2026/01/20 04:06:06 runtime.go:160: use network proxy [system]
W 2026/01/20 04:06:06 ollama_setup.go:31: Ollama server not available at http://localhost:11434
I 2026/01/20 04:06:06 ollama_setup.go:32: To use Ollama AI, please install Ollama from https://ollama.ai and start the server
I 2026/01/20 04:06:06 main.go:45: [BOOT] InitConf() completed
I 2026/01/20 04:06:06 main.go:49: [BOOT] Server started in goroutine
I 2026/01/20 04:06:06 main.go:52: [BOOT] Starting InitAppearance()...
W 2026/01/20 04:06:06 ollama_setup.go:81: Ollama server not available: Get "http://localhost:11434/api/tags": dial tcp [::1]:11434: connect: connection refused (this is OK if Ollama is not running)
I 2026/01/20 04:06:06 serve.go:225: kernel [pid=1] http server [0.0.0.0:6806] is booting
I 2026/01/20 04:06:06 runtime.go:78: [BOOT] HookUILoaded started, waiting for UI connection...
I 2026/01/20 04:06:06 main.go:54: [BOOT] InitAppearance() completed
I 2026/01/20 04:06:06 main.go:56: [BOOT] Starting InitDatabase()...
I 2026/01/20 04:06:06 working.go:558: database [/opt/siyuan/workspace/temp/siyuan.db] size [8.75 MB]
I 2026/01/20 04:06:06 working.go:558: database [/opt/siyuan/workspace/temp/blocktree.db] size [675.84 kB]
I 2026/01/20 04:06:06 main.go:58: [BOOT] InitDatabase() completed
I 2026/01/20 04:06:06 main.go:60: [BOOT] Starting InitHistoryDatabase()...
I 2026/01/20 04:06:06 working.go:558: database [/opt/siyuan/workspace/temp/history.db] size [24.58 kB]
I 2026/01/20 04:06:06 main.go:62: [BOOT] InitHistoryDatabase() completed
I 2026/01/20 04:06:06 main.go:64: [BOOT] Starting InitAssetContentDatabase()...
I 2026/01/20 04:06:06 working.go:558: database [/opt/siyuan/workspace/temp/asset_content.db] size [24.58 kB]
I 2026/01/20 04:06:06 main.go:66: [BOOT] InitAssetContentDatabase() completed
I 2026/01/20 04:06:06 main.go:70: [BOOT] SQL settings configured
I 2026/01/20 04:06:06 main.go:72: [BOOT] Starting BootSyncData()...
I 2026/01/20 04:06:06 sync.go:126: [BOOT] BootSyncData() started
I 2026/01/20 04:06:06 sync.go:133: [BOOT] Sync.Perception is false, skipping WebSocket
I 2026/01/20 04:06:06 sync.go:136: [BOOT] Checking sync...
I 2026/01/20 04:06:06 sync.go:138: [BOOT] checkSync returned false, skipping sync
I 2026/01/20 04:06:06 main.go:74: [BOOT] BootSyncData() completed
I 2026/01/20 04:06:06 main.go:76: [BOOT] Starting InitBoxes()...
I 2026/01/20 04:06:06 conf.go:1055: [BOOT] InitBoxes() started
I 2026/01/20 04:06:06 conf.go:1058: [BOOT] Block count: 10, initialized: true
I 2026/01/20 04:06:06 conf.go:1061: [BOOT] Listing notebooks...
I 2026/01/20 04:06:06 conf.go:1089: [BOOT] Processing 2 opened boxes...
I 2026/01/20 04:06:06 conf.go:1091: [BOOT] Processing box [20251230113409-4y9ye0l]...
I 2026/01/20 04:06:06 conf.go:1091: [BOOT] Processing box [20260112212953-rsc8g7d]...
I 2026/01/20 04:06:06 conf.go:1101: tree/block count [3/10], notebooks [2]
I 2026/01/20 04:06:06 conf.go:1102: [BOOT] InitBoxes() completed
I 2026/01/20 04:06:06 main.go:78: [BOOT] InitBoxes() completed
I 2026/01/20 04:06:06 main.go:80: [BOOT] Starting LoadFlashcards()...
I 2026/01/20 04:06:06 main.go:82: [BOOT] LoadFlashcards() completed
I 2026/01/20 04:06:06 main.go:84: [BOOT] Starting LoadAssetsTexts()...
I 2026/01/20 04:06:06 main.go:86: [BOOT] LoadAssetsTexts() completed
I 2026/01/20 04:06:06 main.go:88: [BOOT] Setting booted flag...
I 2026/01/20 04:06:06 working.go:226: kernel booted
I 2026/01/20 04:06:06 main.go:90: [BOOT] Booted flag set
I 2026/01/20 04:06:06 main.go:92: [BOOT] All initialization completed successfully!
I 2026/01/20 04:06:06 font.go:57: loaded system fonts [0] in [0ms]
I 2026/01/20 04:06:06 box.go:77: auto stat [trees=3, blocks=10, dataSize=81.9 kB, assetsSize=0 B]
I 2026/01/20 04:06:07 auth.go:137: Initialized 0 user accounts for login
I 2026/01/20 04:06:09 serve.go:596: [WS] WebSocket connection attempt from [172.18.0.1:55162], URI: [/ws?app=mwxko&id=3e2b17fb-9fdf-4c6e-ae25-231f1062ab6c]
I 2026/01/20 04:06:09 serve.go:675: [WS] WebSocket connected: app=[mwxko], id=[3e2b17fb-9fdf-4c6e-ae25-231f1062ab6c], type=[]
I 2026/01/20 04:06:09 serve.go:596: [WS] WebSocket connection attempt from [172.18.0.1:55170], URI: [/ws?app=mwxko&id=dcab7cc4-5b25-443a-96c7-94e42ef36464&type=filetree]
I 2026/01/20 04:06:09 serve.go:675: [WS] WebSocket connected: app=[mwxko], id=[dcab7cc4-5b25-443a-96c7-94e42ef36464], type=[filetree]
I 2026/01/20 04:06:09 serve.go:596: [WS] WebSocket connection attempt from [172.18.0.1:55186], URI: [/ws?app=mwxko&id=cffa0726-a46c-4850-ac74-37bad4071178&type=main]
I 2026/01/20 04:06:09 serve.go:596: [WS] WebSocket connection attempt from [172.18.0.1:55200], URI: [/ws?app=mwxko&id=e9153555-95c6-4f3e-a4c4-a8312d907239]
I 2026/01/20 04:06:09 serve.go:675: [WS] WebSocket connected: app=[mwxko], id=[e9153555-95c6-4f3e-a4c4-a8312d907239], type=[]
I 2026/01/20 04:06:09 serve.go:675: [WS] WebSocket connected: app=[mwxko], id=[cffa0726-a46c-4850-ac74-37bad4071178], type=[main]
I 2026/01/20 04:06:09 runtime.go:89: [BOOT] UI connected with 1 main session(s)
I 2026/01/20 04:06:45 process.go:36: received os signal [terminated], exit kernel process now
I 2026/01/20 04:06:45 conf.go:807: exiting kernel [force=false, setCurrentWorkspace=true, execInstallPkg=1]
I 2026/01/20 04:06:45 database.go:1365: closed database
I 2026/01/20 04:06:45 conf.go:1277: cleared workspace temp
I 2026/01/20 04:06:45 sync.go:833: sync websocket closed
I 2026/01/20 04:06:46 conf.go:877: exited kernel
I 2026/01/20 04:06:46 working.go:180: 
      ___                                   ___           ___           ___
     /  /\        ___           ___        /__/\         /  /\         /__/\
    /  /:/_      /  /\         /__/|       \  \:\       /  /::\        \  \:\
   /  /:/ /\    /  /:/        |  |:|        \  \:\     /  /:/\:\        \  \:\
  /  /:/ /::\  /__/::\        |  |:|    ___  \  \:\   /  /:/~/::\   _____\__\:\
 /__/:/ /:/\:\ \__\/\:\__   __|__|:|   /__/\  \__\:\ /__/:/ /:/\:\ /__/::::::::\
 \  \:\/:/~/:/    \  \:\/\ /__/::::\   \  \:\ /  /:/ \  \:\/:/__\/ \  \:\~~\~~\/
  \  \::/ /:/      \__\::/    ~\~~\:\   \  \:\  /:/   \  \::/       \  \:\  ~~~
   \__\/ /:/       /__/:/       \  \:\   \  \:\/:/     \  \:\        \  \:\
     /__/:/        \__\/         \__\/    \  \::/       \  \:\        \  \:\
     \__\/                                 \__\/         \__\/         \__\/
I 2026/01/20 04:06:46 runtime.go:108: kernel is booting:
    * ver [3.4.2]
    * arch [arm64]
    * os [alpine]
    * pid [1]
    * runtime mode [prod]
    * working directory [/opt/siyuan]
    * read only [false]
    * container [docker]
    * database [ver=20220501]
    * workspace directory [/opt/siyuan/workspace]
I 2026/01/20 04:06:46 main.go:41: [BOOT] Boot() completed
I 2026/01/20 04:06:46 conf.go:129: loaded conf [/opt/siyuan/workspace/conf/conf.json]
I 2026/01/20 04:06:46 auth.go:137: Initialized 0 user accounts for login
I 2026/01/20 04:06:46 conf.go:627: Ollama API enabled (default)
    baseURL=http://ollama:11434
    timeout=60s
    proxy=
    model=nemotron-3-nano:30b-cloud
    maxTokens=4096
    temperature=1.0
    maxContexts=10
I 2026/01/20 04:06:46 runtime.go:160: use network proxy [system]
I 2026/01/20 04:06:46 main.go:45: [BOOT] InitConf() completed
I 2026/01/20 04:06:46 main.go:49: [BOOT] Server started in goroutine
I 2026/01/20 04:06:46 main.go:52: [BOOT] Starting InitAppearance()...
W 2026/01/20 04:06:46 ollama_setup.go:31: Ollama server not available at http://localhost:11434
I 2026/01/20 04:06:46 ollama_setup.go:32: To use Ollama AI, please install Ollama from https://ollama.ai and start the server
W 2026/01/20 04:06:46 ollama_setup.go:81: Ollama server not available: Get "http://localhost:11434/api/tags": dial tcp [::1]:11434: connect: connection refused (this is OK if Ollama is not running)
I 2026/01/20 04:06:46 serve.go:225: kernel [pid=1] http server [0.0.0.0:6806] is booting
I 2026/01/20 04:06:46 runtime.go:78: [BOOT] HookUILoaded started, waiting for UI connection...
I 2026/01/20 04:06:46 main.go:54: [BOOT] InitAppearance() completed
I 2026/01/20 04:06:46 main.go:56: [BOOT] Starting InitDatabase()...
I 2026/01/20 04:06:46 working.go:558: database [/opt/siyuan/workspace/temp/siyuan.db] size [8.75 MB]
I 2026/01/20 04:06:46 working.go:558: database [/opt/siyuan/workspace/temp/blocktree.db] size [675.84 kB]
I 2026/01/20 04:06:46 main.go:58: [BOOT] InitDatabase() completed
I 2026/01/20 04:06:46 main.go:60: [BOOT] Starting InitHistoryDatabase()...
I 2026/01/20 04:06:46 working.go:558: database [/opt/siyuan/workspace/temp/history.db] size [24.58 kB]
I 2026/01/20 04:06:46 main.go:62: [BOOT] InitHistoryDatabase() completed
I 2026/01/20 04:06:46 main.go:64: [BOOT] Starting InitAssetContentDatabase()...
I 2026/01/20 04:06:46 working.go:558: database [/opt/siyuan/workspace/temp/asset_content.db] size [24.58 kB]
I 2026/01/20 04:06:46 main.go:66: [BOOT] InitAssetContentDatabase() completed
I 2026/01/20 04:06:46 main.go:70: [BOOT] SQL settings configured
I 2026/01/20 04:06:46 main.go:72: [BOOT] Starting BootSyncData()...
I 2026/01/20 04:06:46 sync.go:126: [BOOT] BootSyncData() started
I 2026/01/20 04:06:46 sync.go:133: [BOOT] Sync.Perception is false, skipping WebSocket
I 2026/01/20 04:06:46 sync.go:136: [BOOT] Checking sync...
I 2026/01/20 04:06:46 sync.go:138: [BOOT] checkSync returned false, skipping sync
I 2026/01/20 04:06:46 main.go:74: [BOOT] BootSyncData() completed
I 2026/01/20 04:06:46 main.go:76: [BOOT] Starting InitBoxes()...
I 2026/01/20 04:06:46 conf.go:1055: [BOOT] InitBoxes() started
I 2026/01/20 04:06:46 conf.go:1058: [BOOT] Block count: 10, initialized: true
I 2026/01/20 04:06:46 conf.go:1061: [BOOT] Listing notebooks...
I 2026/01/20 04:06:46 conf.go:1089: [BOOT] Processing 2 opened boxes...
I 2026/01/20 04:06:46 conf.go:1091: [BOOT] Processing box [20251230113409-4y9ye0l]...
I 2026/01/20 04:06:46 conf.go:1091: [BOOT] Processing box [20260112212953-rsc8g7d]...
I 2026/01/20 04:06:46 conf.go:1101: tree/block count [3/10], notebooks [2]
I 2026/01/20 04:06:46 conf.go:1102: [BOOT] InitBoxes() completed
I 2026/01/20 04:06:46 main.go:78: [BOOT] InitBoxes() completed
I 2026/01/20 04:06:46 main.go:80: [BOOT] Starting LoadFlashcards()...
I 2026/01/20 04:06:46 main.go:82: [BOOT] LoadFlashcards() completed
I 2026/01/20 04:06:46 main.go:84: [BOOT] Starting LoadAssetsTexts()...
I 2026/01/20 04:06:46 main.go:86: [BOOT] LoadAssetsTexts() completed
I 2026/01/20 04:06:46 main.go:88: [BOOT] Setting booted flag...
I 2026/01/20 04:06:46 working.go:226: kernel booted
I 2026/01/20 04:06:46 main.go:90: [BOOT] Booted flag set
I 2026/01/20 04:06:46 main.go:92: [BOOT] All initialization completed successfully!
I 2026/01/20 04:06:46 font.go:57: loaded system fonts [0] in [0ms]
I 2026/01/20 04:06:46 box.go:77: auto stat [trees=3, blocks=10, dataSize=81.9 kB, assetsSize=0 B]
I 2026/01/20 04:06:47 auth.go:137: Initialized 0 user accounts for login
I 2026/01/20 04:06:49 serve.go:596: [WS] WebSocket connection attempt from [172.18.0.1:62458], URI: [/ws?app=mwxko&id=3e2b17fb-9fdf-4c6e-ae25-231f1062ab6c]
I 2026/01/20 04:06:49 serve.go:675: [WS] WebSocket connected: app=[mwxko], id=[3e2b17fb-9fdf-4c6e-ae25-231f1062ab6c], type=[]
I 2026/01/20 04:06:49 serve.go:596: [WS] WebSocket connection attempt from [172.18.0.1:62472], URI: [/ws?app=mwxko&id=e9153555-95c6-4f3e-a4c4-a8312d907239]
I 2026/01/20 04:06:49 serve.go:596: [WS] WebSocket connection attempt from [172.18.0.1:62488], URI: [/ws?app=mwxko&id=cffa0726-a46c-4850-ac74-37bad4071178&type=main]
I 2026/01/20 04:06:49 serve.go:596: [WS] WebSocket connection attempt from [172.18.0.1:62490], URI: [/ws?app=mwxko&id=dcab7cc4-5b25-443a-96c7-94e42ef36464&type=filetree]
I 2026/01/20 04:06:49 serve.go:675: [WS] WebSocket connected: app=[mwxko], id=[e9153555-95c6-4f3e-a4c4-a8312d907239], type=[]
I 2026/01/20 04:06:49 serve.go:675: [WS] WebSocket connected: app=[mwxko], id=[cffa0726-a46c-4850-ac74-37bad4071178], type=[main]
I 2026/01/20 04:06:49 serve.go:675: [WS] WebSocket connected: app=[mwxko], id=[dcab7cc4-5b25-443a-96c7-94e42ef36464], type=[filetree]
I 2026/01/20 04:06:49 runtime.go:89: [BOOT] UI connected with 1 main session(s)
I 2026/01/20 04:07:12 process.go:36: received os signal [terminated], exit kernel process now
I 2026/01/20 04:07:12 conf.go:807: exiting kernel [force=false, setCurrentWorkspace=true, execInstallPkg=1]
I 2026/01/20 04:07:12 database.go:1365: closed database
I 2026/01/20 04:07:12 conf.go:1277: cleared workspace temp
I 2026/01/20 04:07:13 sync.go:833: sync websocket closed
I 2026/01/20 04:07:13 conf.go:877: exited kernel
I 2026/01/20 04:07:15 working.go:180: 
      ___                                   ___           ___           ___
     /  /\        ___           ___        /__/\         /  /\         /__/\
    /  /:/_      /  /\         /__/|       \  \:\       /  /::\        \  \:\
   /  /:/ /\    /  /:/        |  |:|        \  \:\     /  /:/\:\        \  \:\
  /  /:/ /::\  /__/::\        |  |:|    ___  \  \:\   /  /:/~/::\   _____\__\:\
 /__/:/ /:/\:\ \__\/\:\__   __|__|:|   /__/\  \__\:\ /__/:/ /:/\:\ /__/::::::::\
 \  \:\/:/~/:/    \  \:\/\ /__/::::\   \  \:\ /  /:/ \  \:\/:/__\/ \  \:\~~\~~\/
  \  \::/ /:/      \__\::/    ~\~~\:\   \  \:\  /:/   \  \::/       \  \:\  ~~~
   \__\/ /:/       /__/:/       \  \:\   \  \:\/:/     \  \:\        \  \:\
     /__/:/        \__\/         \__\/    \  \::/       \  \:\        \  \:\
     \__\/                                 \__\/         \__\/         \__\/
I 2026/01/20 04:07:15 runtime.go:108: kernel is booting:
    * ver [3.4.2]
    * arch [arm64]
    * os [alpine]
    * pid [1]
    * runtime mode [prod]
    * working directory [/opt/siyuan]
    * read only [false]
    * container [docker]
    * database [ver=20220501]
    * workspace directory [/opt/siyuan/workspace]
I 2026/01/20 04:07:15 main.go:41: [BOOT] Boot() completed
I 2026/01/20 04:07:15 conf.go:129: loaded conf [/opt/siyuan/workspace/conf/conf.json]
I 2026/01/20 04:07:15 auth.go:137: Initialized 0 user accounts for login
I 2026/01/20 04:07:15 conf.go:627: Ollama API enabled (default)
    baseURL=http://ollama:11434
    timeout=60s
    proxy=
    model=nemotron-3-nano:30b-cloud
    maxTokens=4096
    temperature=1.0
    maxContexts=10
I 2026/01/20 04:07:15 runtime.go:160: use network proxy [system]
I 2026/01/20 04:07:15 main.go:45: [BOOT] InitConf() completed
I 2026/01/20 04:07:15 main.go:49: [BOOT] Server started in goroutine
I 2026/01/20 04:07:15 main.go:52: [BOOT] Starting InitAppearance()...
W 2026/01/20 04:07:15 ollama_setup.go:31: Ollama server not available at http://localhost:11434
I 2026/01/20 04:07:15 ollama_setup.go:32: To use Ollama AI, please install Ollama from https://ollama.ai and start the server
W 2026/01/20 04:07:15 ollama_setup.go:81: Ollama server not available: Get "http://localhost:11434/api/tags": dial tcp [::1]:11434: connect: connection refused (this is OK if Ollama is not running)
I 2026/01/20 04:07:15 serve.go:225: kernel [pid=1] http server [0.0.0.0:6806] is booting
I 2026/01/20 04:07:15 runtime.go:78: [BOOT] HookUILoaded started, waiting for UI connection...
I 2026/01/20 04:07:15 main.go:54: [BOOT] InitAppearance() completed
I 2026/01/20 04:07:15 main.go:56: [BOOT] Starting InitDatabase()...
I 2026/01/20 04:07:15 working.go:558: database [/opt/siyuan/workspace/temp/siyuan.db] size [8.75 MB]
I 2026/01/20 04:07:15 working.go:558: database [/opt/siyuan/workspace/temp/blocktree.db] size [675.84 kB]
I 2026/01/20 04:07:15 main.go:58: [BOOT] InitDatabase() completed
I 2026/01/20 04:07:15 main.go:60: [BOOT] Starting InitHistoryDatabase()...
I 2026/01/20 04:07:15 working.go:558: database [/opt/siyuan/workspace/temp/history.db] size [24.58 kB]
I 2026/01/20 04:07:15 main.go:62: [BOOT] InitHistoryDatabase() completed
I 2026/01/20 04:07:15 main.go:64: [BOOT] Starting InitAssetContentDatabase()...
I 2026/01/20 04:07:15 working.go:558: database [/opt/siyuan/workspace/temp/asset_content.db] size [24.58 kB]
I 2026/01/20 04:07:15 main.go:66: [BOOT] InitAssetContentDatabase() completed
I 2026/01/20 04:07:15 main.go:70: [BOOT] SQL settings configured
I 2026/01/20 04:07:15 main.go:72: [BOOT] Starting BootSyncData()...
I 2026/01/20 04:07:15 sync.go:126: [BOOT] BootSyncData() started
I 2026/01/20 04:07:15 sync.go:133: [BOOT] Sync.Perception is false, skipping WebSocket
I 2026/01/20 04:07:15 sync.go:136: [BOOT] Checking sync...
I 2026/01/20 04:07:15 sync.go:138: [BOOT] checkSync returned false, skipping sync
I 2026/01/20 04:07:15 main.go:74: [BOOT] BootSyncData() completed
I 2026/01/20 04:07:15 main.go:76: [BOOT] Starting InitBoxes()...
I 2026/01/20 04:07:15 conf.go:1055: [BOOT] InitBoxes() started
I 2026/01/20 04:07:15 conf.go:1058: [BOOT] Block count: 10, initialized: true
I 2026/01/20 04:07:15 conf.go:1061: [BOOT] Listing notebooks...
I 2026/01/20 04:07:15 conf.go:1089: [BOOT] Processing 2 opened boxes...
I 2026/01/20 04:07:15 conf.go:1091: [BOOT] Processing box [20251230113409-4y9ye0l]...
I 2026/01/20 04:07:15 conf.go:1091: [BOOT] Processing box [20260112212953-rsc8g7d]...
I 2026/01/20 04:07:15 conf.go:1101: tree/block count [3/10], notebooks [2]
I 2026/01/20 04:07:15 conf.go:1102: [BOOT] InitBoxes() completed
I 2026/01/20 04:07:15 main.go:78: [BOOT] InitBoxes() completed
I 2026/01/20 04:07:15 main.go:80: [BOOT] Starting LoadFlashcards()...
I 2026/01/20 04:07:15 main.go:82: [BOOT] LoadFlashcards() completed
I 2026/01/20 04:07:15 main.go:84: [BOOT] Starting LoadAssetsTexts()...
I 2026/01/20 04:07:15 main.go:86: [BOOT] LoadAssetsTexts() completed
I 2026/01/20 04:07:15 main.go:88: [BOOT] Setting booted flag...
I 2026/01/20 04:07:15 working.go:226: kernel booted
I 2026/01/20 04:07:15 main.go:90: [BOOT] Booted flag set
I 2026/01/20 04:07:15 main.go:92: [BOOT] All initialization completed successfully!
I 2026/01/20 04:07:15 font.go:57: loaded system fonts [0] in [0ms]
I 2026/01/20 04:07:15 box.go:77: auto stat [trees=3, blocks=10, dataSize=81.9 kB, assetsSize=0 B]
I 2026/01/20 04:07:16 auth.go:137: Initialized 0 user accounts for login
I 2026/01/20 04:07:17 serve.go:596: [WS] WebSocket connection attempt from [172.18.0.1:63774], URI: [/ws?app=mwxko&id=cffa0726-a46c-4850-ac74-37bad4071178&type=main]
I 2026/01/20 04:07:17 serve.go:675: [WS] WebSocket connected: app=[mwxko], id=[cffa0726-a46c-4850-ac74-37bad4071178], type=[main]
I 2026/01/20 04:07:17 serve.go:596: [WS] WebSocket connection attempt from [172.18.0.1:63780], URI: [/ws?app=mwxko&id=e9153555-95c6-4f3e-a4c4-a8312d907239]
I 2026/01/20 04:07:17 serve.go:675: [WS] WebSocket connected: app=[mwxko], id=[e9153555-95c6-4f3e-a4c4-a8312d907239], type=[]
I 2026/01/20 04:07:17 serve.go:596: [WS] WebSocket connection attempt from [172.18.0.1:63778], URI: [/ws?app=mwxko&id=dcab7cc4-5b25-443a-96c7-94e42ef36464&type=filetree]
I 2026/01/20 04:07:17 serve.go:675: [WS] WebSocket connected: app=[mwxko], id=[dcab7cc4-5b25-443a-96c7-94e42ef36464], type=[filetree]
I 2026/01/20 04:07:17 serve.go:596: [WS] WebSocket connection attempt from [172.18.0.1:63786], URI: [/ws?app=mwxko&id=3e2b17fb-9fdf-4c6e-ae25-231f1062ab6c]
I 2026/01/20 04:07:17 serve.go:675: [WS] WebSocket connected: app=[mwxko], id=[3e2b17fb-9fdf-4c6e-ae25-231f1062ab6c], type=[]
I 2026/01/20 04:07:17 runtime.go:89: [BOOT] UI connected with 1 main session(s)
E 2026/01/20 04:08:18 rhy.go:50: get version info failed: Get "https://siyuan-sync.b3logfile.com/apis/siyuan/version?ver=3.4.2": net/http: request canceled while waiting for connection (Client.Timeout exceeded while awaiting headers)
I 2026/01/20 04:08:18 cron.go:61: cron job [[RefreshRhyResultJob]] executed
E 2026/01/20 04:09:21 rhy.go:50: get version info failed: Get "https://siyuan-sync.b3logfile.com/apis/siyuan/version?ver=3.4.2": context deadline exceeded (Client.Timeout exceeded while awaiting headers)
E 2026/01/20 04:09:21 updater.go:239: get announcement failed: Get "https://siyuan-sync.b3logfile.com/apis/siyuan/version?ver=3.4.2": context deadline exceeded (Client.Timeout exceeded while awaiting headers)
E 2026/01/20 04:09:21 cloud_service.go:326: write announcement conf failed: open /home/siyuan/.config/siyuan/announcement.json: no such file or directory
I 2026/01/20 04:09:32 process.go:36: received os signal [terminated], exit kernel process now
I 2026/01/20 04:09:32 conf.go:807: exiting kernel [force=false, setCurrentWorkspace=true, execInstallPkg=1]
I 2026/01/20 04:09:32 database.go:1365: closed database
I 2026/01/20 04:09:32 conf.go:1277: cleared workspace temp
I 2026/01/20 04:09:32 sync.go:833: sync websocket closed
I 2026/01/20 04:09:33 conf.go:877: exited kernel
I 2026/01/20 04:09:35 working.go:180: 
      ___                                   ___           ___           ___
     /  /\        ___           ___        /__/\         /  /\         /__/\
    /  /:/_      /  /\         /__/|       \  \:\       /  /::\        \  \:\
   /  /:/ /\    /  /:/        |  |:|        \  \:\     /  /:/\:\        \  \:\
  /  /:/ /::\  /__/::\        |  |:|    ___  \  \:\   /  /:/~/::\   _____\__\:\
 /__/:/ /:/\:\ \__\/\:\__   __|__|:|   /__/\  \__\:\ /__/:/ /:/\:\ /__/::::::::\
 \  \:\/:/~/:/    \  \:\/\ /__/::::\   \  \:\ /  /:/ \  \:\/:/__\/ \  \:\~~\~~\/
  \  \::/ /:/      \__\::/    ~\~~\:\   \  \:\  /:/   \  \::/       \  \:\  ~~~
   \__\/ /:/       /__/:/       \  \:\   \  \:\/:/     \  \:\        \  \:\
     /__/:/        \__\/         \__\/    \  \::/       \  \:\        \  \:\
     \__\/                                 \__\/         \__\/         \__\/
I 2026/01/20 04:09:35 runtime.go:108: kernel is booting:
    * ver [3.4.2]
    * arch [arm64]
    * os [alpine]
    * pid [1]
    * runtime mode [prod]
    * working directory [/opt/siyuan]
    * read only [false]
    * container [docker]
    * database [ver=20220501]
    * workspace directory [/opt/siyuan/workspace]
I 2026/01/20 04:09:35 main.go:41: [BOOT] Boot() completed
I 2026/01/20 04:09:35 conf.go:129: loaded conf [/opt/siyuan/workspace/conf/conf.json]
I 2026/01/20 04:09:35 auth.go:137: Initialized 0 user accounts for login
I 2026/01/20 04:09:35 conf.go:627: Ollama API enabled (default)
    baseURL=http://ollama:11434
    timeout=60s
    proxy=
    model=nemotron-3-nano:30b-cloud
    maxTokens=4096
    temperature=1.0
    maxContexts=10
I 2026/01/20 04:09:35 runtime.go:160: use network proxy [system]
I 2026/01/20 04:09:35 main.go:45: [BOOT] InitConf() completed
I 2026/01/20 04:09:35 main.go:49: [BOOT] Server started in goroutine
I 2026/01/20 04:09:35 main.go:52: [BOOT] Starting InitAppearance()...
W 2026/01/20 04:09:35 ollama_setup.go:31: Ollama server not available at http://localhost:11434
I 2026/01/20 04:09:35 ollama_setup.go:32: To use Ollama AI, please install Ollama from https://ollama.ai and start the server
W 2026/01/20 04:09:35 ollama_setup.go:81: Ollama server not available: Get "http://localhost:11434/api/tags": dial tcp [::1]:11434: connect: connection refused (this is OK if Ollama is not running)
I 2026/01/20 04:09:35 serve.go:225: kernel [pid=1] http server [0.0.0.0:6806] is booting
I 2026/01/20 04:09:35 runtime.go:78: [BOOT] HookUILoaded started, waiting for UI connection...
I 2026/01/20 04:09:35 main.go:54: [BOOT] InitAppearance() completed
I 2026/01/20 04:09:35 main.go:56: [BOOT] Starting InitDatabase()...
I 2026/01/20 04:09:35 working.go:558: database [/opt/siyuan/workspace/temp/siyuan.db] size [8.75 MB]
I 2026/01/20 04:09:35 working.go:558: database [/opt/siyuan/workspace/temp/blocktree.db] size [675.84 kB]
I 2026/01/20 04:09:35 main.go:58: [BOOT] InitDatabase() completed
I 2026/01/20 04:09:35 main.go:60: [BOOT] Starting InitHistoryDatabase()...
I 2026/01/20 04:09:35 working.go:558: database [/opt/siyuan/workspace/temp/history.db] size [24.58 kB]
I 2026/01/20 04:09:35 main.go:62: [BOOT] InitHistoryDatabase() completed
I 2026/01/20 04:09:35 main.go:64: [BOOT] Starting InitAssetContentDatabase()...
I 2026/01/20 04:09:35 working.go:558: database [/opt/siyuan/workspace/temp/asset_content.db] size [24.58 kB]
I 2026/01/20 04:09:35 main.go:66: [BOOT] InitAssetContentDatabase() completed
I 2026/01/20 04:09:35 main.go:70: [BOOT] SQL settings configured
I 2026/01/20 04:09:35 main.go:72: [BOOT] Starting BootSyncData()...
I 2026/01/20 04:09:35 sync.go:126: [BOOT] BootSyncData() started
I 2026/01/20 04:09:35 sync.go:133: [BOOT] Sync.Perception is false, skipping WebSocket
I 2026/01/20 04:09:35 sync.go:136: [BOOT] Checking sync...
I 2026/01/20 04:09:35 sync.go:138: [BOOT] checkSync returned false, skipping sync
I 2026/01/20 04:09:35 main.go:74: [BOOT] BootSyncData() completed
I 2026/01/20 04:09:35 main.go:76: [BOOT] Starting InitBoxes()...
I 2026/01/20 04:09:35 conf.go:1055: [BOOT] InitBoxes() started
I 2026/01/20 04:09:35 conf.go:1058: [BOOT] Block count: 10, initialized: true
I 2026/01/20 04:09:35 conf.go:1061: [BOOT] Listing notebooks...
I 2026/01/20 04:09:35 conf.go:1089: [BOOT] Processing 2 opened boxes...
I 2026/01/20 04:09:35 conf.go:1091: [BOOT] Processing box [20251230113409-4y9ye0l]...
I 2026/01/20 04:09:35 conf.go:1091: [BOOT] Processing box [20260112212953-rsc8g7d]...
I 2026/01/20 04:09:35 conf.go:1101: tree/block count [3/10], notebooks [2]
I 2026/01/20 04:09:35 conf.go:1102: [BOOT] InitBoxes() completed
I 2026/01/20 04:09:35 main.go:78: [BOOT] InitBoxes() completed
I 2026/01/20 04:09:35 main.go:80: [BOOT] Starting LoadFlashcards()...
I 2026/01/20 04:09:35 main.go:82: [BOOT] LoadFlashcards() completed
I 2026/01/20 04:09:35 main.go:84: [BOOT] Starting LoadAssetsTexts()...
I 2026/01/20 04:09:35 main.go:86: [BOOT] LoadAssetsTexts() completed
I 2026/01/20 04:09:35 main.go:88: [BOOT] Setting booted flag...
I 2026/01/20 04:09:35 working.go:226: kernel booted
I 2026/01/20 04:09:35 main.go:90: [BOOT] Booted flag set
I 2026/01/20 04:09:35 main.go:92: [BOOT] All initialization completed successfully!
I 2026/01/20 04:09:35 font.go:57: loaded system fonts [0] in [0ms]
I 2026/01/20 04:09:35 box.go:77: auto stat [trees=3, blocks=10, dataSize=81.9 kB, assetsSize=0 B]
I 2026/01/20 04:09:36 auth.go:137: Initialized 0 user accounts for login
I 2026/01/20 04:09:36 serve.go:596: [WS] WebSocket connection attempt from [172.18.0.1:63850], URI: [/ws?app=mwxko&id=cffa0726-a46c-4850-ac74-37bad4071178&type=main]
I 2026/01/20 04:09:36 serve.go:596: [WS] WebSocket connection attempt from [172.18.0.1:63862], URI: [/ws?app=mwxko&id=e9153555-95c6-4f3e-a4c4-a8312d907239]
I 2026/01/20 04:09:36 serve.go:675: [WS] WebSocket connected: app=[mwxko], id=[e9153555-95c6-4f3e-a4c4-a8312d907239], type=[]
I 2026/01/20 04:09:36 serve.go:596: [WS] WebSocket connection attempt from [172.18.0.1:63856], URI: [/ws?app=mwxko&id=dcab7cc4-5b25-443a-96c7-94e42ef36464&type=filetree]
I 2026/01/20 04:09:36 serve.go:675: [WS] WebSocket connected: app=[mwxko], id=[dcab7cc4-5b25-443a-96c7-94e42ef36464], type=[filetree]
I 2026/01/20 04:09:36 serve.go:596: [WS] WebSocket connection attempt from [172.18.0.1:63872], URI: [/ws?app=mwxko&id=3e2b17fb-9fdf-4c6e-ae25-231f1062ab6c]
I 2026/01/20 04:09:36 serve.go:675: [WS] WebSocket connected: app=[mwxko], id=[3e2b17fb-9fdf-4c6e-ae25-231f1062ab6c], type=[]
I 2026/01/20 04:09:36 serve.go:675: [WS] WebSocket connected: app=[mwxko], id=[cffa0726-a46c-4850-ac74-37bad4071178], type=[main]
I 2026/01/20 04:09:36 runtime.go:89: [BOOT] UI connected with 1 main session(s)
I 2026/01/20 04:10:37 serve.go:596: [WS] WebSocket connection attempt from [172.18.0.1:56626], URI: [/ws?app=2qdh&id=c66fc1ef-16ce-4139-b2d4-ebb45539adc2&type=main]
I 2026/01/20 04:10:37 serve.go:675: [WS] WebSocket connected: app=[2qdh], id=[c66fc1ef-16ce-4139-b2d4-ebb45539adc2], type=[main]
I 2026/01/20 04:10:37 serve.go:596: [WS] WebSocket connection attempt from [172.18.0.1:56646], URI: [/ws?app=2qdh&id=78c5f2d5-e717-495a-8f02-3fefeffbe9e1&type=filetree]
I 2026/01/20 04:10:37 serve.go:675: [WS] WebSocket connected: app=[2qdh], id=[78c5f2d5-e717-495a-8f02-3fefeffbe9e1], type=[filetree]
I 2026/01/20 04:10:37 serve.go:596: [WS] WebSocket connection attempt from [172.18.0.1:56662], URI: [/ws?app=2qdh&id=e9b9f61a-537f-40b9-942a-e31f20446703]
I 2026/01/20 04:10:37 serve.go:675: [WS] WebSocket connected: app=[2qdh], id=[e9b9f61a-537f-40b9-942a-e31f20446703], type=[]
E 2026/01/20 04:10:38 rhy.go:50: get version info failed: Get "https://siyuan-sync.b3logfile.com/apis/siyuan/version?ver=3.4.2": net/http: request canceled while waiting for connection (Client.Timeout exceeded while awaiting headers)
I 2026/01/20 04:10:38 cron.go:61: cron job [[RefreshRhyResultJob]] executed
I 2026/01/20 04:10:49 session.go:136: Login attempt: username=[pa], account found=[false]
W 2026/01/20 04:10:49 session.go:142: invalid username [pa] [ip=172.18.0.1:56630] - account not found
I 2026/01/20 04:11:00 session.go:275: auth success [ip=172.18.0.1:56618, maxAge=0]
I 2026/01/20 04:11:01 serve.go:331: serving [/] for user-agent [Mozilla/5.0 (Macintosh; Intel Mac OS X 10_15_7) AppleWebKit/605.1.15 (KHTML, like Gecko) Version/26.2 Safari/605.1.15]
I 2026/01/20 04:11:01 serve.go:596: [WS] WebSocket connection attempt from [172.18.0.1:57136], URI: [/ws?app=vu1fd&id=c4d5c18e-5adc-4ca5-acec-151bc14292a3&type=main]
I 2026/01/20 04:11:01 serve.go:675: [WS] WebSocket connected: app=[vu1fd], id=[c4d5c18e-5adc-4ca5-acec-151bc14292a3], type=[main]
I 2026/01/20 04:11:01 serve.go:596: [WS] WebSocket connection attempt from [172.18.0.1:57152], URI: [/ws?app=vu1fd&id=c5eea8f6-c9b5-4259-a00a-e368a8627c76&type=filetree]
I 2026/01/20 04:11:01 serve.go:675: [WS] WebSocket connected: app=[vu1fd], id=[c5eea8f6-c9b5-4259-a00a-e368a8627c76], type=[filetree]
I 2026/01/20 04:11:01 serve.go:596: [WS] WebSocket connection attempt from [172.18.0.1:57162], URI: [/ws?app=vu1fd&id=3cdcba9c-17f1-49d3-a80f-93b48a73cbf7]
I 2026/01/20 04:11:01 serve.go:675: [WS] WebSocket connected: app=[vu1fd], id=[3cdcba9c-17f1-49d3-a80f-93b48a73cbf7], type=[]
I 2026/01/20 04:11:04 serve.go:596: [WS] WebSocket connection attempt from [172.18.0.1:57176], URI: [/ws?app=vu1fd&id=6a8116dd-005d-4e2a-bce9-880d94199df9&type=protyle]
I 2026/01/20 04:11:04 serve.go:675: [WS] WebSocket connected: app=[vu1fd], id=[6a8116dd-005d-4e2a-bce9-880d94199df9], type=[protyle]
W 2026/01/20 04:11:33 ollama.go:306: Ollama API auth error [401]: unauthorized - это нормально для облачных моделей, модель загрузится автоматически
E 2026/01/20 04:11:41 rhy.go:50: get version info failed: Get "https://siyuan-sync.b3logfile.com/apis/siyuan/version?ver=3.4.2": net/http: request canceled while waiting for connection (Client.Timeout exceeded while awaiting headers)
E 2026/01/20 04:11:41 updater.go:239: get announcement failed: Get "https://siyuan-sync.b3logfile.com/apis/siyuan/version?ver=3.4.2": net/http: request canceled while waiting for connection (Client.Timeout exceeded while awaiting headers)
E 2026/01/20 04:11:41 cloud_service.go:326: write announcement conf failed: open /home/siyuan/.config/siyuan/announcement.json: no such file or directory
W 2026/01/20 04:12:07 ollama.go:306: Ollama API auth error [401]: unauthorized - это нормально для облачных моделей, модель загрузится автоматически
I 2026/01/20 04:12:35 serve.go:596: [WS] WebSocket connection attempt from [172.18.0.1:64604], URI: [/ws?app=vu1fd&id=9df8c710-7531-46d6-baba-fc0e078789ae&type=protyle]
I 2026/01/20 04:12:35 serve.go:675: [WS] WebSocket connected: app=[vu1fd], id=[9df8c710-7531-46d6-baba-fc0e078789ae], type=[protyle]
W 2026/01/20 04:12:40 ollama.go:306: Ollama API auth error [401]: unauthorized - это нормально для облачных моделей, модель загрузится автоматически
E 2026/01/20 04:12:44 rhy.go:50: get version info failed: Get "https://siyuan-sync.b3logfile.com/apis/siyuan/version?ver=3.4.2": context deadline exceeded (Client.Timeout exceeded while awaiting headers)
I 2026/01/20 04:13:54 process.go:36: received os signal [terminated], exit kernel process now
I 2026/01/20 04:13:54 conf.go:807: exiting kernel [force=false, setCurrentWorkspace=true, execInstallPkg=1]
I 2026/01/20 04:13:54 database.go:1365: closed database
I 2026/01/20 04:13:54 conf.go:1277: cleared workspace temp
I 2026/01/20 04:13:54 sync.go:833: sync websocket closed
I 2026/01/20 04:13:55 conf.go:877: exited kernel
I 2026/01/20 04:13:55 working.go:180: 
      ___                                   ___           ___           ___
     /  /\        ___           ___        /__/\         /  /\         /__/\
    /  /:/_      /  /\         /__/|       \  \:\       /  /::\        \  \:\
   /  /:/ /\    /  /:/        |  |:|        \  \:\     /  /:/\:\        \  \:\
  /  /:/ /::\  /__/::\        |  |:|    ___  \  \:\   /  /:/~/::\   _____\__\:\
 /__/:/ /:/\:\ \__\/\:\__   __|__|:|   /__/\  \__\:\ /__/:/ /:/\:\ /__/::::::::\
 \  \:\/:/~/:/    \  \:\/\ /__/::::\   \  \:\ /  /:/ \  \:\/:/__\/ \  \:\~~\~~\/
  \  \::/ /:/      \__\::/    ~\~~\:\   \  \:\  /:/   \  \::/       \  \:\  ~~~
   \__\/ /:/       /__/:/       \  \:\   \  \:\/:/     \  \:\        \  \:\
     /__/:/        \__\/         \__\/    \  \::/       \  \:\        \  \:\
     \__\/                                 \__\/         \__\/         \__\/
I 2026/01/20 04:13:55 runtime.go:108: kernel is booting:
    * ver [3.4.2]
    * arch [arm64]
    * os [alpine]
    * pid [1]
    * runtime mode [prod]
    * working directory [/opt/siyuan]
    * read only [false]
    * container [docker]
    * database [ver=20220501]
    * workspace directory [/opt/siyuan/workspace]
I 2026/01/20 04:13:55 main.go:41: [BOOT] Boot() completed
I 2026/01/20 04:13:55 conf.go:129: loaded conf [/opt/siyuan/workspace/conf/conf.json]
I 2026/01/20 04:13:55 auth.go:137: Initialized 0 user accounts for login
I 2026/01/20 04:13:55 conf.go:627: Ollama API enabled (default)
    baseURL=http://ollama:11434
    timeout=60s
    proxy=
    model=nemotron-3-nano:30b-cloud
    maxTokens=4096
    temperature=1.0
    maxContexts=10
I 2026/01/20 04:13:55 runtime.go:160: use network proxy [system]
I 2026/01/20 04:13:55 main.go:45: [BOOT] InitConf() completed
I 2026/01/20 04:13:55 main.go:49: [BOOT] Server started in goroutine
I 2026/01/20 04:13:55 main.go:52: [BOOT] Starting InitAppearance()...
W 2026/01/20 04:13:55 ollama_setup.go:31: Ollama server not available at http://localhost:11434
I 2026/01/20 04:13:55 ollama_setup.go:32: To use Ollama AI, please install Ollama from https://ollama.ai and start the server
W 2026/01/20 04:13:55 ollama_setup.go:81: Ollama server not available: Get "http://localhost:11434/api/tags": dial tcp [::1]:11434: connect: connection refused (this is OK if Ollama is not running)
I 2026/01/20 04:13:55 serve.go:225: kernel [pid=1] http server [0.0.0.0:6806] is booting
I 2026/01/20 04:13:55 runtime.go:78: [BOOT] HookUILoaded started, waiting for UI connection...
I 2026/01/20 04:13:55 main.go:54: [BOOT] InitAppearance() completed
I 2026/01/20 04:13:55 main.go:56: [BOOT] Starting InitDatabase()...
I 2026/01/20 04:13:55 working.go:558: database [/opt/siyuan/workspace/temp/siyuan.db] size [8.75 MB]
I 2026/01/20 04:13:55 working.go:558: database [/opt/siyuan/workspace/temp/blocktree.db] size [675.84 kB]
I 2026/01/20 04:13:55 main.go:58: [BOOT] InitDatabase() completed
I 2026/01/20 04:13:55 main.go:60: [BOOT] Starting InitHistoryDatabase()...
I 2026/01/20 04:13:55 working.go:558: database [/opt/siyuan/workspace/temp/history.db] size [24.58 kB]
I 2026/01/20 04:13:55 main.go:62: [BOOT] InitHistoryDatabase() completed
I 2026/01/20 04:13:55 main.go:64: [BOOT] Starting InitAssetContentDatabase()...
I 2026/01/20 04:13:55 working.go:558: database [/opt/siyuan/workspace/temp/asset_content.db] size [24.58 kB]
I 2026/01/20 04:13:55 main.go:66: [BOOT] InitAssetContentDatabase() completed
I 2026/01/20 04:13:55 main.go:70: [BOOT] SQL settings configured
I 2026/01/20 04:13:55 main.go:72: [BOOT] Starting BootSyncData()...
I 2026/01/20 04:13:55 sync.go:126: [BOOT] BootSyncData() started
I 2026/01/20 04:13:55 sync.go:133: [BOOT] Sync.Perception is false, skipping WebSocket
I 2026/01/20 04:13:55 sync.go:136: [BOOT] Checking sync...
I 2026/01/20 04:13:55 sync.go:138: [BOOT] checkSync returned false, skipping sync
I 2026/01/20 04:13:55 main.go:74: [BOOT] BootSyncData() completed
I 2026/01/20 04:13:55 main.go:76: [BOOT] Starting InitBoxes()...
I 2026/01/20 04:13:55 conf.go:1055: [BOOT] InitBoxes() started
I 2026/01/20 04:13:55 conf.go:1058: [BOOT] Block count: 10, initialized: true
I 2026/01/20 04:13:55 conf.go:1061: [BOOT] Listing notebooks...
I 2026/01/20 04:13:55 conf.go:1089: [BOOT] Processing 2 opened boxes...
I 2026/01/20 04:13:55 conf.go:1091: [BOOT] Processing box [20251230113409-4y9ye0l]...
I 2026/01/20 04:13:55 conf.go:1091: [BOOT] Processing box [20260112212953-rsc8g7d]...
I 2026/01/20 04:13:55 conf.go:1101: tree/block count [3/10], notebooks [2]
I 2026/01/20 04:13:55 conf.go:1102: [BOOT] InitBoxes() completed
I 2026/01/20 04:13:55 main.go:78: [BOOT] InitBoxes() completed
I 2026/01/20 04:13:55 main.go:80: [BOOT] Starting LoadFlashcards()...
I 2026/01/20 04:13:55 main.go:82: [BOOT] LoadFlashcards() completed
I 2026/01/20 04:13:55 main.go:84: [BOOT] Starting LoadAssetsTexts()...
I 2026/01/20 04:13:55 main.go:86: [BOOT] LoadAssetsTexts() completed
I 2026/01/20 04:13:55 main.go:88: [BOOT] Setting booted flag...
I 2026/01/20 04:13:55 working.go:226: kernel booted
I 2026/01/20 04:13:55 main.go:90: [BOOT] Booted flag set
I 2026/01/20 04:13:55 main.go:92: [BOOT] All initialization completed successfully!
I 2026/01/20 04:13:55 font.go:57: loaded system fonts [0] in [0ms]
I 2026/01/20 04:13:55 box.go:77: auto stat [trees=3, blocks=10, dataSize=2.06 MB, assetsSize=1.98 MB]
I 2026/01/20 04:13:56 auth.go:137: Initialized 0 user accounts for login
W 2026/01/20 04:14:00 runtime.go:83: [BOOT] HookUILoaded timeout after 5 seconds, continuing anyway
I 2026/01/20 04:14:01 serve.go:596: [WS] WebSocket connection attempt from [172.18.0.1:56632], URI: [/ws?app=vu1fd&id=c5eea8f6-c9b5-4259-a00a-e368a8627c76&type=filetree]
I 2026/01/20 04:14:01 serve.go:596: [WS] WebSocket connection attempt from [172.18.0.1:56634], URI: [/ws?app=vu1fd&id=6a8116dd-005d-4e2a-bce9-880d94199df9&type=protyle]
I 2026/01/20 04:14:01 serve.go:675: [WS] WebSocket connected: app=[vu1fd], id=[6a8116dd-005d-4e2a-bce9-880d94199df9], type=[protyle]
I 2026/01/20 04:14:01 serve.go:675: [WS] WebSocket connected: app=[vu1fd], id=[c5eea8f6-c9b5-4259-a00a-e368a8627c76], type=[filetree]
I 2026/01/20 04:14:01 serve.go:596: [WS] WebSocket connection attempt from [172.18.0.1:56638], URI: [/ws?app=vu1fd&id=c4d5c18e-5adc-4ca5-acec-151bc14292a3&type=main]
I 2026/01/20 04:14:01 serve.go:675: [WS] WebSocket connected: app=[vu1fd], id=[c4d5c18e-5adc-4ca5-acec-151bc14292a3], type=[main]
I 2026/01/20 04:14:01 serve.go:596: [WS] WebSocket connection attempt from [172.18.0.1:56666], URI: [/ws?app=vu1fd&id=3cdcba9c-17f1-49d3-a80f-93b48a73cbf7]
I 2026/01/20 04:14:01 serve.go:675: [WS] WebSocket connected: app=[vu1fd], id=[3cdcba9c-17f1-49d3-a80f-93b48a73cbf7], type=[]
I 2026/01/20 04:14:01 serve.go:596: [WS] WebSocket connection attempt from [172.18.0.1:56652], URI: [/ws?app=vu1fd&id=9df8c710-7531-46d6-baba-fc0e078789ae&type=protyle]
I 2026/01/20 04:14:01 serve.go:675: [WS] WebSocket connected: app=[vu1fd], id=[9df8c710-7531-46d6-baba-fc0e078789ae], type=[protyle]
I 2026/01/20 04:14:57 process.go:36: received os signal [terminated], exit kernel process now
I 2026/01/20 04:14:57 conf.go:807: exiting kernel [force=false, setCurrentWorkspace=true, execInstallPkg=1]
I 2026/01/20 04:14:57 database.go:1365: closed database
I 2026/01/20 04:14:57 conf.go:1277: cleared workspace temp
I 2026/01/20 04:14:58 sync.go:833: sync websocket closed
I 2026/01/20 04:14:58 conf.go:877: exited kernel
I 2026/01/20 04:15:00 working.go:180: 
      ___                                   ___           ___           ___
     /  /\        ___           ___        /__/\         /  /\         /__/\
    /  /:/_      /  /\         /__/|       \  \:\       /  /::\        \  \:\
   /  /:/ /\    /  /:/        |  |:|        \  \:\     /  /:/\:\        \  \:\
  /  /:/ /::\  /__/::\        |  |:|    ___  \  \:\   /  /:/~/::\   _____\__\:\
 /__/:/ /:/\:\ \__\/\:\__   __|__|:|   /__/\  \__\:\ /__/:/ /:/\:\ /__/::::::::\
 \  \:\/:/~/:/    \  \:\/\ /__/::::\   \  \:\ /  /:/ \  \:\/:/__\/ \  \:\~~\~~\/
  \  \::/ /:/      \__\::/    ~\~~\:\   \  \:\  /:/   \  \::/       \  \:\  ~~~
   \__\/ /:/       /__/:/       \  \:\   \  \:\/:/     \  \:\        \  \:\
     /__/:/        \__\/         \__\/    \  \::/       \  \:\        \  \:\
     \__\/                                 \__\/         \__\/         \__\/
I 2026/01/20 04:15:00 runtime.go:108: kernel is booting:
    * ver [3.4.2]
    * arch [arm64]
    * os [alpine]
    * pid [1]
    * runtime mode [prod]
    * working directory [/opt/siyuan]
    * read only [false]
    * container [docker]
    * database [ver=20220501]
    * workspace directory [/opt/siyuan/workspace]
I 2026/01/20 04:15:00 main.go:41: [BOOT] Boot() completed
I 2026/01/20 04:15:00 conf.go:129: loaded conf [/opt/siyuan/workspace/conf/conf.json]
I 2026/01/20 04:15:00 auth.go:137: Initialized 0 user accounts for login
I 2026/01/20 04:15:00 conf.go:627: Ollama API enabled (default)
    baseURL=http://ollama:11434
    timeout=60s
    proxy=
    model=nemotron-3-nano:30b-cloud
    maxTokens=4096
    temperature=1.0
    maxContexts=10
W 2026/01/20 04:15:00 ollama_setup.go:31: Ollama server not available at http://localhost:11434
I 2026/01/20 04:15:00 ollama_setup.go:32: To use Ollama AI, please install Ollama from https://ollama.ai and start the server
I 2026/01/20 04:15:00 runtime.go:160: use network proxy [system]
I 2026/01/20 04:15:00 main.go:45: [BOOT] InitConf() completed
I 2026/01/20 04:15:00 main.go:49: [BOOT] Server started in goroutine
I 2026/01/20 04:15:00 main.go:52: [BOOT] Starting InitAppearance()...
W 2026/01/20 04:15:00 ollama_setup.go:81: Ollama server not available: Get "http://localhost:11434/api/tags": dial tcp [::1]:11434: connect: connection refused (this is OK if Ollama is not running)
I 2026/01/20 04:15:00 serve.go:225: kernel [pid=1] http server [0.0.0.0:6806] is booting
I 2026/01/20 04:15:00 runtime.go:78: [BOOT] HookUILoaded started, waiting for UI connection...
I 2026/01/20 04:15:00 main.go:54: [BOOT] InitAppearance() completed
I 2026/01/20 04:15:00 main.go:56: [BOOT] Starting InitDatabase()...
I 2026/01/20 04:15:00 working.go:558: database [/opt/siyuan/workspace/temp/siyuan.db] size [8.75 MB]
I 2026/01/20 04:15:00 working.go:558: database [/opt/siyuan/workspace/temp/blocktree.db] size [675.84 kB]
I 2026/01/20 04:15:00 main.go:58: [BOOT] InitDatabase() completed
I 2026/01/20 04:15:00 main.go:60: [BOOT] Starting InitHistoryDatabase()...
I 2026/01/20 04:15:00 working.go:558: database [/opt/siyuan/workspace/temp/history.db] size [24.58 kB]
I 2026/01/20 04:15:00 main.go:62: [BOOT] InitHistoryDatabase() completed
I 2026/01/20 04:15:00 main.go:64: [BOOT] Starting InitAssetContentDatabase()...
I 2026/01/20 04:15:00 working.go:558: database [/opt/siyuan/workspace/temp/asset_content.db] size [24.58 kB]
I 2026/01/20 04:15:00 main.go:66: [BOOT] InitAssetContentDatabase() completed
I 2026/01/20 04:15:00 main.go:70: [BOOT] SQL settings configured
I 2026/01/20 04:15:00 main.go:72: [BOOT] Starting BootSyncData()...
I 2026/01/20 04:15:00 sync.go:126: [BOOT] BootSyncData() started
I 2026/01/20 04:15:00 sync.go:133: [BOOT] Sync.Perception is false, skipping WebSocket
I 2026/01/20 04:15:00 sync.go:136: [BOOT] Checking sync...
I 2026/01/20 04:15:00 sync.go:138: [BOOT] checkSync returned false, skipping sync
I 2026/01/20 04:15:00 main.go:74: [BOOT] BootSyncData() completed
I 2026/01/20 04:15:00 main.go:76: [BOOT] Starting InitBoxes()...
I 2026/01/20 04:15:00 conf.go:1055: [BOOT] InitBoxes() started
I 2026/01/20 04:15:00 conf.go:1058: [BOOT] Block count: 10, initialized: true
I 2026/01/20 04:15:00 conf.go:1061: [BOOT] Listing notebooks...
I 2026/01/20 04:15:00 conf.go:1089: [BOOT] Processing 2 opened boxes...
I 2026/01/20 04:15:00 conf.go:1091: [BOOT] Processing box [20251230113409-4y9ye0l]...
I 2026/01/20 04:15:00 conf.go:1091: [BOOT] Processing box [20260112212953-rsc8g7d]...
I 2026/01/20 04:15:00 conf.go:1101: tree/block count [3/10], notebooks [2]
I 2026/01/20 04:15:00 conf.go:1102: [BOOT] InitBoxes() completed
I 2026/01/20 04:15:00 main.go:78: [BOOT] InitBoxes() completed
I 2026/01/20 04:15:00 main.go:80: [BOOT] Starting LoadFlashcards()...
I 2026/01/20 04:15:00 main.go:82: [BOOT] LoadFlashcards() completed
I 2026/01/20 04:15:00 main.go:84: [BOOT] Starting LoadAssetsTexts()...
I 2026/01/20 04:15:00 main.go:86: [BOOT] LoadAssetsTexts() completed
I 2026/01/20 04:15:00 main.go:88: [BOOT] Setting booted flag...
I 2026/01/20 04:15:00 working.go:226: kernel booted
I 2026/01/20 04:15:00 main.go:90: [BOOT] Booted flag set
I 2026/01/20 04:15:00 main.go:92: [BOOT] All initialization completed successfully!
I 2026/01/20 04:15:00 font.go:57: loaded system fonts [0] in [0ms]
I 2026/01/20 04:15:00 box.go:77: auto stat [trees=3, blocks=10, dataSize=2.06 MB, assetsSize=1.98 MB]
I 2026/01/20 04:15:01 auth.go:137: Initialized 0 user accounts for login
W 2026/01/20 04:15:05 runtime.go:83: [BOOT] HookUILoaded timeout after 5 seconds, continuing anyway
I 2026/01/20 04:15:15 serve.go:596: [WS] WebSocket connection attempt from [172.18.0.1:60614], URI: [/ws?app=u4jw&id=a7727ecd-049d-4886-a12d-fdfbd5e6fde7&type=main]
I 2026/01/20 04:15:15 serve.go:675: [WS] WebSocket connected: app=[u4jw], id=[a7727ecd-049d-4886-a12d-fdfbd5e6fde7], type=[main]
I 2026/01/20 04:15:15 serve.go:596: [WS] WebSocket connection attempt from [172.18.0.1:60644], URI: [/ws?app=u4jw&id=27b10d29-069f-4303-9daa-469f16d69625&type=filetree]
I 2026/01/20 04:15:15 serve.go:675: [WS] WebSocket connected: app=[u4jw], id=[27b10d29-069f-4303-9daa-469f16d69625], type=[filetree]
I 2026/01/20 04:15:15 serve.go:596: [WS] WebSocket connection attempt from [172.18.0.1:60658], URI: [/ws?app=u4jw&id=e73ae8fd-c182-43c0-83a8-180ac670f24b]
I 2026/01/20 04:15:15 serve.go:675: [WS] WebSocket connected: app=[u4jw], id=[e73ae8fd-c182-43c0-83a8-180ac670f24b], type=[]
I 2026/01/20 04:15:15 serve.go:596: [WS] WebSocket connection attempt from [172.18.0.1:60666], URI: [/ws?app=u4jw&id=34ce7256-92af-4437-bc8b-d46d9769b166&type=protyle]
I 2026/01/20 04:15:15 serve.go:675: [WS] WebSocket connected: app=[u4jw], id=[34ce7256-92af-4437-bc8b-d46d9769b166], type=[protyle]
W 2026/01/20 04:15:20 ollama.go:306: Ollama API auth error [401]: unauthorized - это нормально для облачных моделей, модель загрузится автоматически
E 2026/01/20 04:15:52 rhy.go:50: get version info failed: Get "https://siyuan-sync.b3logfile.com/apis/siyuan/version?ver=3.4.2": dial tcp 8.136.157.37:443: connect: connection refused
I 2026/01/20 04:15:52 cron.go:61: cron job [[RefreshRhyResultJob]] executed
E 2026/01/20 04:41:04 rhy.go:50: get version info failed: Get "https://siyuan-sync.b3logfile.com/apis/siyuan/version?ver=3.4.2": dial tcp 8.136.157.37:443: connect: connection refused
E 2026/01/20 06:13:56 rhy.go:50: get version info failed: Get "https://siyuan-sync.b3logfile.com/apis/siyuan/version?ver=3.4.2": dial tcp 8.136.157.37:443: connect: connection refused
E 2026/01/20 06:13:56 updater.go:239: get announcement failed: Get "https://siyuan-sync.b3logfile.com/apis/siyuan/version?ver=3.4.2": dial tcp 8.136.157.37:443: connect: connection refused
E 2026/01/20 06:13:56 cloud_service.go:326: write announcement conf failed: open /home/siyuan/.config/siyuan/announcement.json: no such file or directory
W 2026/01/20 11:47:45 ollama.go:306: Ollama API auth error [401]: unauthorized - это нормально для облачных моделей, модель загрузится автоматически
E 2026/01/20 11:51:49 logging.go:219: PANIC RECOVERED: runtime error: invalid memory address or nil pointer dereference
	/usr/local/go/src/runtime/panic.go:783 (0x47fabf)
/usr/local/go/src/runtime/panic.go:262 (0x4824e7)
/usr/local/go/src/runtime/signal_unix.go:925 (0x4824b8)
/kernel/model/cloud_service.go:486 (0x1ec8014)
/kernel/api/inbox.go:80 (0x2011bbf)
/go/pkg/mod/github.com/gin-gonic/gin@v1.11.0/context.go:192 (0x1241297)
/kernel/model/session.go:520 (0x1f6331b)
/go/pkg/mod/github.com/gin-gonic/gin@v1.11.0/context.go:192 (0x1241297)
/kernel/model/session.go:444 (0x1f63287)
/go/pkg/mod/github.com/gin-gonic/gin@v1.11.0/context.go:192 (0x1241297)
/go/pkg/mod/github.com/gin-contrib/sessions@v1.0.4/sessions.go:54 (0x206b143)
/go/pkg/mod/github.com/gin-gonic/gin@v1.11.0/context.go:192 (0x1241297)
/go/pkg/mod/github.com/gin-contrib/gzip@v1.2.5/handler.go:105 (0x1fc693b)
/go/pkg/mod/github.com/gin-gonic/gin@v1.11.0/context.go:192 (0x1241297)
/kernel/server/serve.go:956 (0x206f6bf)
/go/pkg/mod/github.com/gin-gonic/gin@v1.11.0/context.go:192 (0x1241297)
/kernel/server/serve.go:938 (0x206f51b)
/go/pkg/mod/github.com/gin-gonic/gin@v1.11.0/context.go:192 (0x1241297)
/kernel/model/session.go:580 (0x1f63627)
/go/pkg/mod/github.com/gin-gonic/gin@v1.11.0/context.go:192 (0x1241297)
/kernel/model/session.go:557 (0x1f635cf)
/go/pkg/mod/github.com/gin-gonic/gin@v1.11.0/context.go:192 (0x1241297)
/kernel/model/session.go:624 (0x1f63bc7)
/go/pkg/mod/github.com/gin-gonic/gin@v1.11.0/context.go:192 (0x1241297)
/kernel/server/serve.go:886 (0x20717c3)
/go/pkg/mod/github.com/gin-gonic/gin@v1.11.0/context.go:192 (0x1241297)
/go/pkg/mod/github.com/gin-gonic/gin@v1.11.0/gin.go:689 (0x124c8e3)
/go/pkg/mod/github.com/gin-gonic/gin@v1.11.0/gin.go:643 (0x124c423)
/go/pkg/mod/golang.org/x/net@v0.47.0/http2/h2c/h2c.go:125 (0x12353d3)
/usr/local/go/src/net/http/server.go:3340 (0x71fe2f)
/usr/local/go/src/net/http/server.go:2109 (0x701f87)
/usr/local/go/src/runtime/asm_arm64.s:1268 (0x488513)

I 2026/01/20 11:51:52 serve.go:596: [WS] WebSocket connection attempt from [172.18.0.1:64302], URI: [/ws?app=u4jw&id=96ef29d0-c6de-40a4-b633-4d76f35aa7cc]
I 2026/01/20 11:51:52 serve.go:675: [WS] WebSocket connected: app=[u4jw], id=[96ef29d0-c6de-40a4-b633-4d76f35aa7cc], type=[]
I 2026/01/20 11:53:55 serve.go:596: [WS] WebSocket connection attempt from [172.18.0.1:64810], URI: [/ws?app=a8erl&id=1f64d5bd-8f03-4009-a080-2ca8d5c74a98&type=main]
I 2026/01/20 11:53:55 serve.go:675: [WS] WebSocket connected: app=[a8erl], id=[1f64d5bd-8f03-4009-a080-2ca8d5c74a98], type=[main]
I 2026/01/20 11:53:55 serve.go:596: [WS] WebSocket connection attempt from [172.18.0.1:64834], URI: [/ws?app=a8erl&id=1b017560-eb85-43e2-b047-514c616c8ed2&type=filetree]
I 2026/01/20 11:53:55 serve.go:675: [WS] WebSocket connected: app=[a8erl], id=[1b017560-eb85-43e2-b047-514c616c8ed2], type=[filetree]
E 2026/01/20 11:53:55 logging.go:219: PANIC RECOVERED: runtime error: invalid memory address or nil pointer dereference
	/usr/local/go/src/runtime/panic.go:783 (0x47fabf)
/usr/local/go/src/runtime/panic.go:262 (0x4824e7)
/usr/local/go/src/runtime/signal_unix.go:925 (0x4824b8)
/kernel/model/cloud_service.go:486 (0x1ec8014)
/kernel/api/inbox.go:80 (0x2011bbf)
/go/pkg/mod/github.com/gin-gonic/gin@v1.11.0/context.go:192 (0x1241297)
/kernel/model/session.go:520 (0x1f6331b)
/go/pkg/mod/github.com/gin-gonic/gin@v1.11.0/context.go:192 (0x1241297)
/kernel/model/session.go:444 (0x1f63287)
/go/pkg/mod/github.com/gin-gonic/gin@v1.11.0/context.go:192 (0x1241297)
/go/pkg/mod/github.com/gin-contrib/sessions@v1.0.4/sessions.go:54 (0x206b143)
/go/pkg/mod/github.com/gin-gonic/gin@v1.11.0/context.go:192 (0x1241297)
/go/pkg/mod/github.com/gin-contrib/gzip@v1.2.5/handler.go:105 (0x1fc693b)
/go/pkg/mod/github.com/gin-gonic/gin@v1.11.0/context.go:192 (0x1241297)
/kernel/server/serve.go:956 (0x206f6bf)
/go/pkg/mod/github.com/gin-gonic/gin@v1.11.0/context.go:192 (0x1241297)
/kernel/server/serve.go:938 (0x206f51b)
/go/pkg/mod/github.com/gin-gonic/gin@v1.11.0/context.go:192 (0x1241297)
/kernel/model/session.go:580 (0x1f63627)
/go/pkg/mod/github.com/gin-gonic/gin@v1.11.0/context.go:192 (0x1241297)
/kernel/model/session.go:557 (0x1f635cf)
/go/pkg/mod/github.com/gin-gonic/gin@v1.11.0/context.go:192 (0x1241297)
/kernel/model/session.go:624 (0x1f63bc7)
/go/pkg/mod/github.com/gin-gonic/gin@v1.11.0/context.go:192 (0x1241297)
/kernel/server/serve.go:886 (0x20717c3)
/go/pkg/mod/github.com/gin-gonic/gin@v1.11.0/context.go:192 (0x1241297)
/go/pkg/mod/github.com/gin-gonic/gin@v1.11.0/gin.go:689 (0x124c8e3)
/go/pkg/mod/github.com/gin-gonic/gin@v1.11.0/gin.go:643 (0x124c423)
/go/pkg/mod/golang.org/x/net@v0.47.0/http2/h2c/h2c.go:125 (0x12353d3)
/usr/local/go/src/net/http/server.go:3340 (0x71fe2f)
/usr/local/go/src/net/http/server.go:2109 (0x701f87)
/usr/local/go/src/runtime/asm_arm64.s:1268 (0x488513)

I 2026/01/20 11:53:55 serve.go:596: [WS] WebSocket connection attempt from [172.18.0.1:64848], URI: [/ws?app=a8erl&id=5d9f729d-cac5-4ffb-ae9b-b44ffb78f151]
I 2026/01/20 11:53:55 serve.go:675: [WS] WebSocket connected: app=[a8erl], id=[5d9f729d-cac5-4ffb-ae9b-b44ffb78f151], type=[]
I 2026/01/20 11:53:55 serve.go:596: [WS] WebSocket connection attempt from [172.18.0.1:64864], URI: [/ws?app=a8erl&id=a2168d76-624a-4e2b-afa8-0df210924af5&type=protyle]
I 2026/01/20 11:53:55 serve.go:675: [WS] WebSocket connected: app=[a8erl], id=[a2168d76-624a-4e2b-afa8-0df210924af5], type=[protyle]
I 2026/01/20 11:54:17 process.go:36: received os signal [terminated], exit kernel process now
I 2026/01/20 11:54:17 conf.go:807: exiting kernel [force=false, setCurrentWorkspace=true, execInstallPkg=1]
I 2026/01/20 11:54:17 database.go:1365: closed database
I 2026/01/20 11:54:17 conf.go:1277: cleared workspace temp
I 2026/01/20 11:54:18 sync.go:833: sync websocket closed
I 2026/01/20 11:54:18 conf.go:877: exited kernel
I 2026/01/20 11:54:20 working.go:180: 
      ___                                   ___           ___           ___
     /  /\        ___           ___        /__/\         /  /\         /__/\
    /  /:/_      /  /\         /__/|       \  \:\       /  /::\        \  \:\
   /  /:/ /\    /  /:/        |  |:|        \  \:\     /  /:/\:\        \  \:\
  /  /:/ /::\  /__/::\        |  |:|    ___  \  \:\   /  /:/~/::\   _____\__\:\
 /__/:/ /:/\:\ \__\/\:\__   __|__|:|   /__/\  \__\:\ /__/:/ /:/\:\ /__/::::::::\
 \  \:\/:/~/:/    \  \:\/\ /__/::::\   \  \:\ /  /:/ \  \:\/:/__\/ \  \:\~~\~~\/
  \  \::/ /:/      \__\::/    ~\~~\:\   \  \:\  /:/   \  \::/       \  \:\  ~~~
   \__\/ /:/       /__/:/       \  \:\   \  \:\/:/     \  \:\        \  \:\
     /__/:/        \__\/         \__\/    \  \::/       \  \:\        \  \:\
     \__\/                                 \__\/         \__\/         \__\/
I 2026/01/20 11:54:20 runtime.go:108: kernel is booting:
    * ver [3.4.2]
    * arch [arm64]
    * os [alpine]
    * pid [1]
    * runtime mode [prod]
    * working directory [/opt/siyuan]
    * read only [false]
    * container [docker]
    * database [ver=20220501]
    * workspace directory [/opt/siyuan/workspace]
I 2026/01/20 11:54:20 main.go:41: [BOOT] Boot() completed
I 2026/01/20 11:54:20 conf.go:129: loaded conf [/opt/siyuan/workspace/conf/conf.json]
I 2026/01/20 11:54:20 auth.go:137: Initialized 0 user accounts for login
I 2026/01/20 11:54:20 conf.go:627: Ollama API enabled (default)
    baseURL=http://ollama:11434
    timeout=60s
    proxy=
    model=llama3.2:3b
    maxTokens=4096
    temperature=1.0
    maxContexts=10
W 2026/01/20 11:54:20 ollama_setup.go:31: Ollama server not available at http://localhost:11434
I 2026/01/20 11:54:20 ollama_setup.go:32: To use Ollama AI, please install Ollama from https://ollama.ai and start the server
I 2026/01/20 11:54:20 runtime.go:160: use network proxy [system]
I 2026/01/20 11:54:20 main.go:45: [BOOT] InitConf() completed
I 2026/01/20 11:54:20 main.go:49: [BOOT] Server started in goroutine
I 2026/01/20 11:54:20 main.go:52: [BOOT] Starting InitAppearance()...
W 2026/01/20 11:54:20 ollama_setup.go:81: Ollama server not available: Get "http://localhost:11434/api/tags": dial tcp [::1]:11434: connect: connection refused (this is OK if Ollama is not running)
I 2026/01/20 11:54:20 serve.go:225: kernel [pid=1] http server [0.0.0.0:6806] is booting
I 2026/01/20 11:54:20 runtime.go:78: [BOOT] HookUILoaded started, waiting for UI connection...
I 2026/01/20 11:54:20 main.go:54: [BOOT] InitAppearance() completed
I 2026/01/20 11:54:20 main.go:56: [BOOT] Starting InitDatabase()...
I 2026/01/20 11:54:20 working.go:558: database [/opt/siyuan/workspace/temp/siyuan.db] size [8.75 MB]
I 2026/01/20 11:54:20 working.go:558: database [/opt/siyuan/workspace/temp/blocktree.db] size [675.84 kB]
I 2026/01/20 11:54:20 main.go:58: [BOOT] InitDatabase() completed
I 2026/01/20 11:54:20 main.go:60: [BOOT] Starting InitHistoryDatabase()...
I 2026/01/20 11:54:20 working.go:558: database [/opt/siyuan/workspace/temp/history.db] size [61.44 kB]
I 2026/01/20 11:54:20 main.go:62: [BOOT] InitHistoryDatabase() completed
I 2026/01/20 11:54:20 main.go:64: [BOOT] Starting InitAssetContentDatabase()...
I 2026/01/20 11:54:20 working.go:558: database [/opt/siyuan/workspace/temp/asset_content.db] size [24.58 kB]
I 2026/01/20 11:54:20 main.go:66: [BOOT] InitAssetContentDatabase() completed
I 2026/01/20 11:54:20 main.go:70: [BOOT] SQL settings configured
I 2026/01/20 11:54:20 main.go:72: [BOOT] Starting BootSyncData()...
I 2026/01/20 11:54:20 sync.go:126: [BOOT] BootSyncData() started
I 2026/01/20 11:54:20 sync.go:133: [BOOT] Sync.Perception is false, skipping WebSocket
I 2026/01/20 11:54:20 sync.go:136: [BOOT] Checking sync...
I 2026/01/20 11:54:20 sync.go:138: [BOOT] checkSync returned false, skipping sync
I 2026/01/20 11:54:20 main.go:74: [BOOT] BootSyncData() completed
I 2026/01/20 11:54:20 main.go:76: [BOOT] Starting InitBoxes()...
I 2026/01/20 11:54:20 conf.go:1055: [BOOT] InitBoxes() started
I 2026/01/20 11:54:20 conf.go:1058: [BOOT] Block count: 167, initialized: true
I 2026/01/20 11:54:20 conf.go:1061: [BOOT] Listing notebooks...
I 2026/01/20 11:54:20 conf.go:1089: [BOOT] Processing 2 opened boxes...
I 2026/01/20 11:54:20 conf.go:1091: [BOOT] Processing box [20251230113409-4y9ye0l]...
I 2026/01/20 11:54:20 conf.go:1091: [BOOT] Processing box [20260112212953-rsc8g7d]...
I 2026/01/20 11:54:20 conf.go:1101: tree/block count [3/167], notebooks [2]
I 2026/01/20 11:54:20 conf.go:1102: [BOOT] InitBoxes() completed
I 2026/01/20 11:54:20 main.go:78: [BOOT] InitBoxes() completed
I 2026/01/20 11:54:20 main.go:80: [BOOT] Starting LoadFlashcards()...
I 2026/01/20 11:54:20 main.go:82: [BOOT] LoadFlashcards() completed
I 2026/01/20 11:54:20 main.go:84: [BOOT] Starting LoadAssetsTexts()...
I 2026/01/20 11:54:20 main.go:86: [BOOT] LoadAssetsTexts() completed
I 2026/01/20 11:54:20 main.go:88: [BOOT] Setting booted flag...
I 2026/01/20 11:54:20 working.go:226: kernel booted
I 2026/01/20 11:54:20 main.go:90: [BOOT] Booted flag set
I 2026/01/20 11:54:20 main.go:92: [BOOT] All initialization completed successfully!
I 2026/01/20 11:54:20 font.go:57: loaded system fonts [0] in [0ms]
I 2026/01/20 11:54:20 box.go:77: auto stat [trees=3, blocks=167, dataSize=2.1 MB, assetsSize=1.98 MB]
I 2026/01/20 11:54:21 auth.go:137: Initialized 0 user accounts for login
W 2026/01/20 11:54:25 runtime.go:83: [BOOT] HookUILoaded timeout after 5 seconds, continuing anyway
I 2026/01/20 11:55:17 serve.go:596: [WS] WebSocket connection attempt from [172.18.0.1:58042], URI: [/ws?app=4x9zj&id=905b9dc6-4e39-4af7-bf87-d2c37417e1c1&type=main]
I 2026/01/20 11:55:17 serve.go:675: [WS] WebSocket connected: app=[4x9zj], id=[905b9dc6-4e39-4af7-bf87-d2c37417e1c1], type=[main]
I 2026/01/20 11:55:17 serve.go:596: [WS] WebSocket connection attempt from [172.18.0.1:58068], URI: [/ws?app=4x9zj&id=20a9e516-6537-43b1-b843-d334e75ae3fa&type=filetree]
I 2026/01/20 11:55:17 serve.go:675: [WS] WebSocket connected: app=[4x9zj], id=[20a9e516-6537-43b1-b843-d334e75ae3fa], type=[filetree]
E 2026/01/20 11:55:17 logging.go:219: PANIC RECOVERED: runtime error: invalid memory address or nil pointer dereference
	/usr/local/go/src/runtime/panic.go:783 (0x47fabf)
/usr/local/go/src/runtime/panic.go:262 (0x4824e7)
/usr/local/go/src/runtime/signal_unix.go:925 (0x4824b8)
/kernel/model/cloud_service.go:486 (0x1ec8014)
/kernel/api/inbox.go:80 (0x2011bbf)
/go/pkg/mod/github.com/gin-gonic/gin@v1.11.0/context.go:192 (0x1241297)
/kernel/model/session.go:520 (0x1f6331b)
/go/pkg/mod/github.com/gin-gonic/gin@v1.11.0/context.go:192 (0x1241297)
/kernel/model/session.go:444 (0x1f63287)
/go/pkg/mod/github.com/gin-gonic/gin@v1.11.0/context.go:192 (0x1241297)
/go/pkg/mod/github.com/gin-contrib/sessions@v1.0.4/sessions.go:54 (0x206b143)
/go/pkg/mod/github.com/gin-gonic/gin@v1.11.0/context.go:192 (0x1241297)
/go/pkg/mod/github.com/gin-contrib/gzip@v1.2.5/handler.go:105 (0x1fc693b)
/go/pkg/mod/github.com/gin-gonic/gin@v1.11.0/context.go:192 (0x1241297)
/kernel/server/serve.go:956 (0x206f6bf)
/go/pkg/mod/github.com/gin-gonic/gin@v1.11.0/context.go:192 (0x1241297)
/kernel/server/serve.go:938 (0x206f51b)
/go/pkg/mod/github.com/gin-gonic/gin@v1.11.0/context.go:192 (0x1241297)
/kernel/model/session.go:580 (0x1f63627)
/go/pkg/mod/github.com/gin-gonic/gin@v1.11.0/context.go:192 (0x1241297)
/kernel/model/session.go:557 (0x1f635cf)
/go/pkg/mod/github.com/gin-gonic/gin@v1.11.0/context.go:192 (0x1241297)
/kernel/model/session.go:624 (0x1f63bc7)
/go/pkg/mod/github.com/gin-gonic/gin@v1.11.0/context.go:192 (0x1241297)
/kernel/server/serve.go:886 (0x20717c3)
/go/pkg/mod/github.com/gin-gonic/gin@v1.11.0/context.go:192 (0x1241297)
/go/pkg/mod/github.com/gin-gonic/gin@v1.11.0/gin.go:689 (0x124c8e3)
/go/pkg/mod/github.com/gin-gonic/gin@v1.11.0/gin.go:643 (0x124c423)
/go/pkg/mod/golang.org/x/net@v0.47.0/http2/h2c/h2c.go:125 (0x12353d3)
/usr/local/go/src/net/http/server.go:3340 (0x71fe2f)
/usr/local/go/src/net/http/server.go:2109 (0x701f87)
/usr/local/go/src/runtime/asm_arm64.s:1268 (0x488513)

I 2026/01/20 11:55:17 serve.go:596: [WS] WebSocket connection attempt from [172.18.0.1:58088], URI: [/ws?app=4x9zj&id=c837f40f-02c6-4b65-a33a-980ed564ef8a]
I 2026/01/20 11:55:17 serve.go:675: [WS] WebSocket connected: app=[4x9zj], id=[c837f40f-02c6-4b65-a33a-980ed564ef8a], type=[]
I 2026/01/20 11:55:17 serve.go:596: [WS] WebSocket connection attempt from [172.18.0.1:58102], URI: [/ws?app=4x9zj&id=01568d0f-c90a-4228-ba21-a5b737afcf94&type=protyle]
I 2026/01/20 11:55:17 serve.go:675: [WS] WebSocket connected: app=[4x9zj], id=[01568d0f-c90a-4228-ba21-a5b737afcf94], type=[protyle]
E 2026/01/20 11:55:23 rhy.go:50: get version info failed: Get "https://siyuan-sync.b3logfile.com/apis/siyuan/version?ver=3.4.2": net/http: request canceled while waiting for connection (Client.Timeout exceeded while awaiting headers)
I 2026/01/20 11:55:23 cron.go:61: cron job [[RefreshRhyResultJob]] executed
E 2026/01/20 11:56:26 rhy.go:50: get version info failed: Get "https://siyuan-sync.b3logfile.com/apis/siyuan/version?ver=3.4.2": net/http: request canceled while waiting for connection (Client.Timeout exceeded while awaiting headers)
E 2026/01/20 11:56:26 updater.go:239: get announcement failed: Get "https://siyuan-sync.b3logfile.com/apis/siyuan/version?ver=3.4.2": net/http: request canceled while waiting for connection (Client.Timeout exceeded while awaiting headers)
E 2026/01/20 11:56:26 cloud_service.go:326: write announcement conf failed: open /home/siyuan/.config/siyuan/announcement.json: no such file or directory
E 2026/01/20 11:57:29 rhy.go:50: get version info failed: Get "https://siyuan-sync.b3logfile.com/apis/siyuan/version?ver=3.4.2": net/http: request canceled while waiting for connection (Client.Timeout exceeded while awaiting headers)
I 2026/01/20 11:59:51 process.go:36: received os signal [terminated], exit kernel process now
I 2026/01/20 11:59:51 conf.go:807: exiting kernel [force=false, setCurrentWorkspace=true, execInstallPkg=1]
I 2026/01/20 11:59:51 database.go:1365: closed database
I 2026/01/20 11:59:51 conf.go:1277: cleared workspace temp
I 2026/01/20 11:59:51 sync.go:833: sync websocket closed
I 2026/01/20 11:59:52 conf.go:877: exited kernel
I 2026/01/20 11:59:53 working.go:180: 
      ___                                   ___           ___           ___
     /  /\        ___           ___        /__/\         /  /\         /__/\
    /  /:/_      /  /\         /__/|       \  \:\       /  /::\        \  \:\
   /  /:/ /\    /  /:/        |  |:|        \  \:\     /  /:/\:\        \  \:\
  /  /:/ /::\  /__/::\        |  |:|    ___  \  \:\   /  /:/~/::\   _____\__\:\
 /__/:/ /:/\:\ \__\/\:\__   __|__|:|   /__/\  \__\:\ /__/:/ /:/\:\ /__/::::::::\
 \  \:\/:/~/:/    \  \:\/\ /__/::::\   \  \:\ /  /:/ \  \:\/:/__\/ \  \:\~~\~~\/
  \  \::/ /:/      \__\::/    ~\~~\:\   \  \:\  /:/   \  \::/       \  \:\  ~~~
   \__\/ /:/       /__/:/       \  \:\   \  \:\/:/     \  \:\        \  \:\
     /__/:/        \__\/         \__\/    \  \::/       \  \:\        \  \:\
     \__\/                                 \__\/         \__\/         \__\/
I 2026/01/20 11:59:53 runtime.go:108: kernel is booting:
    * ver [3.4.2]
    * arch [arm64]
    * os [alpine]
    * pid [1]
    * runtime mode [prod]
    * working directory [/opt/siyuan]
    * read only [false]
    * container [docker]
    * database [ver=20220501]
    * workspace directory [/opt/siyuan/workspace]
I 2026/01/20 11:59:53 main.go:41: [BOOT] Boot() completed
I 2026/01/20 11:59:53 conf.go:129: loaded conf [/opt/siyuan/workspace/conf/conf.json]
I 2026/01/20 11:59:53 auth.go:137: Initialized 0 user accounts for login
I 2026/01/20 11:59:53 conf.go:627: Ollama API enabled (default)
    baseURL=http://ollama:11434
    timeout=60s
    proxy=
    model=llama3.2:3b
    maxTokens=4096
    temperature=1.0
    maxContexts=10
W 2026/01/20 11:59:53 ollama_setup.go:31: Ollama server not available at http://localhost:11434
I 2026/01/20 11:59:53 ollama_setup.go:32: To use Ollama AI, please install Ollama from https://ollama.ai and start the server
I 2026/01/20 11:59:53 runtime.go:160: use network proxy [system]
I 2026/01/20 11:59:53 main.go:45: [BOOT] InitConf() completed
I 2026/01/20 11:59:53 main.go:49: [BOOT] Server started in goroutine
I 2026/01/20 11:59:53 main.go:52: [BOOT] Starting InitAppearance()...
W 2026/01/20 11:59:53 ollama_setup.go:81: Ollama server not available: Get "http://localhost:11434/api/tags": dial tcp [::1]:11434: connect: connection refused (this is OK if Ollama is not running)
I 2026/01/20 11:59:53 serve.go:225: kernel [pid=1] http server [0.0.0.0:6806] is booting
I 2026/01/20 11:59:53 runtime.go:78: [BOOT] HookUILoaded started, waiting for UI connection...
I 2026/01/20 11:59:53 main.go:54: [BOOT] InitAppearance() completed
I 2026/01/20 11:59:53 main.go:56: [BOOT] Starting InitDatabase()...
I 2026/01/20 11:59:53 working.go:558: database [/opt/siyuan/workspace/temp/siyuan.db] size [8.75 MB]
I 2026/01/20 11:59:53 working.go:558: database [/opt/siyuan/workspace/temp/blocktree.db] size [675.84 kB]
I 2026/01/20 11:59:53 main.go:58: [BOOT] InitDatabase() completed
I 2026/01/20 11:59:53 main.go:60: [BOOT] Starting InitHistoryDatabase()...
I 2026/01/20 11:59:53 working.go:558: database [/opt/siyuan/workspace/temp/history.db] size [61.44 kB]
I 2026/01/20 11:59:53 main.go:62: [BOOT] InitHistoryDatabase() completed
I 2026/01/20 11:59:53 main.go:64: [BOOT] Starting InitAssetContentDatabase()...
I 2026/01/20 11:59:53 working.go:558: database [/opt/siyuan/workspace/temp/asset_content.db] size [24.58 kB]
I 2026/01/20 11:59:53 main.go:66: [BOOT] InitAssetContentDatabase() completed
I 2026/01/20 11:59:53 main.go:70: [BOOT] SQL settings configured
I 2026/01/20 11:59:53 main.go:72: [BOOT] Starting BootSyncData()...
I 2026/01/20 11:59:53 sync.go:126: [BOOT] BootSyncData() started
I 2026/01/20 11:59:53 sync.go:133: [BOOT] Sync.Perception is false, skipping WebSocket
I 2026/01/20 11:59:53 sync.go:136: [BOOT] Checking sync...
I 2026/01/20 11:59:53 sync.go:138: [BOOT] checkSync returned false, skipping sync
I 2026/01/20 11:59:53 main.go:74: [BOOT] BootSyncData() completed
I 2026/01/20 11:59:53 main.go:76: [BOOT] Starting InitBoxes()...
I 2026/01/20 11:59:53 conf.go:1055: [BOOT] InitBoxes() started
I 2026/01/20 11:59:53 conf.go:1058: [BOOT] Block count: 167, initialized: true
I 2026/01/20 11:59:53 conf.go:1061: [BOOT] Listing notebooks...
I 2026/01/20 11:59:53 conf.go:1089: [BOOT] Processing 2 opened boxes...
I 2026/01/20 11:59:53 conf.go:1091: [BOOT] Processing box [20251230113409-4y9ye0l]...
I 2026/01/20 11:59:53 conf.go:1091: [BOOT] Processing box [20260112212953-rsc8g7d]...
I 2026/01/20 11:59:53 conf.go:1101: tree/block count [3/167], notebooks [2]
I 2026/01/20 11:59:53 conf.go:1102: [BOOT] InitBoxes() completed
I 2026/01/20 11:59:53 main.go:78: [BOOT] InitBoxes() completed
I 2026/01/20 11:59:53 main.go:80: [BOOT] Starting LoadFlashcards()...
I 2026/01/20 11:59:53 main.go:82: [BOOT] LoadFlashcards() completed
I 2026/01/20 11:59:53 main.go:84: [BOOT] Starting LoadAssetsTexts()...
I 2026/01/20 11:59:53 main.go:86: [BOOT] LoadAssetsTexts() completed
I 2026/01/20 11:59:53 main.go:88: [BOOT] Setting booted flag...
I 2026/01/20 11:59:53 working.go:226: kernel booted
I 2026/01/20 11:59:53 main.go:90: [BOOT] Booted flag set
I 2026/01/20 11:59:53 main.go:92: [BOOT] All initialization completed successfully!
I 2026/01/20 11:59:53 font.go:57: loaded system fonts [0] in [0ms]
I 2026/01/20 11:59:53 box.go:77: auto stat [trees=3, blocks=167, dataSize=2.1 MB, assetsSize=1.98 MB]
I 2026/01/20 11:59:54 auth.go:137: Initialized 0 user accounts for login
W 2026/01/20 11:59:58 runtime.go:83: [BOOT] HookUILoaded timeout after 5 seconds, continuing anyway
I 2026/01/20 12:00:16 serve.go:596: [WS] WebSocket connection attempt from [172.18.0.1:63590], URI: [/ws?app=4x9zj&id=20a9e516-6537-43b1-b843-d334e75ae3fa&type=filetree]
I 2026/01/20 12:00:16 serve.go:596: [WS] WebSocket connection attempt from [172.18.0.1:63586], URI: [/ws?app=4x9zj&id=01568d0f-c90a-4228-ba21-a5b737afcf94&type=protyle]
I 2026/01/20 12:00:16 serve.go:675: [WS] WebSocket connected: app=[4x9zj], id=[01568d0f-c90a-4228-ba21-a5b737afcf94], type=[protyle]
I 2026/01/20 12:00:16 serve.go:596: [WS] WebSocket connection attempt from [172.18.0.1:63600], URI: [/ws?app=4x9zj&id=905b9dc6-4e39-4af7-bf87-d2c37417e1c1&type=main]
I 2026/01/20 12:00:16 serve.go:596: [WS] WebSocket connection attempt from [172.18.0.1:63588], URI: [/ws?app=4x9zj&id=c837f40f-02c6-4b65-a33a-980ed564ef8a]
I 2026/01/20 12:00:16 serve.go:675: [WS] WebSocket connected: app=[4x9zj], id=[20a9e516-6537-43b1-b843-d334e75ae3fa], type=[filetree]
I 2026/01/20 12:00:16 serve.go:675: [WS] WebSocket connected: app=[4x9zj], id=[905b9dc6-4e39-4af7-bf87-d2c37417e1c1], type=[main]
I 2026/01/20 12:00:16 serve.go:675: [WS] WebSocket connected: app=[4x9zj], id=[c837f40f-02c6-4b65-a33a-980ed564ef8a], type=[]
I 2026/01/20 12:00:18 serve.go:596: [WS] WebSocket connection attempt from [172.18.0.1:59626], URI: [/ws?app=xj24&id=d3e7e531-d88a-4156-9fd5-f422fa36f61b&type=main]
I 2026/01/20 12:00:18 serve.go:675: [WS] WebSocket connected: app=[xj24], id=[d3e7e531-d88a-4156-9fd5-f422fa36f61b], type=[main]
I 2026/01/20 12:00:18 serve.go:596: [WS] WebSocket connection attempt from [172.18.0.1:59654], URI: [/ws?app=xj24&id=46cdedfd-30b2-42e4-aa42-f4754f3fcb03&type=filetree]
I 2026/01/20 12:00:18 serve.go:675: [WS] WebSocket connected: app=[xj24], id=[46cdedfd-30b2-42e4-aa42-f4754f3fcb03], type=[filetree]
I 2026/01/20 12:00:18 serve.go:596: [WS] WebSocket connection attempt from [172.18.0.1:59660], URI: [/ws?app=xj24&id=8e22495b-1aea-4184-8322-94846c90c832]
I 2026/01/20 12:00:18 serve.go:675: [WS] WebSocket connected: app=[xj24], id=[8e22495b-1aea-4184-8322-94846c90c832], type=[]
I 2026/01/20 12:00:18 serve.go:596: [WS] WebSocket connection attempt from [172.18.0.1:59672], URI: [/ws?app=xj24&id=18d5e7ea-b6f7-4644-9fa9-c17fa3839739&type=protyle]
I 2026/01/20 12:00:18 serve.go:675: [WS] WebSocket connected: app=[xj24], id=[18d5e7ea-b6f7-4644-9fa9-c17fa3839739], type=[protyle]
I 2026/01/20 12:00:21 serve.go:596: [WS] WebSocket connection attempt from [172.18.0.1:59684], URI: [/ws?app=xj24&id=18bcdb2f-3b65-40b9-80e8-c618bf1630e5]
I 2026/01/20 12:00:21 serve.go:675: [WS] WebSocket connected: app=[xj24], id=[18bcdb2f-3b65-40b9-80e8-c618bf1630e5], type=[]
I 2026/01/20 12:00:35 serve.go:596: [WS] WebSocket connection attempt from [172.18.0.1:57668], URI: [/ws?app=xj24&id=3619c30f-43e4-42ab-b8f1-4b81b5b42fdc&type=protyle]
I 2026/01/20 12:00:35 serve.go:675: [WS] WebSocket connected: app=[xj24], id=[3619c30f-43e4-42ab-b8f1-4b81b5b42fdc], type=[protyle]
I 2026/01/20 12:00:42 serve.go:596: [WS] WebSocket connection attempt from [172.18.0.1:58200], URI: [/ws?app=8bkph&id=09216acd-9f27-48a9-b1db-04ab5dd50a63&type=main]
I 2026/01/20 12:00:42 serve.go:675: [WS] WebSocket connected: app=[8bkph], id=[09216acd-9f27-48a9-b1db-04ab5dd50a63], type=[main]
I 2026/01/20 12:00:42 serve.go:596: [WS] WebSocket connection attempt from [172.18.0.1:58202], URI: [/ws?app=8bkph&id=a7fa4be8-23d2-4bf3-88d4-0973fc9dd4d7&type=filetree]
I 2026/01/20 12:00:42 serve.go:675: [WS] WebSocket connected: app=[8bkph], id=[a7fa4be8-23d2-4bf3-88d4-0973fc9dd4d7], type=[filetree]
I 2026/01/20 12:00:42 serve.go:596: [WS] WebSocket connection attempt from [172.18.0.1:58218], URI: [/ws?app=8bkph&id=6ed39eec-3081-4521-a7db-632a12f1d3c6]
I 2026/01/20 12:00:42 serve.go:675: [WS] WebSocket connected: app=[8bkph], id=[6ed39eec-3081-4521-a7db-632a12f1d3c6], type=[]
I 2026/01/20 12:00:42 serve.go:596: [WS] WebSocket connection attempt from [172.18.0.1:58220], URI: [/ws?app=8bkph&id=3158df1f-5195-4f71-a8cf-63af9ec12c1c]
I 2026/01/20 12:00:42 serve.go:675: [WS] WebSocket connected: app=[8bkph], id=[3158df1f-5195-4f71-a8cf-63af9ec12c1c], type=[]
I 2026/01/20 12:00:42 serve.go:596: [WS] WebSocket connection attempt from [172.18.0.1:58232], URI: [/ws?app=8bkph&id=855d7fa2-df4f-44ea-8576-c1736d0261b6&type=protyle]
I 2026/01/20 12:00:42 serve.go:675: [WS] WebSocket connected: app=[8bkph], id=[855d7fa2-df4f-44ea-8576-c1736d0261b6], type=[protyle]
E 2026/01/20 12:00:56 rhy.go:50: get version info failed: Get "https://siyuan-sync.b3logfile.com/apis/siyuan/version?ver=3.4.2": context deadline exceeded
I 2026/01/20 12:00:56 cron.go:61: cron job [[RefreshRhyResultJob]] executed
I 2026/01/20 12:01:42 auth.go:137: Initialized 0 user accounts for login
E 2026/01/20 12:01:59 rhy.go:50: get version info failed: Get "https://siyuan-sync.b3logfile.com/apis/siyuan/version?ver=3.4.2": context deadline exceeded (Client.Timeout exceeded while awaiting headers)
E 2026/01/20 12:01:59 updater.go:239: get announcement failed: Get "https://siyuan-sync.b3logfile.com/apis/siyuan/version?ver=3.4.2": context deadline exceeded (Client.Timeout exceeded while awaiting headers)
E 2026/01/20 12:01:59 cloud_service.go:326: write announcement conf failed: open /home/siyuan/.config/siyuan/announcement.json: no such file or directory
E 2026/01/20 12:02:47 repository.go:2283: get cloud repo stat failed: get cloud repo stat failed: Post "https://siyuan-sync.b3logfile.com/apis/siyuan/dejavu/getRepoStat?uid=0": net/http: request canceled while waiting for connection (Client.Timeout exceeded while awaiting headers)
E 2026/01/20 12:03:02 rhy.go:50: get version info failed: Get "https://siyuan-sync.b3logfile.com/apis/siyuan/version?ver=3.4.2": net/http: request canceled while waiting for connection (Client.Timeout exceeded while awaiting headers)
I 2026/01/20 12:13:36 process.go:36: received os signal [terminated], exit kernel process now
I 2026/01/20 12:13:36 conf.go:807: exiting kernel [force=false, setCurrentWorkspace=true, execInstallPkg=1]
I 2026/01/20 12:13:36 database.go:1365: closed database
I 2026/01/20 12:13:36 conf.go:1277: cleared workspace temp
I 2026/01/20 12:13:36 sync.go:833: sync websocket closed
I 2026/01/20 12:13:37 conf.go:877: exited kernel
I 2026/01/20 12:13:41 working.go:180: 
      ___                                   ___           ___           ___
     /  /\        ___           ___        /__/\         /  /\         /__/\
    /  /:/_      /  /\         /__/|       \  \:\       /  /::\        \  \:\
   /  /:/ /\    /  /:/        |  |:|        \  \:\     /  /:/\:\        \  \:\
  /  /:/ /::\  /__/::\        |  |:|    ___  \  \:\   /  /:/~/::\   _____\__\:\
 /__/:/ /:/\:\ \__\/\:\__   __|__|:|   /__/\  \__\:\ /__/:/ /:/\:\ /__/::::::::\
 \  \:\/:/~/:/    \  \:\/\ /__/::::\   \  \:\ /  /:/ \  \:\/:/__\/ \  \:\~~\~~\/
  \  \::/ /:/      \__\::/    ~\~~\:\   \  \:\  /:/   \  \::/       \  \:\  ~~~
   \__\/ /:/       /__/:/       \  \:\   \  \:\/:/     \  \:\        \  \:\
     /__/:/        \__\/         \__\/    \  \::/       \  \:\        \  \:\
     \__\/                                 \__\/         \__\/         \__\/
I 2026/01/20 12:13:41 runtime.go:108: kernel is booting:
    * ver [3.4.2]
    * arch [arm64]
    * os [alpine]
    * pid [1]
    * runtime mode [prod]
    * working directory [/opt/siyuan]
    * read only [false]
    * container [docker]
    * database [ver=20220501]
    * workspace directory [/opt/siyuan/workspace]
I 2026/01/20 12:13:41 main.go:41: [BOOT] Boot() completed
I 2026/01/20 12:13:41 conf.go:129: loaded conf [/opt/siyuan/workspace/conf/conf.json]
I 2026/01/20 12:13:41 auth.go:137: Initialized 0 user accounts for login
I 2026/01/20 12:13:41 conf.go:627: Ollama API enabled (default)
    baseURL=http://ollama:11434
    timeout=60s
    proxy=
    model=llama3.2:3b
    maxTokens=4096
    temperature=1.0
    maxContexts=10
I 2026/01/20 12:13:41 runtime.go:160: use network proxy [system]
I 2026/01/20 12:13:41 main.go:45: [BOOT] InitConf() completed
I 2026/01/20 12:13:41 main.go:49: [BOOT] Server started in goroutine
I 2026/01/20 12:13:41 main.go:52: [BOOT] Starting InitAppearance()...
W 2026/01/20 12:13:41 ollama_setup.go:31: Ollama server not available at http://localhost:11434
I 2026/01/20 12:13:41 ollama_setup.go:32: To use Ollama AI, please install Ollama from https://ollama.ai and start the server
W 2026/01/20 12:13:41 ollama_setup.go:81: Ollama server not available: Get "http://localhost:11434/api/tags": dial tcp [::1]:11434: connect: connection refused (this is OK if Ollama is not running)
I 2026/01/20 12:13:41 serve.go:225: kernel [pid=1] http server [0.0.0.0:6806] is booting
I 2026/01/20 12:13:41 runtime.go:78: [BOOT] HookUILoaded started, waiting for UI connection...
I 2026/01/20 12:13:41 main.go:54: [BOOT] InitAppearance() completed
I 2026/01/20 12:13:41 main.go:56: [BOOT] Starting InitDatabase()...
I 2026/01/20 12:13:41 working.go:558: database [/opt/siyuan/workspace/temp/siyuan.db] size [8.75 MB]
I 2026/01/20 12:13:41 working.go:558: database [/opt/siyuan/workspace/temp/blocktree.db] size [675.84 kB]
I 2026/01/20 12:13:41 main.go:58: [BOOT] InitDatabase() completed
I 2026/01/20 12:13:41 main.go:60: [BOOT] Starting InitHistoryDatabase()...
I 2026/01/20 12:13:41 working.go:558: database [/opt/siyuan/workspace/temp/history.db] size [61.44 kB]
I 2026/01/20 12:13:41 main.go:62: [BOOT] InitHistoryDatabase() completed
I 2026/01/20 12:13:41 main.go:64: [BOOT] Starting InitAssetContentDatabase()...
I 2026/01/20 12:13:41 working.go:558: database [/opt/siyuan/workspace/temp/asset_content.db] size [24.58 kB]
I 2026/01/20 12:13:41 main.go:66: [BOOT] InitAssetContentDatabase() completed
I 2026/01/20 12:13:41 main.go:70: [BOOT] SQL settings configured
I 2026/01/20 12:13:41 main.go:72: [BOOT] Starting BootSyncData()...
I 2026/01/20 12:13:41 sync.go:126: [BOOT] BootSyncData() started
I 2026/01/20 12:13:41 sync.go:133: [BOOT] Sync.Perception is false, skipping WebSocket
I 2026/01/20 12:13:41 sync.go:136: [BOOT] Checking sync...
I 2026/01/20 12:13:41 sync.go:138: [BOOT] checkSync returned false, skipping sync
I 2026/01/20 12:13:41 main.go:74: [BOOT] BootSyncData() completed
I 2026/01/20 12:13:41 main.go:76: [BOOT] Starting InitBoxes()...
I 2026/01/20 12:13:41 conf.go:1055: [BOOT] InitBoxes() started
I 2026/01/20 12:13:41 conf.go:1058: [BOOT] Block count: 167, initialized: true
I 2026/01/20 12:13:41 conf.go:1061: [BOOT] Listing notebooks...
I 2026/01/20 12:13:41 conf.go:1089: [BOOT] Processing 2 opened boxes...
I 2026/01/20 12:13:41 conf.go:1091: [BOOT] Processing box [20251230113409-4y9ye0l]...
I 2026/01/20 12:13:41 conf.go:1091: [BOOT] Processing box [20260112212953-rsc8g7d]...
I 2026/01/20 12:13:41 conf.go:1101: tree/block count [3/167], notebooks [2]
I 2026/01/20 12:13:41 conf.go:1102: [BOOT] InitBoxes() completed
I 2026/01/20 12:13:41 main.go:78: [BOOT] InitBoxes() completed
I 2026/01/20 12:13:41 main.go:80: [BOOT] Starting LoadFlashcards()...
I 2026/01/20 12:13:41 main.go:82: [BOOT] LoadFlashcards() completed
I 2026/01/20 12:13:41 main.go:84: [BOOT] Starting LoadAssetsTexts()...
I 2026/01/20 12:13:41 main.go:86: [BOOT] LoadAssetsTexts() completed
I 2026/01/20 12:13:41 main.go:88: [BOOT] Setting booted flag...
I 2026/01/20 12:13:41 working.go:226: kernel booted
I 2026/01/20 12:13:41 main.go:90: [BOOT] Booted flag set
I 2026/01/20 12:13:41 main.go:92: [BOOT] All initialization completed successfully!
I 2026/01/20 12:13:41 font.go:57: loaded system fonts [0] in [0ms]
I 2026/01/20 12:13:41 box.go:77: auto stat [trees=3, blocks=167, dataSize=2.1 MB, assetsSize=1.98 MB]
I 2026/01/20 12:13:42 auth.go:137: Initialized 0 user accounts for login
I 2026/01/20 12:13:42 serve.go:596: [WS] WebSocket connection attempt from [172.18.0.1:56074], URI: [/ws?app=jt9yq&id=3245d697-74aa-4280-8f15-10fc65623e4a&type=main]
I 2026/01/20 12:13:42 serve.go:675: [WS] WebSocket connected: app=[jt9yq], id=[3245d697-74aa-4280-8f15-10fc65623e4a], type=[main]
I 2026/01/20 12:13:43 runtime.go:89: [BOOT] UI connected with 1 main session(s)
I 2026/01/20 12:13:43 serve.go:596: [WS] WebSocket connection attempt from [172.18.0.1:56132], URI: [/ws?app=jt9yq&id=e87a756a-168e-439f-b0f8-1b6cc8d2237f&type=filetree]
I 2026/01/20 12:13:43 serve.go:675: [WS] WebSocket connected: app=[jt9yq], id=[e87a756a-168e-439f-b0f8-1b6cc8d2237f], type=[filetree]
I 2026/01/20 12:13:43 serve.go:596: [WS] WebSocket connection attempt from [172.18.0.1:56148], URI: [/ws?app=jt9yq&id=4847111b-7e4c-4e2c-bc16-1c26acd439bd]
I 2026/01/20 12:13:43 serve.go:675: [WS] WebSocket connected: app=[jt9yq], id=[4847111b-7e4c-4e2c-bc16-1c26acd439bd], type=[]
I 2026/01/20 12:13:43 serve.go:596: [WS] WebSocket connection attempt from [172.18.0.1:56154], URI: [/ws?app=jt9yq&id=1b378af6-3240-4e71-ac14-9b3d710dd836]
I 2026/01/20 12:13:43 serve.go:675: [WS] WebSocket connected: app=[jt9yq], id=[1b378af6-3240-4e71-ac14-9b3d710dd836], type=[]
I 2026/01/20 12:13:43 serve.go:596: [WS] WebSocket connection attempt from [172.18.0.1:56162], URI: [/ws?app=jt9yq&id=856b91bb-df9e-4563-83fe-eea625e916bb&type=protyle]
I 2026/01/20 12:13:43 serve.go:675: [WS] WebSocket connected: app=[jt9yq], id=[856b91bb-df9e-4563-83fe-eea625e916bb], type=[protyle]
I 2026/01/20 12:13:45 serve.go:596: [WS] WebSocket connection attempt from [172.18.0.1:56176], URI: [/ws?app=yza4n&id=fd80ce3d-e10e-40a6-842e-55366bc9cbb7&type=main]
I 2026/01/20 12:13:45 serve.go:675: [WS] WebSocket connected: app=[yza4n], id=[fd80ce3d-e10e-40a6-842e-55366bc9cbb7], type=[main]
I 2026/01/20 12:13:45 serve.go:596: [WS] WebSocket connection attempt from [172.18.0.1:56186], URI: [/ws?app=yza4n&id=066c30b9-1f3f-4b66-93f3-daddf2dc823b&type=filetree]
I 2026/01/20 12:13:45 serve.go:596: [WS] WebSocket connection attempt from [172.18.0.1:56210], URI: [/ws?app=yza4n&id=e39abfd2-fc87-4825-b42f-bfbb24d9ec8b]
I 2026/01/20 12:13:45 serve.go:675: [WS] WebSocket connected: app=[yza4n], id=[e39abfd2-fc87-4825-b42f-bfbb24d9ec8b], type=[]
I 2026/01/20 12:13:45 serve.go:596: [WS] WebSocket connection attempt from [172.18.0.1:56196], URI: [/ws?app=yza4n&id=6bb7ada0-b243-4fda-8733-14c1c1ab3cdc]
I 2026/01/20 12:13:45 serve.go:675: [WS] WebSocket connected: app=[yza4n], id=[6bb7ada0-b243-4fda-8733-14c1c1ab3cdc], type=[]
I 2026/01/20 12:13:45 serve.go:675: [WS] WebSocket connected: app=[yza4n], id=[066c30b9-1f3f-4b66-93f3-daddf2dc823b], type=[filetree]
I 2026/01/20 12:13:45 serve.go:596: [WS] WebSocket connection attempt from [172.18.0.1:56226], URI: [/ws?app=yza4n&id=febcc3ae-1a76-43d7-8e98-00a2a7145634&type=protyle]
I 2026/01/20 12:13:45 serve.go:675: [WS] WebSocket connected: app=[yza4n], id=[febcc3ae-1a76-43d7-8e98-00a2a7145634], type=[protyle]
I 2026/01/20 12:13:49 serve.go:596: [WS] WebSocket connection attempt from [172.18.0.1:63118], URI: [/ws?app=yza4n&id=aa521a2f-5970-456d-9201-283ec541ffbd&type=protyle]
I 2026/01/20 12:13:49 serve.go:675: [WS] WebSocket connected: app=[yza4n], id=[aa521a2f-5970-456d-9201-283ec541ffbd], type=[protyle]
E 2026/01/20 12:14:44 rhy.go:50: get version info failed: Get "https://siyuan-sync.b3logfile.com/apis/siyuan/version?ver=3.4.2": net/http: request canceled while waiting for connection (Client.Timeout exceeded while awaiting headers)
I 2026/01/20 12:14:44 cron.go:61: cron job [[RefreshRhyResultJob]] executed
E 2026/01/20 12:15:47 rhy.go:50: get version info failed: Get "https://siyuan-sync.b3logfile.com/apis/siyuan/version?ver=3.4.2": net/http: request canceled while waiting for connection (Client.Timeout exceeded while awaiting headers)
E 2026/01/20 12:15:47 updater.go:239: get announcement failed: Get "https://siyuan-sync.b3logfile.com/apis/siyuan/version?ver=3.4.2": net/http: request canceled while waiting for connection (Client.Timeout exceeded while awaiting headers)
E 2026/01/20 12:15:47 cloud_service.go:326: write announcement conf failed: open /home/siyuan/.config/siyuan/announcement.json: no such file or directory
I 2026/01/20 12:16:28 serve.go:596: [WS] WebSocket connection attempt from [172.18.0.1:56680], URI: [/ws?app=yza4n&id=5aeb171a-2fab-47b6-b7fd-230ee4dadb78]
I 2026/01/20 12:16:28 serve.go:675: [WS] WebSocket connected: app=[yza4n], id=[5aeb171a-2fab-47b6-b7fd-230ee4dadb78], type=[]
E 2026/01/20 12:16:50 rhy.go:50: get version info failed: Get "https://siyuan-sync.b3logfile.com/apis/siyuan/version?ver=3.4.2": context deadline exceeded
I 2026/01/20 12:17:13 assets.go:547: uploading [2] assets
E 2026/01/20 12:17:13 logging.go:219: PANIC RECOVERED: runtime error: invalid memory address or nil pointer dereference
	/usr/local/go/src/runtime/panic.go:783 (0x47fabf)
/usr/local/go/src/runtime/panic.go:262 (0x4824e7)
/usr/local/go/src/runtime/signal_unix.go:925 (0x4824b8)
/kernel/model/cloud_service.go:190 (0x1ec67e0)
/kernel/model/assets.go:549 (0x1e6019b)
/kernel/model/assets.go:512 (0x1e5fb6b)
/kernel/api/asset.go:398 (0x1fd28ff)
/go/pkg/mod/github.com/gin-gonic/gin@v1.11.0/context.go:192 (0x1241297)
/kernel/model/session.go:546 (0x1f63bbb)
/go/pkg/mod/github.com/gin-gonic/gin@v1.11.0/context.go:192 (0x1241297)
/kernel/model/session.go:456 (0x1f63b2f)
/go/pkg/mod/github.com/gin-gonic/gin@v1.11.0/context.go:192 (0x1241297)
/go/pkg/mod/github.com/gin-contrib/sessions@v1.0.4/sessions.go:54 (0x206b9e3)
/go/pkg/mod/github.com/gin-gonic/gin@v1.11.0/context.go:192 (0x1241297)
/go/pkg/mod/github.com/gin-contrib/gzip@v1.2.5/handler.go:105 (0x1fc71db)
/go/pkg/mod/github.com/gin-gonic/gin@v1.11.0/context.go:192 (0x1241297)
/kernel/server/serve.go:956 (0x206ff5f)
/go/pkg/mod/github.com/gin-gonic/gin@v1.11.0/context.go:192 (0x1241297)
/kernel/server/serve.go:938 (0x206fdbb)
/go/pkg/mod/github.com/gin-gonic/gin@v1.11.0/context.go:192 (0x1241297)
/kernel/model/session.go:606 (0x1f63ec7)
/go/pkg/mod/github.com/gin-gonic/gin@v1.11.0/context.go:192 (0x1241297)
/kernel/model/session.go:583 (0x1f63e6f)
/go/pkg/mod/github.com/gin-gonic/gin@v1.11.0/context.go:192 (0x1241297)
/kernel/model/session.go:664 (0x1f6463b)
/go/pkg/mod/github.com/gin-gonic/gin@v1.11.0/context.go:192 (0x1241297)
/kernel/server/serve.go:886 (0x2072063)
/go/pkg/mod/github.com/gin-gonic/gin@v1.11.0/context.go:192 (0x1241297)
/go/pkg/mod/github.com/gin-gonic/gin@v1.11.0/gin.go:689 (0x124c8e3)
/go/pkg/mod/github.com/gin-gonic/gin@v1.11.0/gin.go:643 (0x124c423)
/go/pkg/mod/golang.org/x/net@v0.47.0/http2/h2c/h2c.go:125 (0x12353d3)
/usr/local/go/src/net/http/server.go:3340 (0x71fe2f)
/usr/local/go/src/net/http/server.go:2109 (0x701f87)
/usr/local/go/src/runtime/asm_arm64.s:1268 (0x488513)

I 2026/01/20 12:24:06 process.go:36: received os signal [terminated], exit kernel process now
I 2026/01/20 12:24:06 conf.go:807: exiting kernel [force=false, setCurrentWorkspace=true, execInstallPkg=1]
I 2026/01/20 12:24:06 database.go:1365: closed database
I 2026/01/20 12:24:06 conf.go:1277: cleared workspace temp
I 2026/01/20 12:24:06 sync.go:833: sync websocket closed
I 2026/01/20 12:24:07 conf.go:877: exited kernel
I 2026/01/20 12:24:08 working.go:180: 
      ___                                   ___           ___           ___
     /  /\        ___           ___        /__/\         /  /\         /__/\
    /  /:/_      /  /\         /__/|       \  \:\       /  /::\        \  \:\
   /  /:/ /\    /  /:/        |  |:|        \  \:\     /  /:/\:\        \  \:\
  /  /:/ /::\  /__/::\        |  |:|    ___  \  \:\   /  /:/~/::\   _____\__\:\
 /__/:/ /:/\:\ \__\/\:\__   __|__|:|   /__/\  \__\:\ /__/:/ /:/\:\ /__/::::::::\
 \  \:\/:/~/:/    \  \:\/\ /__/::::\   \  \:\ /  /:/ \  \:\/:/__\/ \  \:\~~\~~\/
  \  \::/ /:/      \__\::/    ~\~~\:\   \  \:\  /:/   \  \::/       \  \:\  ~~~
   \__\/ /:/       /__/:/       \  \:\   \  \:\/:/     \  \:\        \  \:\
     /__/:/        \__\/         \__\/    \  \::/       \  \:\        \  \:\
     \__\/                                 \__\/         \__\/         \__\/
I 2026/01/20 12:24:08 runtime.go:108: kernel is booting:
    * ver [3.4.2]
    * arch [arm64]
    * os [alpine]
    * pid [1]
    * runtime mode [prod]
    * working directory [/opt/siyuan]
    * read only [false]
    * container [docker]
    * database [ver=20220501]
    * workspace directory [/opt/siyuan/workspace]
I 2026/01/20 12:24:08 main.go:41: [BOOT] Boot() completed
I 2026/01/20 12:24:08 conf.go:129: loaded conf [/opt/siyuan/workspace/conf/conf.json]
I 2026/01/20 12:24:08 auth.go:137: Initialized 0 user accounts for login
I 2026/01/20 12:24:08 conf.go:627: Ollama API enabled (default)
    baseURL=http://ollama:11434
    timeout=60s
    proxy=
    model=llama3.2:3b
    maxTokens=4096
    temperature=1.0
    maxContexts=10
W 2026/01/20 12:24:08 ollama_setup.go:31: Ollama server not available at http://localhost:11434
I 2026/01/20 12:24:08 ollama_setup.go:32: To use Ollama AI, please install Ollama from https://ollama.ai and start the server
I 2026/01/20 12:24:08 runtime.go:160: use network proxy [system]
I 2026/01/20 12:24:08 main.go:45: [BOOT] InitConf() completed
I 2026/01/20 12:24:08 main.go:49: [BOOT] Server started in goroutine
I 2026/01/20 12:24:08 main.go:52: [BOOT] Starting InitAppearance()...
W 2026/01/20 12:24:08 ollama_setup.go:81: Ollama server not available: Get "http://localhost:11434/api/tags": dial tcp [::1]:11434: connect: connection refused (this is OK if Ollama is not running)
I 2026/01/20 12:24:08 serve.go:225: kernel [pid=1] http server [0.0.0.0:6806] is booting
I 2026/01/20 12:24:08 runtime.go:78: [BOOT] HookUILoaded started, waiting for UI connection...
I 2026/01/20 12:24:08 main.go:54: [BOOT] InitAppearance() completed
I 2026/01/20 12:24:08 main.go:56: [BOOT] Starting InitDatabase()...
I 2026/01/20 12:24:08 working.go:558: database [/opt/siyuan/workspace/temp/siyuan.db] size [8.75 MB]
I 2026/01/20 12:24:08 working.go:558: database [/opt/siyuan/workspace/temp/blocktree.db] size [675.84 kB]
I 2026/01/20 12:24:08 main.go:58: [BOOT] InitDatabase() completed
I 2026/01/20 12:24:08 main.go:60: [BOOT] Starting InitHistoryDatabase()...
I 2026/01/20 12:24:08 working.go:558: database [/opt/siyuan/workspace/temp/history.db] size [163.84 kB]
I 2026/01/20 12:24:08 main.go:62: [BOOT] InitHistoryDatabase() completed
I 2026/01/20 12:24:08 main.go:64: [BOOT] Starting InitAssetContentDatabase()...
I 2026/01/20 12:24:08 working.go:558: database [/opt/siyuan/workspace/temp/asset_content.db] size [24.58 kB]
I 2026/01/20 12:24:08 main.go:66: [BOOT] InitAssetContentDatabase() completed
I 2026/01/20 12:24:08 main.go:70: [BOOT] SQL settings configured
I 2026/01/20 12:24:08 main.go:72: [BOOT] Starting BootSyncData()...
I 2026/01/20 12:24:08 sync.go:126: [BOOT] BootSyncData() started
I 2026/01/20 12:24:08 sync.go:133: [BOOT] Sync.Perception is false, skipping WebSocket
I 2026/01/20 12:24:08 sync.go:136: [BOOT] Checking sync...
I 2026/01/20 12:24:08 sync.go:138: [BOOT] checkSync returned false, skipping sync
I 2026/01/20 12:24:08 main.go:74: [BOOT] BootSyncData() completed
I 2026/01/20 12:24:08 main.go:76: [BOOT] Starting InitBoxes()...
I 2026/01/20 12:24:08 conf.go:1055: [BOOT] InitBoxes() started
I 2026/01/20 12:24:08 conf.go:1058: [BOOT] Block count: 223, initialized: true
I 2026/01/20 12:24:08 conf.go:1061: [BOOT] Listing notebooks...
I 2026/01/20 12:24:08 conf.go:1089: [BOOT] Processing 2 opened boxes...
I 2026/01/20 12:24:08 conf.go:1091: [BOOT] Processing box [20251230113409-4y9ye0l]...
I 2026/01/20 12:24:08 conf.go:1091: [BOOT] Processing box [20260112212953-rsc8g7d]...
I 2026/01/20 12:24:08 conf.go:1101: tree/block count [3/223], notebooks [2]
I 2026/01/20 12:24:08 conf.go:1102: [BOOT] InitBoxes() completed
I 2026/01/20 12:24:08 main.go:78: [BOOT] InitBoxes() completed
I 2026/01/20 12:24:08 main.go:80: [BOOT] Starting LoadFlashcards()...
I 2026/01/20 12:24:08 main.go:82: [BOOT] LoadFlashcards() completed
I 2026/01/20 12:24:08 main.go:84: [BOOT] Starting LoadAssetsTexts()...
I 2026/01/20 12:24:08 main.go:86: [BOOT] LoadAssetsTexts() completed
I 2026/01/20 12:24:08 main.go:88: [BOOT] Setting booted flag...
I 2026/01/20 12:24:08 working.go:226: kernel booted
I 2026/01/20 12:24:08 main.go:90: [BOOT] Booted flag set
I 2026/01/20 12:24:08 main.go:92: [BOOT] All initialization completed successfully!
I 2026/01/20 12:24:08 font.go:57: loaded system fonts [0] in [0ms]
I 2026/01/20 12:24:08 box.go:77: auto stat [trees=3, blocks=223, dataSize=3.01 MB, assetsSize=2.89 MB]
I 2026/01/20 12:24:09 auth.go:137: Initialized 0 user accounts for login
I 2026/01/20 12:24:10 serve.go:596: [WS] WebSocket connection attempt from [172.18.0.1:58972], URI: [/ws?app=yza4n&id=6bb7ada0-b243-4fda-8733-14c1c1ab3cdc]
I 2026/01/20 12:24:10 serve.go:675: [WS] WebSocket connected: app=[yza4n], id=[6bb7ada0-b243-4fda-8733-14c1c1ab3cdc], type=[]
I 2026/01/20 12:24:10 serve.go:596: [WS] WebSocket connection attempt from [172.18.0.1:58988], URI: [/ws?app=yza4n&id=fd80ce3d-e10e-40a6-842e-55366bc9cbb7&type=main]
I 2026/01/20 12:24:10 serve.go:596: [WS] WebSocket connection attempt from [172.18.0.1:59002], URI: [/ws?app=yza4n&id=febcc3ae-1a76-43d7-8e98-00a2a7145634&type=protyle]
I 2026/01/20 12:24:10 serve.go:675: [WS] WebSocket connected: app=[yza4n], id=[febcc3ae-1a76-43d7-8e98-00a2a7145634], type=[protyle]
I 2026/01/20 12:24:10 serve.go:596: [WS] WebSocket connection attempt from [172.18.0.1:59010], URI: [/ws?app=yza4n&id=aa521a2f-5970-456d-9201-283ec541ffbd&type=protyle]
I 2026/01/20 12:24:10 serve.go:675: [WS] WebSocket connected: app=[yza4n], id=[fd80ce3d-e10e-40a6-842e-55366bc9cbb7], type=[main]
I 2026/01/20 12:24:10 serve.go:675: [WS] WebSocket connected: app=[yza4n], id=[aa521a2f-5970-456d-9201-283ec541ffbd], type=[protyle]
I 2026/01/20 12:24:10 serve.go:596: [WS] WebSocket connection attempt from [172.18.0.1:59026], URI: [/ws?app=yza4n&id=066c30b9-1f3f-4b66-93f3-daddf2dc823b&type=filetree]
I 2026/01/20 12:24:10 serve.go:675: [WS] WebSocket connected: app=[yza4n], id=[066c30b9-1f3f-4b66-93f3-daddf2dc823b], type=[filetree]
I 2026/01/20 12:24:10 serve.go:596: [WS] WebSocket connection attempt from [172.18.0.1:59038], URI: [/ws?app=yza4n&id=5aeb171a-2fab-47b6-b7fd-230ee4dadb78]
I 2026/01/20 12:24:10 serve.go:675: [WS] WebSocket connected: app=[yza4n], id=[5aeb171a-2fab-47b6-b7fd-230ee4dadb78], type=[]
I 2026/01/20 12:24:10 serve.go:596: [WS] WebSocket connection attempt from [172.18.0.1:59046], URI: [/ws?app=yza4n&id=e39abfd2-fc87-4825-b42f-bfbb24d9ec8b]
I 2026/01/20 12:24:10 serve.go:675: [WS] WebSocket connected: app=[yza4n], id=[e39abfd2-fc87-4825-b42f-bfbb24d9ec8b], type=[]
I 2026/01/20 12:24:10 runtime.go:89: [BOOT] UI connected with 1 main session(s)
I 2026/01/20 12:24:23 serve.go:596: [WS] WebSocket connection attempt from [172.18.0.1:57050], URI: [/ws?app=lh4ax&id=3716bc10-5753-4f19-b181-b1f99c471e9b&type=main]
I 2026/01/20 12:24:23 serve.go:675: [WS] WebSocket connected: app=[lh4ax], id=[3716bc10-5753-4f19-b181-b1f99c471e9b], type=[main]
I 2026/01/20 12:24:23 serve.go:596: [WS] WebSocket connection attempt from [172.18.0.1:57076], URI: [/ws?app=lh4ax&id=e71e0134-197b-46a9-9d7e-604adb989149&type=filetree]
I 2026/01/20 12:24:23 serve.go:675: [WS] WebSocket connected: app=[lh4ax], id=[e71e0134-197b-46a9-9d7e-604adb989149], type=[filetree]
I 2026/01/20 12:24:23 serve.go:596: [WS] WebSocket connection attempt from [172.18.0.1:57090], URI: [/ws?app=lh4ax&id=a37283e7-9adb-4f30-8be3-d4e7a1f80929]
I 2026/01/20 12:24:23 serve.go:675: [WS] WebSocket connected: app=[lh4ax], id=[a37283e7-9adb-4f30-8be3-d4e7a1f80929], type=[]
I 2026/01/20 12:24:23 serve.go:596: [WS] WebSocket connection attempt from [172.18.0.1:57102], URI: [/ws?app=lh4ax&id=792465ff-2d67-4c5e-9fff-21f4ab18d3cd]
I 2026/01/20 12:24:23 serve.go:675: [WS] WebSocket connected: app=[lh4ax], id=[792465ff-2d67-4c5e-9fff-21f4ab18d3cd], type=[]
I 2026/01/20 12:24:23 serve.go:596: [WS] WebSocket connection attempt from [172.18.0.1:57108], URI: [/ws?app=lh4ax&id=0e08e2ef-1dc3-4f30-bf83-2087b93b3503&type=protyle]
I 2026/01/20 12:24:23 serve.go:675: [WS] WebSocket connected: app=[lh4ax], id=[0e08e2ef-1dc3-4f30-bf83-2087b93b3503], type=[protyle]
I 2026/01/20 12:24:24 serve.go:596: [WS] WebSocket connection attempt from [172.18.0.1:57130], URI: [/ws?app=7quqp&id=3e3b786d-d626-4baf-8b6c-b6a8a8651385&type=main]
I 2026/01/20 12:24:24 serve.go:675: [WS] WebSocket connected: app=[7quqp], id=[3e3b786d-d626-4baf-8b6c-b6a8a8651385], type=[main]
I 2026/01/20 12:24:24 serve.go:596: [WS] WebSocket connection attempt from [172.18.0.1:57144], URI: [/ws?app=7quqp&id=389b5dd9-a3d4-4981-b6f8-0741d326e160&type=filetree]
I 2026/01/20 12:24:24 serve.go:675: [WS] WebSocket connected: app=[7quqp], id=[389b5dd9-a3d4-4981-b6f8-0741d326e160], type=[filetree]
I 2026/01/20 12:24:24 serve.go:596: [WS] WebSocket connection attempt from [172.18.0.1:57150], URI: [/ws?app=7quqp&id=45e5b19e-597e-476d-80e3-147bc86a25fc]
I 2026/01/20 12:24:24 serve.go:675: [WS] WebSocket connected: app=[7quqp], id=[45e5b19e-597e-476d-80e3-147bc86a25fc], type=[]
I 2026/01/20 12:24:24 serve.go:596: [WS] WebSocket connection attempt from [172.18.0.1:57154], URI: [/ws?app=7quqp&id=ae99b9ab-d296-4b8d-b3c3-fd344777c9bc]
I 2026/01/20 12:24:24 serve.go:675: [WS] WebSocket connected: app=[7quqp], id=[ae99b9ab-d296-4b8d-b3c3-fd344777c9bc], type=[]
I 2026/01/20 12:24:24 serve.go:596: [WS] WebSocket connection attempt from [172.18.0.1:57168], URI: [/ws?app=7quqp&id=12a43144-025a-46e5-b07d-8b009ce73052&type=protyle]
I 2026/01/20 12:24:24 serve.go:675: [WS] WebSocket connected: app=[7quqp], id=[12a43144-025a-46e5-b07d-8b009ce73052], type=[protyle]
E 2026/01/20 12:25:11 rhy.go:50: get version info failed: Get "https://siyuan-sync.b3logfile.com/apis/siyuan/version?ver=3.4.2": net/http: request canceled while waiting for connection (Client.Timeout exceeded while awaiting headers)
I 2026/01/20 12:25:11 cron.go:61: cron job [[RefreshRhyResultJob]] executed
E 2026/01/20 12:26:14 rhy.go:50: get version info failed: Get "https://siyuan-sync.b3logfile.com/apis/siyuan/version?ver=3.4.2": net/http: request canceled while waiting for connection (Client.Timeout exceeded while awaiting headers)
E 2026/01/20 12:26:14 updater.go:239: get announcement failed: Get "https://siyuan-sync.b3logfile.com/apis/siyuan/version?ver=3.4.2": net/http: request canceled while waiting for connection (Client.Timeout exceeded while awaiting headers)
E 2026/01/20 12:26:14 cloud_service.go:326: write announcement conf failed: open /home/siyuan/.config/siyuan/announcement.json: no such file or directory
E 2026/01/20 12:27:17 rhy.go:50: get version info failed: Get "https://siyuan-sync.b3logfile.com/apis/siyuan/version?ver=3.4.2": context deadline exceeded
I 2026/01/20 12:27:21 serve.go:596: [WS] WebSocket connection attempt from [172.18.0.1:64754], URI: [/ws?app=d6edb&id=34094ac5-4431-4661-9ec2-58e2fc40311d&type=main]
I 2026/01/20 12:27:21 serve.go:675: [WS] WebSocket connected: app=[d6edb], id=[34094ac5-4431-4661-9ec2-58e2fc40311d], type=[main]
I 2026/01/20 12:27:21 serve.go:596: [WS] WebSocket connection attempt from [172.18.0.1:64806], URI: [/ws?app=d6edb&id=8eaed6ee-5f38-4bd6-8df9-6673dbab32a5&type=filetree]
I 2026/01/20 12:27:21 serve.go:596: [WS] WebSocket connection attempt from [172.18.0.1:64812], URI: [/ws?app=d6edb&id=f26103a9-86ad-430f-9df5-77d4b5ae918b]
I 2026/01/20 12:27:21 serve.go:675: [WS] WebSocket connected: app=[d6edb], id=[f26103a9-86ad-430f-9df5-77d4b5ae918b], type=[]
I 2026/01/20 12:27:21 serve.go:675: [WS] WebSocket connected: app=[d6edb], id=[8eaed6ee-5f38-4bd6-8df9-6673dbab32a5], type=[filetree]
I 2026/01/20 12:27:21 serve.go:596: [WS] WebSocket connection attempt from [172.18.0.1:64814], URI: [/ws?app=d6edb&id=c4a116c0-c9fb-4b7f-92c8-ede8343244f4]
I 2026/01/20 12:27:21 serve.go:675: [WS] WebSocket connected: app=[d6edb], id=[c4a116c0-c9fb-4b7f-92c8-ede8343244f4], type=[]
I 2026/01/20 12:27:21 serve.go:596: [WS] WebSocket connection attempt from [172.18.0.1:64820], URI: [/ws?app=d6edb&id=c29915fd-565f-4968-b197-c64049e729e0&type=protyle]
I 2026/01/20 12:27:21 serve.go:675: [WS] WebSocket connected: app=[d6edb], id=[c29915fd-565f-4968-b197-c64049e729e0], type=[protyle]
I 2026/01/20 12:27:34 serve.go:331: serving [/] for user-agent [Mozilla/5.0 (Macintosh; Intel Mac OS X 10_15_7) AppleWebKit/605.1.15 (KHTML, like Gecko) Version/26.2 Safari/605.1.15]
I 2026/01/20 12:27:34 serve.go:596: [WS] WebSocket connection attempt from [172.18.0.1:56144], URI: [/ws?app=zic9m&id=92a8b350-3405-445f-b3ae-f251d75752d2&type=main]
I 2026/01/20 12:27:34 serve.go:675: [WS] WebSocket connected: app=[zic9m], id=[92a8b350-3405-445f-b3ae-f251d75752d2], type=[main]
I 2026/01/20 12:27:34 serve.go:596: [WS] WebSocket connection attempt from [172.18.0.1:56160], URI: [/ws?app=zic9m&id=7d41d4a4-f54e-4756-8767-0bbd62bb02e4&type=filetree]
I 2026/01/20 12:27:34 serve.go:596: [WS] WebSocket connection attempt from [172.18.0.1:56170], URI: [/ws?app=zic9m&id=fce6eddc-9c13-4290-b0df-100dc3945d63]
I 2026/01/20 12:27:34 serve.go:675: [WS] WebSocket connected: app=[zic9m], id=[fce6eddc-9c13-4290-b0df-100dc3945d63], type=[]
I 2026/01/20 12:27:34 serve.go:596: [WS] WebSocket connection attempt from [172.18.0.1:56164], URI: [/ws?app=zic9m&id=ef47d893-321b-4f9c-a9fb-09dce3654e0c]
I 2026/01/20 12:27:34 serve.go:675: [WS] WebSocket connected: app=[zic9m], id=[7d41d4a4-f54e-4756-8767-0bbd62bb02e4], type=[filetree]
I 2026/01/20 12:27:34 serve.go:675: [WS] WebSocket connected: app=[zic9m], id=[ef47d893-321b-4f9c-a9fb-09dce3654e0c], type=[]
I 2026/01/20 12:27:34 serve.go:596: [WS] WebSocket connection attempt from [172.18.0.1:56172], URI: [/ws?app=zic9m&id=dbdf350b-0bb2-4418-a3d7-7644287bfc8d&type=protyle]
I 2026/01/20 12:27:34 serve.go:675: [WS] WebSocket connected: app=[zic9m], id=[dbdf350b-0bb2-4418-a3d7-7644287bfc8d], type=[protyle]
I 2026/01/20 12:27:43 serve.go:596: [WS] WebSocket connection attempt from [172.18.0.1:65524], URI: [/ws?app=siyuan&id=auth]
W 2026/01/20 12:27:43 serve.go:609: [WS] session data is nil
I 2026/01/20 12:27:43 serve.go:645: [WS] allowing auth page connection
I 2026/01/20 12:27:43 serve.go:675: [WS] WebSocket connected: app=[siyuan], id=[auth], type=[]
I 2026/01/20 12:28:18 session.go:137: Login attempt: username=[sha], account found=[false]
W 2026/01/20 12:28:18 session.go:143: invalid username [sha] [ip=172.18.0.1:57866] - account not found
I 2026/01/20 12:29:19 session.go:137: Login attempt: username=[pa], account found=[false]
W 2026/01/20 12:29:19 session.go:143: invalid username [pa] [ip=172.18.0.1:63444] - account not found
I 2026/01/20 12:31:02 process.go:36: received os signal [terminated], exit kernel process now
I 2026/01/20 12:31:02 conf.go:807: exiting kernel [force=false, setCurrentWorkspace=true, execInstallPkg=1]
I 2026/01/20 12:31:02 database.go:1365: closed database
I 2026/01/20 12:31:02 conf.go:1277: cleared workspace temp
I 2026/01/20 12:31:03 sync.go:833: sync websocket closed
I 2026/01/20 12:31:03 conf.go:877: exited kernel
I 2026/01/20 12:31:03 working.go:180: 
      ___                                   ___           ___           ___
     /  /\        ___           ___        /__/\         /  /\         /__/\
    /  /:/_      /  /\         /__/|       \  \:\       /  /::\        \  \:\
   /  /:/ /\    /  /:/        |  |:|        \  \:\     /  /:/\:\        \  \:\
  /  /:/ /::\  /__/::\        |  |:|    ___  \  \:\   /  /:/~/::\   _____\__\:\
 /__/:/ /:/\:\ \__\/\:\__   __|__|:|   /__/\  \__\:\ /__/:/ /:/\:\ /__/::::::::\
 \  \:\/:/~/:/    \  \:\/\ /__/::::\   \  \:\ /  /:/ \  \:\/:/__\/ \  \:\~~\~~\/
  \  \::/ /:/      \__\::/    ~\~~\:\   \  \:\  /:/   \  \::/       \  \:\  ~~~
   \__\/ /:/       /__/:/       \  \:\   \  \:\/:/     \  \:\        \  \:\
     /__/:/        \__\/         \__\/    \  \::/       \  \:\        \  \:\
     \__\/                                 \__\/         \__\/         \__\/
I 2026/01/20 12:31:03 runtime.go:108: kernel is booting:
    * ver [3.4.2]
    * arch [arm64]
    * os [alpine]
    * pid [1]
    * runtime mode [prod]
    * working directory [/opt/siyuan]
    * read only [false]
    * container [docker]
    * database [ver=20220501]
    * workspace directory [/opt/siyuan/workspace]
I 2026/01/20 12:31:03 main.go:41: [BOOT] Boot() completed
I 2026/01/20 12:31:03 conf.go:129: loaded conf [/opt/siyuan/workspace/conf/conf.json]
I 2026/01/20 12:31:03 auth.go:137: Initialized 0 user accounts for login
I 2026/01/20 12:31:03 conf.go:627: Ollama API enabled (default)
    baseURL=http://ollama:11434
    timeout=60s
    proxy=
    model=llama3.2:3b
    maxTokens=4096
    temperature=1.0
    maxContexts=10
I 2026/01/20 12:31:03 runtime.go:160: use network proxy [system]
I 2026/01/20 12:31:03 main.go:45: [BOOT] InitConf() completed
I 2026/01/20 12:31:03 main.go:49: [BOOT] Server started in goroutine
I 2026/01/20 12:31:03 main.go:52: [BOOT] Starting InitAppearance()...
W 2026/01/20 12:31:03 ollama_setup.go:31: Ollama server not available at http://localhost:11434
I 2026/01/20 12:31:03 ollama_setup.go:32: To use Ollama AI, please install Ollama from https://ollama.ai and start the server
W 2026/01/20 12:31:03 ollama_setup.go:81: Ollama server not available: Get "http://localhost:11434/api/tags": dial tcp [::1]:11434: connect: connection refused (this is OK if Ollama is not running)
I 2026/01/20 12:31:03 serve.go:225: kernel [pid=1] http server [0.0.0.0:6806] is booting
I 2026/01/20 12:31:03 runtime.go:78: [BOOT] HookUILoaded started, waiting for UI connection...
I 2026/01/20 12:31:04 main.go:54: [BOOT] InitAppearance() completed
I 2026/01/20 12:31:04 main.go:56: [BOOT] Starting InitDatabase()...
I 2026/01/20 12:31:04 working.go:558: database [/opt/siyuan/workspace/temp/siyuan.db] size [8.75 MB]
I 2026/01/20 12:31:04 working.go:558: database [/opt/siyuan/workspace/temp/blocktree.db] size [675.84 kB]
I 2026/01/20 12:31:04 main.go:58: [BOOT] InitDatabase() completed
I 2026/01/20 12:31:04 main.go:60: [BOOT] Starting InitHistoryDatabase()...
I 2026/01/20 12:31:04 working.go:558: database [/opt/siyuan/workspace/temp/history.db] size [163.84 kB]
I 2026/01/20 12:31:04 main.go:62: [BOOT] InitHistoryDatabase() completed
I 2026/01/20 12:31:04 main.go:64: [BOOT] Starting InitAssetContentDatabase()...
I 2026/01/20 12:31:04 working.go:558: database [/opt/siyuan/workspace/temp/asset_content.db] size [24.58 kB]
I 2026/01/20 12:31:04 main.go:66: [BOOT] InitAssetContentDatabase() completed
I 2026/01/20 12:31:04 main.go:70: [BOOT] SQL settings configured
I 2026/01/20 12:31:04 main.go:72: [BOOT] Starting BootSyncData()...
I 2026/01/20 12:31:04 sync.go:126: [BOOT] BootSyncData() started
I 2026/01/20 12:31:04 sync.go:133: [BOOT] Sync.Perception is false, skipping WebSocket
I 2026/01/20 12:31:04 sync.go:136: [BOOT] Checking sync...
I 2026/01/20 12:31:04 sync.go:138: [BOOT] checkSync returned false, skipping sync
I 2026/01/20 12:31:04 main.go:74: [BOOT] BootSyncData() completed
I 2026/01/20 12:31:04 main.go:76: [BOOT] Starting InitBoxes()...
I 2026/01/20 12:31:04 conf.go:1055: [BOOT] InitBoxes() started
I 2026/01/20 12:31:04 conf.go:1058: [BOOT] Block count: 223, initialized: true
I 2026/01/20 12:31:04 conf.go:1061: [BOOT] Listing notebooks...
I 2026/01/20 12:31:04 conf.go:1089: [BOOT] Processing 2 opened boxes...
I 2026/01/20 12:31:04 conf.go:1091: [BOOT] Processing box [20251230113409-4y9ye0l]...
I 2026/01/20 12:31:04 conf.go:1091: [BOOT] Processing box [20260112212953-rsc8g7d]...
I 2026/01/20 12:31:04 conf.go:1101: tree/block count [3/223], notebooks [2]
I 2026/01/20 12:31:04 conf.go:1102: [BOOT] InitBoxes() completed
I 2026/01/20 12:31:04 main.go:78: [BOOT] InitBoxes() completed
I 2026/01/20 12:31:04 main.go:80: [BOOT] Starting LoadFlashcards()...
I 2026/01/20 12:31:04 main.go:82: [BOOT] LoadFlashcards() completed
I 2026/01/20 12:31:04 main.go:84: [BOOT] Starting LoadAssetsTexts()...
I 2026/01/20 12:31:04 main.go:86: [BOOT] LoadAssetsTexts() completed
I 2026/01/20 12:31:04 main.go:88: [BOOT] Setting booted flag...
I 2026/01/20 12:31:04 working.go:226: kernel booted
I 2026/01/20 12:31:04 main.go:90: [BOOT] Booted flag set
I 2026/01/20 12:31:04 main.go:92: [BOOT] All initialization completed successfully!
I 2026/01/20 12:31:04 font.go:57: loaded system fonts [0] in [0ms]
I 2026/01/20 12:31:04 box.go:77: auto stat [trees=3, blocks=223, dataSize=3.01 MB, assetsSize=2.89 MB]
I 2026/01/20 12:31:04 auth.go:137: Initialized 0 user accounts for login
W 2026/01/20 12:31:09 runtime.go:83: [BOOT] HookUILoaded timeout after 5 seconds, continuing anyway
E 2026/01/20 12:32:07 rhy.go:50: get version info failed: Get "https://siyuan-sync.b3logfile.com/apis/siyuan/version?ver=3.4.2": context deadline exceeded
I 2026/01/20 12:32:07 cron.go:61: cron job [[RefreshRhyResultJob]] executed
I 2026/01/20 12:32:49 serve.go:596: [WS] WebSocket connection attempt from [172.18.0.1:59910], URI: [/ws?app=siyuan&id=auth]
W 2026/01/20 12:32:49 serve.go:620: [WS] AccessAuthCode mismatch: expected [b226ba0f30a134fe9245792118bca202], got []
I 2026/01/20 12:32:49 serve.go:645: [WS] allowing auth page connection
I 2026/01/20 12:32:49 serve.go:675: [WS] WebSocket connected: app=[siyuan], id=[auth], type=[]
I 2026/01/20 12:32:49 serve.go:596: [WS] WebSocket connection attempt from [172.18.0.1:59922], URI: [/ws?app=zic9m&id=92a8b350-3405-445f-b3ae-f251d75752d2&type=main]
I 2026/01/20 12:32:49 serve.go:675: [WS] WebSocket connected: app=[zic9m], id=[92a8b350-3405-445f-b3ae-f251d75752d2], type=[main]
I 2026/01/20 12:32:49 serve.go:596: [WS] WebSocket connection attempt from [172.18.0.1:59956], URI: [/ws?app=zic9m&id=7d41d4a4-f54e-4756-8767-0bbd62bb02e4&type=filetree]
I 2026/01/20 12:32:49 serve.go:675: [WS] WebSocket connected: app=[zic9m], id=[7d41d4a4-f54e-4756-8767-0bbd62bb02e4], type=[filetree]
I 2026/01/20 12:32:49 serve.go:596: [WS] WebSocket connection attempt from [172.18.0.1:59952], URI: [/ws?app=zic9m&id=fce6eddc-9c13-4290-b0df-100dc3945d63]
I 2026/01/20 12:32:49 serve.go:596: [WS] WebSocket connection attempt from [172.18.0.1:59934], URI: [/ws?app=7quqp&id=389b5dd9-a3d4-4981-b6f8-0741d326e160&type=filetree]
I 2026/01/20 12:32:49 serve.go:596: [WS] WebSocket connection attempt from [172.18.0.1:59966], URI: [/ws?app=zic9m&id=ef47d893-321b-4f9c-a9fb-09dce3654e0c]
I 2026/01/20 12:32:49 serve.go:596: [WS] WebSocket connection attempt from [172.18.0.1:59942], URI: [/ws?app=zic9m&id=dbdf350b-0bb2-4418-a3d7-7644287bfc8d&type=protyle]
I 2026/01/20 12:32:49 serve.go:596: [WS] WebSocket connection attempt from [172.18.0.1:59976], URI: [/ws?app=7quqp&id=12a43144-025a-46e5-b07d-8b009ce73052&type=protyle]
I 2026/01/20 12:32:49 serve.go:596: [WS] WebSocket connection attempt from [172.18.0.1:59998], URI: [/ws?app=7quqp&id=3e3b786d-d626-4baf-8b6c-b6a8a8651385&type=main]
I 2026/01/20 12:32:49 serve.go:596: [WS] WebSocket connection attempt from [172.18.0.1:59992], URI: [/ws?app=7quqp&id=ae99b9ab-d296-4b8d-b3c3-fd344777c9bc]
I 2026/01/20 12:32:49 serve.go:596: [WS] WebSocket connection attempt from [172.18.0.1:60012], URI: [/ws?app=7quqp&id=45e5b19e-597e-476d-80e3-147bc86a25fc]
I 2026/01/20 12:32:49 serve.go:675: [WS] WebSocket connected: app=[zic9m], id=[fce6eddc-9c13-4290-b0df-100dc3945d63], type=[]
I 2026/01/20 12:32:49 serve.go:675: [WS] WebSocket connected: app=[zic9m], id=[ef47d893-321b-4f9c-a9fb-09dce3654e0c], type=[]
I 2026/01/20 12:32:49 serve.go:675: [WS] WebSocket connected: app=[7quqp], id=[389b5dd9-a3d4-4981-b6f8-0741d326e160], type=[filetree]
I 2026/01/20 12:32:49 serve.go:675: [WS] WebSocket connected: app=[zic9m], id=[dbdf350b-0bb2-4418-a3d7-7644287bfc8d], type=[protyle]
I 2026/01/20 12:32:49 serve.go:675: [WS] WebSocket connected: app=[7quqp], id=[12a43144-025a-46e5-b07d-8b009ce73052], type=[protyle]
I 2026/01/20 12:32:49 serve.go:675: [WS] WebSocket connected: app=[7quqp], id=[3e3b786d-d626-4baf-8b6c-b6a8a8651385], type=[main]
I 2026/01/20 12:32:49 serve.go:675: [WS] WebSocket connected: app=[7quqp], id=[ae99b9ab-d296-4b8d-b3c3-fd344777c9bc], type=[]
I 2026/01/20 12:32:49 serve.go:675: [WS] WebSocket connected: app=[7quqp], id=[45e5b19e-597e-476d-80e3-147bc86a25fc], type=[]
I 2026/01/20 12:32:58 session.go:137: Login attempt: username=[sha], account found=[false]
W 2026/01/20 12:32:58 session.go:143: invalid username [sha] [ip=172.18.0.1:59896] - account not found
I 2026/01/20 12:33:04 serve.go:596: [WS] WebSocket connection attempt from [172.18.0.1:58244], URI: [/ws?app=neoay&id=6d7dda76-16ac-42dd-9825-22857109e23c&type=main]
I 2026/01/20 12:33:04 serve.go:675: [WS] WebSocket connected: app=[neoay], id=[6d7dda76-16ac-42dd-9825-22857109e23c], type=[main]
I 2026/01/20 12:33:04 serve.go:596: [WS] WebSocket connection attempt from [172.18.0.1:58274], URI: [/ws?app=neoay&id=a9f64eca-0534-4ce7-ba3d-15f236c5fd6e&type=filetree]
I 2026/01/20 12:33:04 serve.go:675: [WS] WebSocket connected: app=[neoay], id=[a9f64eca-0534-4ce7-ba3d-15f236c5fd6e], type=[filetree]
I 2026/01/20 12:33:04 serve.go:596: [WS] WebSocket connection attempt from [172.18.0.1:58282], URI: [/ws?app=neoay&id=3a1548f7-a524-460c-8b9b-f34161aced90]
I 2026/01/20 12:33:04 serve.go:675: [WS] WebSocket connected: app=[neoay], id=[3a1548f7-a524-460c-8b9b-f34161aced90], type=[]
I 2026/01/20 12:33:04 serve.go:596: [WS] WebSocket connection attempt from [172.18.0.1:58286], URI: [/ws?app=neoay&id=8cd05ab1-140b-47dd-a8e5-a7d94a043804]
I 2026/01/20 12:33:04 serve.go:675: [WS] WebSocket connected: app=[neoay], id=[8cd05ab1-140b-47dd-a8e5-a7d94a043804], type=[]
I 2026/01/20 12:33:04 serve.go:596: [WS] WebSocket connection attempt from [172.18.0.1:58304], URI: [/ws?app=neoay&id=1323b1c9-40f6-4a5d-8b79-0738e503077f&type=protyle]
I 2026/01/20 12:33:04 serve.go:675: [WS] WebSocket connected: app=[neoay], id=[1323b1c9-40f6-4a5d-8b79-0738e503077f], type=[protyle]
I 2026/01/20 12:33:08 serve.go:331: serving [/] for user-agent [Mozilla/5.0 (Macintosh; Intel Mac OS X 10_15_7) AppleWebKit/605.1.15 (KHTML, like Gecko) Version/26.2 Safari/605.1.15]
I 2026/01/20 12:33:08 serve.go:596: [WS] WebSocket connection attempt from [172.18.0.1:60642], URI: [/ws?app=wwdda&id=4073a596-292a-49ef-82de-9edd02add9ba&type=main]
I 2026/01/20 12:33:08 serve.go:675: [WS] WebSocket connected: app=[wwdda], id=[4073a596-292a-49ef-82de-9edd02add9ba], type=[main]
I 2026/01/20 12:33:08 serve.go:596: [WS] WebSocket connection attempt from [172.18.0.1:60652], URI: [/ws?app=wwdda&id=122c2986-f72c-4284-97a0-0debc4756f36&type=filetree]
I 2026/01/20 12:33:08 serve.go:675: [WS] WebSocket connected: app=[wwdda], id=[122c2986-f72c-4284-97a0-0debc4756f36], type=[filetree]
I 2026/01/20 12:33:08 serve.go:596: [WS] WebSocket connection attempt from [172.18.0.1:60674], URI: [/ws?app=wwdda&id=cc5d34fa-81ab-4012-b714-2da1ffd26fb1]
I 2026/01/20 12:33:08 serve.go:675: [WS] WebSocket connected: app=[wwdda], id=[cc5d34fa-81ab-4012-b714-2da1ffd26fb1], type=[]
I 2026/01/20 12:33:08 serve.go:596: [WS] WebSocket connection attempt from [172.18.0.1:60668], URI: [/ws?app=wwdda&id=813cceea-c49a-4f46-83ce-d2af1c25e400]
I 2026/01/20 12:33:08 serve.go:675: [WS] WebSocket connected: app=[wwdda], id=[813cceea-c49a-4f46-83ce-d2af1c25e400], type=[]
I 2026/01/20 12:33:08 serve.go:596: [WS] WebSocket connection attempt from [172.18.0.1:60690], URI: [/ws?app=wwdda&id=9842fb62-c9bf-455b-8b8c-8c56d0307978&type=protyle]
I 2026/01/20 12:33:08 serve.go:675: [WS] WebSocket connected: app=[wwdda], id=[9842fb62-c9bf-455b-8b8c-8c56d0307978], type=[protyle]
E 2026/01/20 12:33:10 rhy.go:50: get version info failed: Get "https://siyuan-sync.b3logfile.com/apis/siyuan/version?ver=3.4.2": context deadline exceeded
E 2026/01/20 12:33:10 updater.go:239: get announcement failed: Get "https://siyuan-sync.b3logfile.com/apis/siyuan/version?ver=3.4.2": context deadline exceeded
E 2026/01/20 12:33:10 cloud_service.go:326: write announcement conf failed: open /home/siyuan/.config/siyuan/announcement.json: no such file or directory
I 2026/01/20 12:33:11 serve.go:596: [WS] WebSocket connection attempt from [172.18.0.1:60694], URI: [/ws?app=jyajb&id=66f5211f-9e9d-45ae-a020-990b62534a97&type=main]
I 2026/01/20 12:33:11 serve.go:675: [WS] WebSocket connected: app=[jyajb], id=[66f5211f-9e9d-45ae-a020-990b62534a97], type=[main]
I 2026/01/20 12:33:11 serve.go:596: [WS] WebSocket connection attempt from [172.18.0.1:60710], URI: [/ws?app=jyajb&id=09b794ed-fb9f-44de-8bd4-984518db7f24&type=filetree]
I 2026/01/20 12:33:11 serve.go:675: [WS] WebSocket connected: app=[jyajb], id=[09b794ed-fb9f-44de-8bd4-984518db7f24], type=[filetree]
I 2026/01/20 12:33:11 serve.go:596: [WS] WebSocket connection attempt from [172.18.0.1:60714], URI: [/ws?app=jyajb&id=7807d976-6778-41d6-b683-f3edc19d6933]
I 2026/01/20 12:33:11 serve.go:675: [WS] WebSocket connected: app=[jyajb], id=[7807d976-6778-41d6-b683-f3edc19d6933], type=[]
I 2026/01/20 12:33:11 serve.go:596: [WS] WebSocket connection attempt from [172.18.0.1:60712], URI: [/ws?app=jyajb&id=872aea08-c952-4a74-8fba-ff3f249ca66d]
I 2026/01/20 12:33:11 serve.go:675: [WS] WebSocket connected: app=[jyajb], id=[872aea08-c952-4a74-8fba-ff3f249ca66d], type=[]
I 2026/01/20 12:33:11 serve.go:596: [WS] WebSocket connection attempt from [172.18.0.1:60726], URI: [/ws?app=jyajb&id=df417e96-4082-4326-bde5-3a9c96e3cbb2&type=protyle]
I 2026/01/20 12:33:11 serve.go:675: [WS] WebSocket connected: app=[jyajb], id=[df417e96-4082-4326-bde5-3a9c96e3cbb2], type=[protyle]
I 2026/01/20 12:33:14 serve.go:596: [WS] WebSocket connection attempt from [172.18.0.1:60746], URI: [/ws?app=r2xsu&id=52d8cd9a-84a2-4e13-880d-c59972237fc8&type=main]
I 2026/01/20 12:33:14 serve.go:675: [WS] WebSocket connected: app=[r2xsu], id=[52d8cd9a-84a2-4e13-880d-c59972237fc8], type=[main]
I 2026/01/20 12:33:14 serve.go:596: [WS] WebSocket connection attempt from [172.18.0.1:60758], URI: [/ws?app=r2xsu&id=44b605ff-d992-4e75-8f7a-b23c2adbe747&type=filetree]
I 2026/01/20 12:33:14 serve.go:675: [WS] WebSocket connected: app=[r2xsu], id=[44b605ff-d992-4e75-8f7a-b23c2adbe747], type=[filetree]
I 2026/01/20 12:33:14 serve.go:596: [WS] WebSocket connection attempt from [172.18.0.1:60768], URI: [/ws?app=r2xsu&id=7ca8312c-7bfa-4aae-bbea-57966d82d14b]
I 2026/01/20 12:33:14 serve.go:675: [WS] WebSocket connected: app=[r2xsu], id=[7ca8312c-7bfa-4aae-bbea-57966d82d14b], type=[]
I 2026/01/20 12:33:14 serve.go:596: [WS] WebSocket connection attempt from [172.18.0.1:60762], URI: [/ws?app=r2xsu&id=340f7c3a-7578-46b7-86f2-973ea22694d6]
I 2026/01/20 12:33:14 serve.go:675: [WS] WebSocket connected: app=[r2xsu], id=[340f7c3a-7578-46b7-86f2-973ea22694d6], type=[]
I 2026/01/20 12:33:14 serve.go:596: [WS] WebSocket connection attempt from [172.18.0.1:60784], URI: [/ws?app=r2xsu&id=8b49bde6-7c0a-4201-a8f4-512c5a00acae&type=protyle]
I 2026/01/20 12:33:14 serve.go:675: [WS] WebSocket connected: app=[r2xsu], id=[8b49bde6-7c0a-4201-a8f4-512c5a00acae], type=[protyle]
I 2026/01/20 12:33:15 serve.go:331: serving [/] for user-agent [Mozilla/5.0 (Macintosh; Intel Mac OS X 10_15_7) AppleWebKit/605.1.15 (KHTML, like Gecko) Version/26.2 Safari/605.1.15]
I 2026/01/20 12:33:15 serve.go:596: [WS] WebSocket connection attempt from [172.18.0.1:60788], URI: [/ws?app=4wxpf&id=bfd47b3c-c6d8-480f-8fc2-0e3faf46c189&type=main]
I 2026/01/20 12:33:15 serve.go:675: [WS] WebSocket connected: app=[4wxpf], id=[bfd47b3c-c6d8-480f-8fc2-0e3faf46c189], type=[main]
I 2026/01/20 12:33:15 serve.go:596: [WS] WebSocket connection attempt from [172.18.0.1:60796], URI: [/ws?app=4wxpf&id=54ed2498-c4b3-4512-b5d0-e509fcd7c696&type=filetree]
I 2026/01/20 12:33:15 serve.go:675: [WS] WebSocket connected: app=[4wxpf], id=[54ed2498-c4b3-4512-b5d0-e509fcd7c696], type=[filetree]
I 2026/01/20 12:33:15 serve.go:596: [WS] WebSocket connection attempt from [172.18.0.1:60812], URI: [/ws?app=4wxpf&id=7a9e8825-789a-4156-8bec-0f32360d505c]
I 2026/01/20 12:33:15 serve.go:675: [WS] WebSocket connected: app=[4wxpf], id=[7a9e8825-789a-4156-8bec-0f32360d505c], type=[]
I 2026/01/20 12:33:15 serve.go:596: [WS] WebSocket connection attempt from [172.18.0.1:60816], URI: [/ws?app=4wxpf&id=739031f9-1ca5-4703-ba50-b0a090083e3d]
I 2026/01/20 12:33:15 serve.go:675: [WS] WebSocket connected: app=[4wxpf], id=[739031f9-1ca5-4703-ba50-b0a090083e3d], type=[]
I 2026/01/20 12:33:15 serve.go:596: [WS] WebSocket connection attempt from [172.18.0.1:60828], URI: [/ws?app=4wxpf&id=59b1fbcc-12cf-47d3-9c8c-8c9014d02694&type=protyle]
I 2026/01/20 12:33:15 serve.go:675: [WS] WebSocket connected: app=[4wxpf], id=[59b1fbcc-12cf-47d3-9c8c-8c9014d02694], type=[protyle]
I 2026/01/20 12:33:30 session.go:287: auth success [ip=172.18.0.1:61994, maxAge=0]
I 2026/01/20 12:33:31 serve.go:331: serving [/] for user-agent [Mozilla/5.0 (Macintosh; Intel Mac OS X 10_15_7) AppleWebKit/605.1.15 (KHTML, like Gecko) Version/26.2 Safari/605.1.15]
I 2026/01/20 12:33:31 serve.go:596: [WS] WebSocket connection attempt from [172.18.0.1:62018], URI: [/ws?app=dtva&id=b837d897-52bf-48ac-b244-0bd4faf19013&type=main]
I 2026/01/20 12:33:31 serve.go:675: [WS] WebSocket connected: app=[dtva], id=[b837d897-52bf-48ac-b244-0bd4faf19013], type=[main]
I 2026/01/20 12:33:31 serve.go:596: [WS] WebSocket connection attempt from [172.18.0.1:62044], URI: [/ws?app=dtva&id=b15dd580-63af-4d9b-8f8b-e366ac9247fb&type=filetree]
I 2026/01/20 12:33:31 serve.go:675: [WS] WebSocket connected: app=[dtva], id=[b15dd580-63af-4d9b-8f8b-e366ac9247fb], type=[filetree]
I 2026/01/20 12:33:31 serve.go:596: [WS] WebSocket connection attempt from [172.18.0.1:62046], URI: [/ws?app=dtva&id=7e13168b-21b5-40de-80fa-c88e88ed3745]
I 2026/01/20 12:33:31 serve.go:675: [WS] WebSocket connected: app=[dtva], id=[7e13168b-21b5-40de-80fa-c88e88ed3745], type=[]
I 2026/01/20 12:33:31 serve.go:596: [WS] WebSocket connection attempt from [172.18.0.1:62048], URI: [/ws?app=dtva&id=79db50ff-3a72-4427-8f51-dba808e1f336]
I 2026/01/20 12:33:31 serve.go:675: [WS] WebSocket connected: app=[dtva], id=[79db50ff-3a72-4427-8f51-dba808e1f336], type=[]
I 2026/01/20 12:33:31 serve.go:596: [WS] WebSocket connection attempt from [172.18.0.1:62050], URI: [/ws?app=dtva&id=df718879-8e5a-4643-9f0b-c651c1db898b&type=protyle]
I 2026/01/20 12:33:31 serve.go:675: [WS] WebSocket connected: app=[dtva], id=[df718879-8e5a-4643-9f0b-c651c1db898b], type=[protyle]
E 2026/01/20 12:34:13 rhy.go:50: get version info failed: Get "https://siyuan-sync.b3logfile.com/apis/siyuan/version?ver=3.4.2": context deadline exceeded
I 2026/01/20 12:38:21 process.go:36: received os signal [terminated], exit kernel process now
I 2026/01/20 12:38:21 conf.go:807: exiting kernel [force=false, setCurrentWorkspace=true, execInstallPkg=1]
I 2026/01/20 12:38:21 database.go:1365: closed database
I 2026/01/20 12:38:21 conf.go:1277: cleared workspace temp
I 2026/01/20 12:38:21 sync.go:833: sync websocket closed
I 2026/01/20 12:38:22 conf.go:877: exited kernel
I 2026/01/20 12:38:22 working.go:180: 
      ___                                   ___           ___           ___
     /  /\        ___           ___        /__/\         /  /\         /__/\
    /  /:/_      /  /\         /__/|       \  \:\       /  /::\        \  \:\
   /  /:/ /\    /  /:/        |  |:|        \  \:\     /  /:/\:\        \  \:\
  /  /:/ /::\  /__/::\        |  |:|    ___  \  \:\   /  /:/~/::\   _____\__\:\
 /__/:/ /:/\:\ \__\/\:\__   __|__|:|   /__/\  \__\:\ /__/:/ /:/\:\ /__/::::::::\
 \  \:\/:/~/:/    \  \:\/\ /__/::::\   \  \:\ /  /:/ \  \:\/:/__\/ \  \:\~~\~~\/
  \  \::/ /:/      \__\::/    ~\~~\:\   \  \:\  /:/   \  \::/       \  \:\  ~~~
   \__\/ /:/       /__/:/       \  \:\   \  \:\/:/     \  \:\        \  \:\
     /__/:/        \__\/         \__\/    \  \::/       \  \:\        \  \:\
     \__\/                                 \__\/         \__\/         \__\/
I 2026/01/20 12:38:22 runtime.go:108: kernel is booting:
    * ver [3.4.2]
    * arch [arm64]
    * os [alpine]
    * pid [1]
    * runtime mode [prod]
    * working directory [/opt/siyuan]
    * read only [false]
    * container [docker]
    * database [ver=20220501]
    * workspace directory [/opt/siyuan/workspace]
I 2026/01/20 12:38:22 main.go:41: [BOOT] Boot() completed
I 2026/01/20 12:38:22 conf.go:129: loaded conf [/opt/siyuan/workspace/conf/conf.json]
I 2026/01/20 12:38:22 auth.go:137: Initialized 0 user accounts for login
I 2026/01/20 12:38:22 conf.go:627: Ollama API enabled (default)
    baseURL=http://ollama:11434
    timeout=60s
    proxy=
    model=llama3.2:3b
    maxTokens=4096
    temperature=1.0
    maxContexts=10
I 2026/01/20 12:38:22 runtime.go:160: use network proxy [system]
I 2026/01/20 12:38:22 main.go:45: [BOOT] InitConf() completed
I 2026/01/20 12:38:22 main.go:49: [BOOT] Server started in goroutine
I 2026/01/20 12:38:22 main.go:52: [BOOT] Starting InitAppearance()...
W 2026/01/20 12:38:22 ollama_setup.go:31: Ollama server not available at http://localhost:11434
I 2026/01/20 12:38:22 ollama_setup.go:32: To use Ollama AI, please install Ollama from https://ollama.ai and start the server
W 2026/01/20 12:38:22 ollama_setup.go:81: Ollama server not available: Get "http://localhost:11434/api/tags": dial tcp [::1]:11434: connect: connection refused (this is OK if Ollama is not running)
I 2026/01/20 12:38:22 serve.go:225: kernel [pid=1] http server [0.0.0.0:6806] is booting
I 2026/01/20 12:38:22 runtime.go:78: [BOOT] HookUILoaded started, waiting for UI connection...
I 2026/01/20 12:38:22 main.go:54: [BOOT] InitAppearance() completed
I 2026/01/20 12:38:22 main.go:56: [BOOT] Starting InitDatabase()...
I 2026/01/20 12:38:22 working.go:558: database [/opt/siyuan/workspace/temp/siyuan.db] size [8.75 MB]
I 2026/01/20 12:38:22 working.go:558: database [/opt/siyuan/workspace/temp/blocktree.db] size [675.84 kB]
I 2026/01/20 12:38:22 main.go:58: [BOOT] InitDatabase() completed
I 2026/01/20 12:38:22 main.go:60: [BOOT] Starting InitHistoryDatabase()...
I 2026/01/20 12:38:22 working.go:558: database [/opt/siyuan/workspace/temp/history.db] size [163.84 kB]
I 2026/01/20 12:38:22 main.go:62: [BOOT] InitHistoryDatabase() completed
I 2026/01/20 12:38:22 main.go:64: [BOOT] Starting InitAssetContentDatabase()...
I 2026/01/20 12:38:22 working.go:558: database [/opt/siyuan/workspace/temp/asset_content.db] size [24.58 kB]
I 2026/01/20 12:38:22 main.go:66: [BOOT] InitAssetContentDatabase() completed
I 2026/01/20 12:38:22 main.go:70: [BOOT] SQL settings configured
I 2026/01/20 12:38:22 main.go:72: [BOOT] Starting BootSyncData()...
I 2026/01/20 12:38:22 sync.go:126: [BOOT] BootSyncData() started
I 2026/01/20 12:38:22 sync.go:133: [BOOT] Sync.Perception is false, skipping WebSocket
I 2026/01/20 12:38:22 sync.go:136: [BOOT] Checking sync...
I 2026/01/20 12:38:22 sync.go:138: [BOOT] checkSync returned false, skipping sync
I 2026/01/20 12:38:22 main.go:74: [BOOT] BootSyncData() completed
I 2026/01/20 12:38:22 main.go:76: [BOOT] Starting InitBoxes()...
I 2026/01/20 12:38:22 conf.go:1055: [BOOT] InitBoxes() started
I 2026/01/20 12:38:22 conf.go:1058: [BOOT] Block count: 385, initialized: true
I 2026/01/20 12:38:22 conf.go:1061: [BOOT] Listing notebooks...
I 2026/01/20 12:38:22 conf.go:1089: [BOOT] Processing 2 opened boxes...
I 2026/01/20 12:38:22 conf.go:1091: [BOOT] Processing box [20251230113409-4y9ye0l]...
I 2026/01/20 12:38:22 conf.go:1091: [BOOT] Processing box [20260112212953-rsc8g7d]...
I 2026/01/20 12:38:22 conf.go:1101: tree/block count [3/385], notebooks [2]
I 2026/01/20 12:38:22 conf.go:1102: [BOOT] InitBoxes() completed
I 2026/01/20 12:38:22 main.go:78: [BOOT] InitBoxes() completed
I 2026/01/20 12:38:22 main.go:80: [BOOT] Starting LoadFlashcards()...
I 2026/01/20 12:38:22 main.go:82: [BOOT] LoadFlashcards() completed
I 2026/01/20 12:38:22 main.go:84: [BOOT] Starting LoadAssetsTexts()...
I 2026/01/20 12:38:22 main.go:86: [BOOT] LoadAssetsTexts() completed
I 2026/01/20 12:38:22 main.go:88: [BOOT] Setting booted flag...
I 2026/01/20 12:38:22 working.go:226: kernel booted
I 2026/01/20 12:38:22 main.go:90: [BOOT] Booted flag set
I 2026/01/20 12:38:22 main.go:92: [BOOT] All initialization completed successfully!
I 2026/01/20 12:38:22 font.go:57: loaded system fonts [0] in [0ms]
I 2026/01/20 12:38:23 box.go:77: auto stat [trees=3, blocks=385, dataSize=3.03 MB, assetsSize=2.89 MB]
I 2026/01/20 12:38:23 auth.go:137: Initialized 0 user accounts for login
W 2026/01/20 12:38:27 runtime.go:83: [BOOT] HookUILoaded timeout after 5 seconds, continuing anyway
E 2026/01/20 12:39:26 rhy.go:50: get version info failed: Get "https://siyuan-sync.b3logfile.com/apis/siyuan/version?ver=3.4.2": net/http: request canceled while waiting for connection (Client.Timeout exceeded while awaiting headers)
I 2026/01/20 12:39:26 cron.go:61: cron job [[RefreshRhyResultJob]] executed
E 2026/01/20 12:40:29 rhy.go:50: get version info failed: Get "https://siyuan-sync.b3logfile.com/apis/siyuan/version?ver=3.4.2": context deadline exceeded (Client.Timeout exceeded while awaiting headers)
E 2026/01/20 12:40:29 updater.go:239: get announcement failed: Get "https://siyuan-sync.b3logfile.com/apis/siyuan/version?ver=3.4.2": context deadline exceeded (Client.Timeout exceeded while awaiting headers)
E 2026/01/20 12:40:29 cloud_service.go:326: write announcement conf failed: open /home/siyuan/.config/siyuan/announcement.json: no such file or directory
I 2026/01/20 12:40:40 process.go:36: received os signal [terminated], exit kernel process now
I 2026/01/20 12:40:40 conf.go:807: exiting kernel [force=false, setCurrentWorkspace=true, execInstallPkg=1]
I 2026/01/20 12:40:40 database.go:1365: closed database
I 2026/01/20 12:40:40 conf.go:1277: cleared workspace temp
I 2026/01/20 12:40:41 sync.go:833: sync websocket closed
I 2026/01/20 12:40:41 conf.go:877: exited kernel
I 2026/01/20 12:40:42 working.go:180: 
      ___                                   ___           ___           ___
     /  /\        ___           ___        /__/\         /  /\         /__/\
    /  /:/_      /  /\         /__/|       \  \:\       /  /::\        \  \:\
   /  /:/ /\    /  /:/        |  |:|        \  \:\     /  /:/\:\        \  \:\
  /  /:/ /::\  /__/::\        |  |:|    ___  \  \:\   /  /:/~/::\   _____\__\:\
 /__/:/ /:/\:\ \__\/\:\__   __|__|:|   /__/\  \__\:\ /__/:/ /:/\:\ /__/::::::::\
 \  \:\/:/~/:/    \  \:\/\ /__/::::\   \  \:\ /  /:/ \  \:\/:/__\/ \  \:\~~\~~\/
  \  \::/ /:/      \__\::/    ~\~~\:\   \  \:\  /:/   \  \::/       \  \:\  ~~~
   \__\/ /:/       /__/:/       \  \:\   \  \:\/:/     \  \:\        \  \:\
     /__/:/        \__\/         \__\/    \  \::/       \  \:\        \  \:\
     \__\/                                 \__\/         \__\/         \__\/
I 2026/01/20 12:40:42 runtime.go:108: kernel is booting:
    * ver [3.4.2]
    * arch [arm64]
    * os [alpine]
    * pid [1]
    * runtime mode [prod]
    * working directory [/opt/siyuan]
    * read only [false]
    * container [docker]
    * database [ver=20220501]
    * workspace directory [/opt/siyuan/workspace]
I 2026/01/20 12:40:42 main.go:41: [BOOT] Boot() completed
I 2026/01/20 12:40:42 conf.go:129: loaded conf [/opt/siyuan/workspace/conf/conf.json]
I 2026/01/20 12:40:42 auth.go:137: Initialized 0 user accounts for login
I 2026/01/20 12:40:42 conf.go:627: Ollama API enabled (default)
    baseURL=http://ollama:11434
    timeout=60s
    proxy=
    model=llama3.2:3b
    maxTokens=4096
    temperature=1.0
    maxContexts=10
I 2026/01/20 12:40:42 runtime.go:160: use network proxy [system]
I 2026/01/20 12:40:42 main.go:45: [BOOT] InitConf() completed
I 2026/01/20 12:40:42 main.go:49: [BOOT] Server started in goroutine
I 2026/01/20 12:40:42 main.go:52: [BOOT] Starting InitAppearance()...
W 2026/01/20 12:40:42 ollama_setup.go:31: Ollama server not available at http://localhost:11434
I 2026/01/20 12:40:42 ollama_setup.go:32: To use Ollama AI, please install Ollama from https://ollama.ai and start the server
W 2026/01/20 12:40:42 ollama_setup.go:81: Ollama server not available: Get "http://localhost:11434/api/tags": dial tcp [::1]:11434: connect: connection refused (this is OK if Ollama is not running)
I 2026/01/20 12:40:42 serve.go:225: kernel [pid=1] http server [0.0.0.0:6806] is booting
I 2026/01/20 12:40:42 runtime.go:78: [BOOT] HookUILoaded started, waiting for UI connection...
I 2026/01/20 12:40:42 main.go:54: [BOOT] InitAppearance() completed
I 2026/01/20 12:40:42 main.go:56: [BOOT] Starting InitDatabase()...
I 2026/01/20 12:40:42 working.go:558: database [/opt/siyuan/workspace/temp/siyuan.db] size [8.75 MB]
I 2026/01/20 12:40:42 working.go:558: database [/opt/siyuan/workspace/temp/blocktree.db] size [675.84 kB]
I 2026/01/20 12:40:42 main.go:58: [BOOT] InitDatabase() completed
I 2026/01/20 12:40:42 main.go:60: [BOOT] Starting InitHistoryDatabase()...
I 2026/01/20 12:40:42 working.go:558: database [/opt/siyuan/workspace/temp/history.db] size [163.84 kB]
I 2026/01/20 12:40:42 main.go:62: [BOOT] InitHistoryDatabase() completed
I 2026/01/20 12:40:42 main.go:64: [BOOT] Starting InitAssetContentDatabase()...
I 2026/01/20 12:40:42 working.go:558: database [/opt/siyuan/workspace/temp/asset_content.db] size [24.58 kB]
I 2026/01/20 12:40:42 main.go:66: [BOOT] InitAssetContentDatabase() completed
I 2026/01/20 12:40:42 main.go:70: [BOOT] SQL settings configured
I 2026/01/20 12:40:42 main.go:72: [BOOT] Starting BootSyncData()...
I 2026/01/20 12:40:42 sync.go:126: [BOOT] BootSyncData() started
I 2026/01/20 12:40:42 sync.go:133: [BOOT] Sync.Perception is false, skipping WebSocket
I 2026/01/20 12:40:42 sync.go:136: [BOOT] Checking sync...
I 2026/01/20 12:40:42 sync.go:138: [BOOT] checkSync returned false, skipping sync
I 2026/01/20 12:40:42 main.go:74: [BOOT] BootSyncData() completed
I 2026/01/20 12:40:42 main.go:76: [BOOT] Starting InitBoxes()...
I 2026/01/20 12:40:42 conf.go:1055: [BOOT] InitBoxes() started
I 2026/01/20 12:40:42 conf.go:1058: [BOOT] Block count: 385, initialized: true
I 2026/01/20 12:40:42 conf.go:1061: [BOOT] Listing notebooks...
I 2026/01/20 12:40:42 conf.go:1089: [BOOT] Processing 2 opened boxes...
I 2026/01/20 12:40:42 conf.go:1091: [BOOT] Processing box [20251230113409-4y9ye0l]...
I 2026/01/20 12:40:42 conf.go:1091: [BOOT] Processing box [20260112212953-rsc8g7d]...
I 2026/01/20 12:40:42 conf.go:1101: tree/block count [3/385], notebooks [2]
I 2026/01/20 12:40:42 conf.go:1102: [BOOT] InitBoxes() completed
I 2026/01/20 12:40:42 main.go:78: [BOOT] InitBoxes() completed
I 2026/01/20 12:40:42 main.go:80: [BOOT] Starting LoadFlashcards()...
I 2026/01/20 12:40:42 main.go:82: [BOOT] LoadFlashcards() completed
I 2026/01/20 12:40:42 main.go:84: [BOOT] Starting LoadAssetsTexts()...
I 2026/01/20 12:40:42 main.go:86: [BOOT] LoadAssetsTexts() completed
I 2026/01/20 12:40:42 main.go:88: [BOOT] Setting booted flag...
I 2026/01/20 12:40:42 working.go:226: kernel booted
I 2026/01/20 12:40:42 main.go:90: [BOOT] Booted flag set
I 2026/01/20 12:40:42 main.go:92: [BOOT] All initialization completed successfully!
I 2026/01/20 12:40:42 font.go:57: loaded system fonts [0] in [0ms]
I 2026/01/20 12:40:42 box.go:77: auto stat [trees=3, blocks=385, dataSize=3.03 MB, assetsSize=2.89 MB]
I 2026/01/20 12:40:43 auth.go:137: Initialized 0 user accounts for login
W 2026/01/20 12:40:47 runtime.go:83: [BOOT] HookUILoaded timeout after 5 seconds, continuing anyway
E 2026/01/20 12:41:45 rhy.go:50: get version info failed: Get "https://siyuan-sync.b3logfile.com/apis/siyuan/version?ver=3.4.2": context deadline exceeded (Client.Timeout exceeded while awaiting headers)
I 2026/01/20 12:41:45 cron.go:61: cron job [[RefreshRhyResultJob]] executed
I 2026/01/20 12:41:52 process.go:36: received os signal [terminated], exit kernel process now
I 2026/01/20 12:41:52 conf.go:807: exiting kernel [force=false, setCurrentWorkspace=true, execInstallPkg=1]
I 2026/01/20 12:41:52 database.go:1365: closed database
I 2026/01/20 12:41:52 conf.go:1277: cleared workspace temp
I 2026/01/20 12:41:53 sync.go:833: sync websocket closed
I 2026/01/20 12:41:53 conf.go:877: exited kernel
I 2026/01/20 12:41:54 working.go:180: 
      ___                                   ___           ___           ___
     /  /\        ___           ___        /__/\         /  /\         /__/\
    /  /:/_      /  /\         /__/|       \  \:\       /  /::\        \  \:\
   /  /:/ /\    /  /:/        |  |:|        \  \:\     /  /:/\:\        \  \:\
  /  /:/ /::\  /__/::\        |  |:|    ___  \  \:\   /  /:/~/::\   _____\__\:\
 /__/:/ /:/\:\ \__\/\:\__   __|__|:|   /__/\  \__\:\ /__/:/ /:/\:\ /__/::::::::\
 \  \:\/:/~/:/    \  \:\/\ /__/::::\   \  \:\ /  /:/ \  \:\/:/__\/ \  \:\~~\~~\/
  \  \::/ /:/      \__\::/    ~\~~\:\   \  \:\  /:/   \  \::/       \  \:\  ~~~
   \__\/ /:/       /__/:/       \  \:\   \  \:\/:/     \  \:\        \  \:\
     /__/:/        \__\/         \__\/    \  \::/       \  \:\        \  \:\
     \__\/                                 \__\/         \__\/         \__\/
I 2026/01/20 12:41:54 runtime.go:108: kernel is booting:
    * ver [3.4.2]
    * arch [arm64]
    * os [alpine]
    * pid [1]
    * runtime mode [prod]
    * working directory [/opt/siyuan]
    * read only [false]
    * container [docker]
    * database [ver=20220501]
    * workspace directory [/opt/siyuan/workspace]
I 2026/01/20 12:41:54 main.go:41: [BOOT] Boot() completed
I 2026/01/20 12:41:54 conf.go:129: loaded conf [/opt/siyuan/workspace/conf/conf.json]
I 2026/01/20 12:41:54 auth.go:137: Initialized 0 user accounts for login
I 2026/01/20 12:41:54 conf.go:627: Ollama API enabled (default)
    baseURL=http://ollama:11434
    timeout=60s
    proxy=
    model=llama3.2:3b
    maxTokens=4096
    temperature=1.0
    maxContexts=10
I 2026/01/20 12:41:54 runtime.go:160: use network proxy [system]
I 2026/01/20 12:41:54 main.go:45: [BOOT] InitConf() completed
I 2026/01/20 12:41:54 main.go:49: [BOOT] Server started in goroutine
I 2026/01/20 12:41:54 main.go:52: [BOOT] Starting InitAppearance()...
W 2026/01/20 12:41:54 ollama_setup.go:31: Ollama server not available at http://localhost:11434
I 2026/01/20 12:41:54 ollama_setup.go:32: To use Ollama AI, please install Ollama from https://ollama.ai and start the server
W 2026/01/20 12:41:54 ollama_setup.go:81: Ollama server not available: Get "http://localhost:11434/api/tags": dial tcp [::1]:11434: connect: connection refused (this is OK if Ollama is not running)
I 2026/01/20 12:41:54 serve.go:225: kernel [pid=1] http server [0.0.0.0:6806] is booting
I 2026/01/20 12:41:54 runtime.go:78: [BOOT] HookUILoaded started, waiting for UI connection...
I 2026/01/20 12:41:54 main.go:54: [BOOT] InitAppearance() completed
I 2026/01/20 12:41:54 main.go:56: [BOOT] Starting InitDatabase()...
I 2026/01/20 12:41:54 working.go:558: database [/opt/siyuan/workspace/temp/siyuan.db] size [8.75 MB]
I 2026/01/20 12:41:54 working.go:558: database [/opt/siyuan/workspace/temp/blocktree.db] size [675.84 kB]
I 2026/01/20 12:41:54 main.go:58: [BOOT] InitDatabase() completed
I 2026/01/20 12:41:54 main.go:60: [BOOT] Starting InitHistoryDatabase()...
I 2026/01/20 12:41:54 working.go:558: database [/opt/siyuan/workspace/temp/history.db] size [163.84 kB]
I 2026/01/20 12:41:54 main.go:62: [BOOT] InitHistoryDatabase() completed
I 2026/01/20 12:41:54 main.go:64: [BOOT] Starting InitAssetContentDatabase()...
I 2026/01/20 12:41:54 working.go:558: database [/opt/siyuan/workspace/temp/asset_content.db] size [24.58 kB]
I 2026/01/20 12:41:54 main.go:66: [BOOT] InitAssetContentDatabase() completed
I 2026/01/20 12:41:54 main.go:70: [BOOT] SQL settings configured
I 2026/01/20 12:41:54 main.go:72: [BOOT] Starting BootSyncData()...
I 2026/01/20 12:41:54 sync.go:126: [BOOT] BootSyncData() started
I 2026/01/20 12:41:54 sync.go:133: [BOOT] Sync.Perception is false, skipping WebSocket
I 2026/01/20 12:41:54 sync.go:136: [BOOT] Checking sync...
I 2026/01/20 12:41:54 sync.go:138: [BOOT] checkSync returned false, skipping sync
I 2026/01/20 12:41:54 main.go:74: [BOOT] BootSyncData() completed
I 2026/01/20 12:41:54 main.go:76: [BOOT] Starting InitBoxes()...
I 2026/01/20 12:41:54 conf.go:1055: [BOOT] InitBoxes() started
I 2026/01/20 12:41:54 conf.go:1058: [BOOT] Block count: 385, initialized: true
I 2026/01/20 12:41:54 conf.go:1061: [BOOT] Listing notebooks...
I 2026/01/20 12:41:54 conf.go:1089: [BOOT] Processing 2 opened boxes...
I 2026/01/20 12:41:54 conf.go:1091: [BOOT] Processing box [20251230113409-4y9ye0l]...
I 2026/01/20 12:41:54 conf.go:1091: [BOOT] Processing box [20260112212953-rsc8g7d]...
I 2026/01/20 12:41:54 conf.go:1101: tree/block count [3/385], notebooks [2]
I 2026/01/20 12:41:54 conf.go:1102: [BOOT] InitBoxes() completed
I 2026/01/20 12:41:54 main.go:78: [BOOT] InitBoxes() completed
I 2026/01/20 12:41:54 main.go:80: [BOOT] Starting LoadFlashcards()...
I 2026/01/20 12:41:54 main.go:82: [BOOT] LoadFlashcards() completed
I 2026/01/20 12:41:54 main.go:84: [BOOT] Starting LoadAssetsTexts()...
I 2026/01/20 12:41:54 main.go:86: [BOOT] LoadAssetsTexts() completed
I 2026/01/20 12:41:54 main.go:88: [BOOT] Setting booted flag...
I 2026/01/20 12:41:54 working.go:226: kernel booted
I 2026/01/20 12:41:54 main.go:90: [BOOT] Booted flag set
I 2026/01/20 12:41:54 main.go:92: [BOOT] All initialization completed successfully!
I 2026/01/20 12:41:54 font.go:57: loaded system fonts [0] in [0ms]
I 2026/01/20 12:41:54 box.go:77: auto stat [trees=3, blocks=385, dataSize=3.03 MB, assetsSize=2.89 MB]
I 2026/01/20 12:41:55 auth.go:137: Initialized 0 user accounts for login
W 2026/01/20 12:41:59 runtime.go:83: [BOOT] HookUILoaded timeout after 5 seconds, continuing anyway
I 2026/01/20 12:42:45 process.go:36: received os signal [terminated], exit kernel process now
I 2026/01/20 12:42:45 conf.go:807: exiting kernel [force=false, setCurrentWorkspace=true, execInstallPkg=1]
I 2026/01/20 12:42:45 database.go:1365: closed database
I 2026/01/20 12:42:45 conf.go:1277: cleared workspace temp
I 2026/01/20 12:42:46 sync.go:833: sync websocket closed
I 2026/01/20 12:42:46 conf.go:877: exited kernel
I 2026/01/20 12:42:46 working.go:180: 
      ___                                   ___           ___           ___
     /  /\        ___           ___        /__/\         /  /\         /__/\
    /  /:/_      /  /\         /__/|       \  \:\       /  /::\        \  \:\
   /  /:/ /\    /  /:/        |  |:|        \  \:\     /  /:/\:\        \  \:\
  /  /:/ /::\  /__/::\        |  |:|    ___  \  \:\   /  /:/~/::\   _____\__\:\
 /__/:/ /:/\:\ \__\/\:\__   __|__|:|   /__/\  \__\:\ /__/:/ /:/\:\ /__/::::::::\
 \  \:\/:/~/:/    \  \:\/\ /__/::::\   \  \:\ /  /:/ \  \:\/:/__\/ \  \:\~~\~~\/
  \  \::/ /:/      \__\::/    ~\~~\:\   \  \:\  /:/   \  \::/       \  \:\  ~~~
   \__\/ /:/       /__/:/       \  \:\   \  \:\/:/     \  \:\        \  \:\
     /__/:/        \__\/         \__\/    \  \::/       \  \:\        \  \:\
     \__\/                                 \__\/         \__\/         \__\/
I 2026/01/20 12:42:46 runtime.go:108: kernel is booting:
    * ver [3.4.2]
    * arch [arm64]
    * os [alpine]
    * pid [1]
    * runtime mode [prod]
    * working directory [/opt/siyuan]
    * read only [false]
    * container [docker]
    * database [ver=20220501]
    * workspace directory [/opt/siyuan/workspace]
I 2026/01/20 12:42:46 main.go:41: [BOOT] Boot() completed
I 2026/01/20 12:42:46 conf.go:129: loaded conf [/opt/siyuan/workspace/conf/conf.json]
I 2026/01/20 12:42:46 auth.go:137: Initialized 0 user accounts for login
I 2026/01/20 12:42:46 conf.go:627: Ollama API enabled (default)
    baseURL=http://ollama:11434
    timeout=60s
    proxy=
    model=llama3.2:3b
    maxTokens=4096
    temperature=1.0
    maxContexts=10
I 2026/01/20 12:42:46 runtime.go:160: use network proxy [system]
I 2026/01/20 12:42:46 main.go:45: [BOOT] InitConf() completed
I 2026/01/20 12:42:46 main.go:49: [BOOT] Server started in goroutine
I 2026/01/20 12:42:46 main.go:52: [BOOT] Starting InitAppearance()...
W 2026/01/20 12:42:46 ollama_setup.go:31: Ollama server not available at http://localhost:11434
I 2026/01/20 12:42:46 ollama_setup.go:32: To use Ollama AI, please install Ollama from https://ollama.ai and start the server
W 2026/01/20 12:42:46 ollama_setup.go:81: Ollama server not available: Get "http://localhost:11434/api/tags": dial tcp [::1]:11434: connect: connection refused (this is OK if Ollama is not running)
I 2026/01/20 12:42:46 serve.go:225: kernel [pid=1] http server [0.0.0.0:6806] is booting
I 2026/01/20 12:42:46 runtime.go:78: [BOOT] HookUILoaded started, waiting for UI connection...
I 2026/01/20 12:42:47 main.go:54: [BOOT] InitAppearance() completed
I 2026/01/20 12:42:47 main.go:56: [BOOT] Starting InitDatabase()...
I 2026/01/20 12:42:47 working.go:558: database [/opt/siyuan/workspace/temp/siyuan.db] size [8.75 MB]
I 2026/01/20 12:42:47 working.go:558: database [/opt/siyuan/workspace/temp/blocktree.db] size [675.84 kB]
I 2026/01/20 12:42:47 main.go:58: [BOOT] InitDatabase() completed
I 2026/01/20 12:42:47 main.go:60: [BOOT] Starting InitHistoryDatabase()...
I 2026/01/20 12:42:47 working.go:558: database [/opt/siyuan/workspace/temp/history.db] size [163.84 kB]
I 2026/01/20 12:42:47 main.go:62: [BOOT] InitHistoryDatabase() completed
I 2026/01/20 12:42:47 main.go:64: [BOOT] Starting InitAssetContentDatabase()...
I 2026/01/20 12:42:47 working.go:558: database [/opt/siyuan/workspace/temp/asset_content.db] size [24.58 kB]
I 2026/01/20 12:42:47 main.go:66: [BOOT] InitAssetContentDatabase() completed
I 2026/01/20 12:42:47 main.go:70: [BOOT] SQL settings configured
I 2026/01/20 12:42:47 main.go:72: [BOOT] Starting BootSyncData()...
I 2026/01/20 12:42:47 sync.go:126: [BOOT] BootSyncData() started
I 2026/01/20 12:42:47 sync.go:133: [BOOT] Sync.Perception is false, skipping WebSocket
I 2026/01/20 12:42:47 sync.go:136: [BOOT] Checking sync...
I 2026/01/20 12:42:47 sync.go:138: [BOOT] checkSync returned false, skipping sync
I 2026/01/20 12:42:47 main.go:74: [BOOT] BootSyncData() completed
I 2026/01/20 12:42:47 main.go:76: [BOOT] Starting InitBoxes()...
I 2026/01/20 12:42:47 conf.go:1055: [BOOT] InitBoxes() started
I 2026/01/20 12:42:47 conf.go:1058: [BOOT] Block count: 385, initialized: true
I 2026/01/20 12:42:47 conf.go:1061: [BOOT] Listing notebooks...
I 2026/01/20 12:42:47 conf.go:1089: [BOOT] Processing 2 opened boxes...
I 2026/01/20 12:42:47 conf.go:1091: [BOOT] Processing box [20251230113409-4y9ye0l]...
I 2026/01/20 12:42:47 conf.go:1091: [BOOT] Processing box [20260112212953-rsc8g7d]...
I 2026/01/20 12:42:47 conf.go:1101: tree/block count [3/385], notebooks [2]
I 2026/01/20 12:42:47 conf.go:1102: [BOOT] InitBoxes() completed
I 2026/01/20 12:42:47 main.go:78: [BOOT] InitBoxes() completed
I 2026/01/20 12:42:47 main.go:80: [BOOT] Starting LoadFlashcards()...
I 2026/01/20 12:42:47 main.go:82: [BOOT] LoadFlashcards() completed
I 2026/01/20 12:42:47 main.go:84: [BOOT] Starting LoadAssetsTexts()...
I 2026/01/20 12:42:47 main.go:86: [BOOT] LoadAssetsTexts() completed
I 2026/01/20 12:42:47 main.go:88: [BOOT] Setting booted flag...
I 2026/01/20 12:42:47 working.go:226: kernel booted
I 2026/01/20 12:42:47 main.go:90: [BOOT] Booted flag set
I 2026/01/20 12:42:47 main.go:92: [BOOT] All initialization completed successfully!
I 2026/01/20 12:42:47 font.go:57: loaded system fonts [0] in [0ms]
I 2026/01/20 12:42:47 box.go:77: auto stat [trees=3, blocks=385, dataSize=3.03 MB, assetsSize=2.89 MB]
I 2026/01/20 12:42:47 auth.go:137: Initialized 0 user accounts for login
W 2026/01/20 12:42:51 runtime.go:83: [BOOT] HookUILoaded timeout after 5 seconds, continuing anyway
I 2026/01/20 12:43:19 serve.go:596: [WS] WebSocket connection attempt from [172.18.0.1:57676], URI: [/ws?app=dtva&id=7e13168b-21b5-40de-80fa-c88e88ed3745]
I 2026/01/20 12:43:19 serve.go:675: [WS] WebSocket connected: app=[dtva], id=[7e13168b-21b5-40de-80fa-c88e88ed3745], type=[]
I 2026/01/20 12:43:19 serve.go:596: [WS] WebSocket connection attempt from [172.18.0.1:57680], URI: [/ws?app=dtva&id=df718879-8e5a-4643-9f0b-c651c1db898b&type=protyle]
I 2026/01/20 12:43:19 serve.go:596: [WS] WebSocket connection attempt from [172.18.0.1:57696], URI: [/ws?app=dtva&id=b837d897-52bf-48ac-b244-0bd4faf19013&type=main]
I 2026/01/20 12:43:19 serve.go:675: [WS] WebSocket connected: app=[dtva], id=[b837d897-52bf-48ac-b244-0bd4faf19013], type=[main]
I 2026/01/20 12:43:19 serve.go:675: [WS] WebSocket connected: app=[dtva], id=[df718879-8e5a-4643-9f0b-c651c1db898b], type=[protyle]
I 2026/01/20 12:43:19 serve.go:596: [WS] WebSocket connection attempt from [172.18.0.1:57684], URI: [/ws?app=dtva&id=79db50ff-3a72-4427-8f51-dba808e1f336]
I 2026/01/20 12:43:19 serve.go:675: [WS] WebSocket connected: app=[dtva], id=[79db50ff-3a72-4427-8f51-dba808e1f336], type=[]
I 2026/01/20 12:43:19 serve.go:596: [WS] WebSocket connection attempt from [172.18.0.1:57694], URI: [/ws?app=dtva&id=b15dd580-63af-4d9b-8f8b-e366ac9247fb&type=filetree]
I 2026/01/20 12:43:19 serve.go:675: [WS] WebSocket connected: app=[dtva], id=[b15dd580-63af-4d9b-8f8b-e366ac9247fb], type=[filetree]
I 2026/01/20 12:43:44 process.go:36: received os signal [terminated], exit kernel process now
I 2026/01/20 12:43:44 conf.go:807: exiting kernel [force=false, setCurrentWorkspace=true, execInstallPkg=1]
I 2026/01/20 12:43:44 database.go:1365: closed database
I 2026/01/20 12:43:44 conf.go:1277: cleared workspace temp
I 2026/01/20 12:43:45 sync.go:833: sync websocket closed
I 2026/01/20 12:43:45 conf.go:877: exited kernel
I 2026/01/20 12:43:46 working.go:180: 
      ___                                   ___           ___           ___
     /  /\        ___           ___        /__/\         /  /\         /__/\
    /  /:/_      /  /\         /__/|       \  \:\       /  /::\        \  \:\
   /  /:/ /\    /  /:/        |  |:|        \  \:\     /  /:/\:\        \  \:\
  /  /:/ /::\  /__/::\        |  |:|    ___  \  \:\   /  /:/~/::\   _____\__\:\
 /__/:/ /:/\:\ \__\/\:\__   __|__|:|   /__/\  \__\:\ /__/:/ /:/\:\ /__/::::::::\
 \  \:\/:/~/:/    \  \:\/\ /__/::::\   \  \:\ /  /:/ \  \:\/:/__\/ \  \:\~~\~~\/
  \  \::/ /:/      \__\::/    ~\~~\:\   \  \:\  /:/   \  \::/       \  \:\  ~~~
   \__\/ /:/       /__/:/       \  \:\   \  \:\/:/     \  \:\        \  \:\
     /__/:/        \__\/         \__\/    \  \::/       \  \:\        \  \:\
     \__\/                                 \__\/         \__\/         \__\/
I 2026/01/20 12:43:46 runtime.go:108: kernel is booting:
    * ver [3.4.2]
    * arch [arm64]
    * os [alpine]
    * pid [1]
    * runtime mode [prod]
    * working directory [/opt/siyuan]
    * read only [false]
    * container [docker]
    * database [ver=20220501]
    * workspace directory [/opt/siyuan/workspace]
I 2026/01/20 12:43:46 main.go:41: [BOOT] Boot() completed
I 2026/01/20 12:43:46 conf.go:129: loaded conf [/opt/siyuan/workspace/conf/conf.json]
I 2026/01/20 12:43:46 auth.go:137: Initialized 0 user accounts for login
I 2026/01/20 12:43:46 conf.go:627: Ollama API enabled (default)
    baseURL=http://ollama:11434
    timeout=60s
    proxy=
    model=llama3.2:3b
    maxTokens=4096
    temperature=1.0
    maxContexts=10
I 2026/01/20 12:43:46 runtime.go:160: use network proxy [system]
I 2026/01/20 12:43:46 main.go:45: [BOOT] InitConf() completed
I 2026/01/20 12:43:46 main.go:49: [BOOT] Server started in goroutine
I 2026/01/20 12:43:46 main.go:52: [BOOT] Starting InitAppearance()...
W 2026/01/20 12:43:46 ollama_setup.go:31: Ollama server not available at http://localhost:11434
I 2026/01/20 12:43:46 ollama_setup.go:32: To use Ollama AI, please install Ollama from https://ollama.ai and start the server
W 2026/01/20 12:43:46 ollama_setup.go:81: Ollama server not available: Get "http://localhost:11434/api/tags": dial tcp [::1]:11434: connect: connection refused (this is OK if Ollama is not running)
I 2026/01/20 12:43:46 serve.go:225: kernel [pid=1] http server [0.0.0.0:6806] is booting
I 2026/01/20 12:43:46 runtime.go:78: [BOOT] HookUILoaded started, waiting for UI connection...
I 2026/01/20 12:43:46 main.go:54: [BOOT] InitAppearance() completed
I 2026/01/20 12:43:46 main.go:56: [BOOT] Starting InitDatabase()...
I 2026/01/20 12:43:46 working.go:558: database [/opt/siyuan/workspace/temp/siyuan.db] size [8.75 MB]
I 2026/01/20 12:43:46 working.go:558: database [/opt/siyuan/workspace/temp/blocktree.db] size [675.84 kB]
I 2026/01/20 12:43:46 main.go:58: [BOOT] InitDatabase() completed
I 2026/01/20 12:43:46 main.go:60: [BOOT] Starting InitHistoryDatabase()...
I 2026/01/20 12:43:46 working.go:558: database [/opt/siyuan/workspace/temp/history.db] size [163.84 kB]
I 2026/01/20 12:43:46 main.go:62: [BOOT] InitHistoryDatabase() completed
I 2026/01/20 12:43:46 main.go:64: [BOOT] Starting InitAssetContentDatabase()...
I 2026/01/20 12:43:46 working.go:558: database [/opt/siyuan/workspace/temp/asset_content.db] size [24.58 kB]
I 2026/01/20 12:43:46 main.go:66: [BOOT] InitAssetContentDatabase() completed
I 2026/01/20 12:43:46 main.go:70: [BOOT] SQL settings configured
I 2026/01/20 12:43:46 main.go:72: [BOOT] Starting BootSyncData()...
I 2026/01/20 12:43:46 sync.go:126: [BOOT] BootSyncData() started
I 2026/01/20 12:43:46 sync.go:133: [BOOT] Sync.Perception is false, skipping WebSocket
I 2026/01/20 12:43:46 sync.go:136: [BOOT] Checking sync...
I 2026/01/20 12:43:46 sync.go:138: [BOOT] checkSync returned false, skipping sync
I 2026/01/20 12:43:46 main.go:74: [BOOT] BootSyncData() completed
I 2026/01/20 12:43:46 main.go:76: [BOOT] Starting InitBoxes()...
I 2026/01/20 12:43:46 conf.go:1055: [BOOT] InitBoxes() started
I 2026/01/20 12:43:46 conf.go:1058: [BOOT] Block count: 385, initialized: true
I 2026/01/20 12:43:46 conf.go:1061: [BOOT] Listing notebooks...
I 2026/01/20 12:43:46 conf.go:1089: [BOOT] Processing 2 opened boxes...
I 2026/01/20 12:43:46 conf.go:1091: [BOOT] Processing box [20251230113409-4y9ye0l]...
I 2026/01/20 12:43:46 conf.go:1091: [BOOT] Processing box [20260112212953-rsc8g7d]...
I 2026/01/20 12:43:46 conf.go:1101: tree/block count [3/385], notebooks [2]
I 2026/01/20 12:43:46 conf.go:1102: [BOOT] InitBoxes() completed
I 2026/01/20 12:43:46 main.go:78: [BOOT] InitBoxes() completed
I 2026/01/20 12:43:46 main.go:80: [BOOT] Starting LoadFlashcards()...
I 2026/01/20 12:43:46 main.go:82: [BOOT] LoadFlashcards() completed
I 2026/01/20 12:43:46 main.go:84: [BOOT] Starting LoadAssetsTexts()...
I 2026/01/20 12:43:46 main.go:86: [BOOT] LoadAssetsTexts() completed
I 2026/01/20 12:43:46 main.go:88: [BOOT] Setting booted flag...
I 2026/01/20 12:43:46 working.go:226: kernel booted
I 2026/01/20 12:43:46 main.go:90: [BOOT] Booted flag set
I 2026/01/20 12:43:46 main.go:92: [BOOT] All initialization completed successfully!
I 2026/01/20 12:43:46 font.go:57: loaded system fonts [0] in [0ms]
I 2026/01/20 12:43:46 box.go:77: auto stat [trees=3, blocks=385, dataSize=3.03 MB, assetsSize=2.89 MB]
I 2026/01/20 12:43:47 auth.go:137: Initialized 0 user accounts for login
W 2026/01/20 12:43:51 runtime.go:83: [BOOT] HookUILoaded timeout after 5 seconds, continuing anyway
E 2026/01/20 12:44:49 rhy.go:50: get version info failed: Get "https://siyuan-sync.b3logfile.com/apis/siyuan/version?ver=3.4.2": context deadline exceeded
I 2026/01/20 12:44:49 cron.go:61: cron job [[RefreshRhyResultJob]] executed
E 2026/01/20 12:45:52 rhy.go:50: get version info failed: Get "https://siyuan-sync.b3logfile.com/apis/siyuan/version?ver=3.4.2": context deadline exceeded
E 2026/01/20 12:45:52 updater.go:239: get announcement failed: Get "https://siyuan-sync.b3logfile.com/apis/siyuan/version?ver=3.4.2": context deadline exceeded
E 2026/01/20 12:45:52 cloud_service.go:326: write announcement conf failed: open /home/siyuan/.config/siyuan/announcement.json: no such file or directory
E 2026/01/20 12:46:55 rhy.go:50: get version info failed: Get "https://siyuan-sync.b3logfile.com/apis/siyuan/version?ver=3.4.2": context deadline exceeded (Client.Timeout exceeded while awaiting headers)
I 2026/01/20 12:48:57 process.go:36: received os signal [terminated], exit kernel process now
I 2026/01/20 12:48:57 conf.go:807: exiting kernel [force=false, setCurrentWorkspace=true, execInstallPkg=1]
I 2026/01/20 12:48:57 database.go:1365: closed database
I 2026/01/20 12:48:57 conf.go:1277: cleared workspace temp
I 2026/01/20 12:48:58 sync.go:833: sync websocket closed
I 2026/01/20 12:48:58 conf.go:877: exited kernel
I 2026/01/20 12:48:58 working.go:180: 
      ___                                   ___           ___           ___
     /  /\        ___           ___        /__/\         /  /\         /__/\
    /  /:/_      /  /\         /__/|       \  \:\       /  /::\        \  \:\
   /  /:/ /\    /  /:/        |  |:|        \  \:\     /  /:/\:\        \  \:\
  /  /:/ /::\  /__/::\        |  |:|    ___  \  \:\   /  /:/~/::\   _____\__\:\
 /__/:/ /:/\:\ \__\/\:\__   __|__|:|   /__/\  \__\:\ /__/:/ /:/\:\ /__/::::::::\
 \  \:\/:/~/:/    \  \:\/\ /__/::::\   \  \:\ /  /:/ \  \:\/:/__\/ \  \:\~~\~~\/
  \  \::/ /:/      \__\::/    ~\~~\:\   \  \:\  /:/   \  \::/       \  \:\  ~~~
   \__\/ /:/       /__/:/       \  \:\   \  \:\/:/     \  \:\        \  \:\
     /__/:/        \__\/         \__\/    \  \::/       \  \:\        \  \:\
     \__\/                                 \__\/         \__\/         \__\/
I 2026/01/20 12:48:58 runtime.go:108: kernel is booting:
    * ver [3.4.2]
    * arch [arm64]
    * os [alpine]
    * pid [1]
    * runtime mode [prod]
    * working directory [/opt/siyuan]
    * read only [false]
    * container [docker]
    * database [ver=20220501]
    * workspace directory [/opt/siyuan/workspace]
I 2026/01/20 12:48:58 main.go:41: [BOOT] Boot() completed
I 2026/01/20 12:48:58 conf.go:129: loaded conf [/opt/siyuan/workspace/conf/conf.json]
I 2026/01/20 12:48:58 auth.go:137: Initialized 0 user accounts for login
I 2026/01/20 12:48:58 conf.go:627: Ollama API enabled (default)
    baseURL=http://ollama:11434
    timeout=60s
    proxy=
    model=llama3.2:3b
    maxTokens=4096
    temperature=1.0
    maxContexts=10
I 2026/01/20 12:48:58 runtime.go:160: use network proxy [system]
I 2026/01/20 12:48:58 main.go:45: [BOOT] InitConf() completed
I 2026/01/20 12:48:58 main.go:49: [BOOT] Server started in goroutine
I 2026/01/20 12:48:58 main.go:52: [BOOT] Starting InitAppearance()...
W 2026/01/20 12:48:58 ollama_setup.go:31: Ollama server not available at http://localhost:11434
I 2026/01/20 12:48:58 ollama_setup.go:32: To use Ollama AI, please install Ollama from https://ollama.ai and start the server
W 2026/01/20 12:48:58 ollama_setup.go:81: Ollama server not available: Get "http://localhost:11434/api/tags": dial tcp [::1]:11434: connect: connection refused (this is OK if Ollama is not running)
I 2026/01/20 12:48:58 serve.go:225: kernel [pid=1] http server [0.0.0.0:6806] is booting
I 2026/01/20 12:48:58 runtime.go:78: [BOOT] HookUILoaded started, waiting for UI connection...
I 2026/01/20 12:48:59 main.go:54: [BOOT] InitAppearance() completed
I 2026/01/20 12:48:59 main.go:56: [BOOT] Starting InitDatabase()...
I 2026/01/20 12:48:59 working.go:558: database [/opt/siyuan/workspace/temp/siyuan.db] size [8.75 MB]
I 2026/01/20 12:48:59 working.go:558: database [/opt/siyuan/workspace/temp/blocktree.db] size [675.84 kB]
I 2026/01/20 12:48:59 main.go:58: [BOOT] InitDatabase() completed
I 2026/01/20 12:48:59 main.go:60: [BOOT] Starting InitHistoryDatabase()...
I 2026/01/20 12:48:59 working.go:558: database [/opt/siyuan/workspace/temp/history.db] size [163.84 kB]
I 2026/01/20 12:48:59 main.go:62: [BOOT] InitHistoryDatabase() completed
I 2026/01/20 12:48:59 main.go:64: [BOOT] Starting InitAssetContentDatabase()...
I 2026/01/20 12:48:59 working.go:558: database [/opt/siyuan/workspace/temp/asset_content.db] size [24.58 kB]
I 2026/01/20 12:48:59 main.go:66: [BOOT] InitAssetContentDatabase() completed
I 2026/01/20 12:48:59 main.go:70: [BOOT] SQL settings configured
I 2026/01/20 12:48:59 main.go:72: [BOOT] Starting BootSyncData()...
I 2026/01/20 12:48:59 sync.go:126: [BOOT] BootSyncData() started
I 2026/01/20 12:48:59 sync.go:133: [BOOT] Sync.Perception is false, skipping WebSocket
I 2026/01/20 12:48:59 sync.go:136: [BOOT] Checking sync...
I 2026/01/20 12:48:59 sync.go:138: [BOOT] checkSync returned false, skipping sync
I 2026/01/20 12:48:59 main.go:74: [BOOT] BootSyncData() completed
I 2026/01/20 12:48:59 main.go:76: [BOOT] Starting InitBoxes()...
I 2026/01/20 12:48:59 conf.go:1055: [BOOT] InitBoxes() started
I 2026/01/20 12:48:59 conf.go:1058: [BOOT] Block count: 385, initialized: true
I 2026/01/20 12:48:59 conf.go:1061: [BOOT] Listing notebooks...
I 2026/01/20 12:48:59 conf.go:1089: [BOOT] Processing 2 opened boxes...
I 2026/01/20 12:48:59 conf.go:1091: [BOOT] Processing box [20251230113409-4y9ye0l]...
I 2026/01/20 12:48:59 conf.go:1091: [BOOT] Processing box [20260112212953-rsc8g7d]...
I 2026/01/20 12:48:59 conf.go:1101: tree/block count [3/385], notebooks [2]
I 2026/01/20 12:48:59 conf.go:1102: [BOOT] InitBoxes() completed
I 2026/01/20 12:48:59 main.go:78: [BOOT] InitBoxes() completed
I 2026/01/20 12:48:59 main.go:80: [BOOT] Starting LoadFlashcards()...
I 2026/01/20 12:48:59 main.go:82: [BOOT] LoadFlashcards() completed
I 2026/01/20 12:48:59 main.go:84: [BOOT] Starting LoadAssetsTexts()...
I 2026/01/20 12:48:59 main.go:86: [BOOT] LoadAssetsTexts() completed
I 2026/01/20 12:48:59 main.go:88: [BOOT] Setting booted flag...
I 2026/01/20 12:48:59 working.go:226: kernel booted
I 2026/01/20 12:48:59 main.go:90: [BOOT] Booted flag set
I 2026/01/20 12:48:59 main.go:92: [BOOT] All initialization completed successfully!
I 2026/01/20 12:48:59 font.go:57: loaded system fonts [0] in [0ms]
I 2026/01/20 12:48:59 box.go:77: auto stat [trees=3, blocks=385, dataSize=3.03 MB, assetsSize=2.89 MB]
I 2026/01/20 12:49:00 auth.go:137: Initialized 0 user accounts for login
W 2026/01/20 12:49:04 runtime.go:83: [BOOT] HookUILoaded timeout after 5 seconds, continuing anyway
I 2026/01/20 12:49:54 process.go:36: received os signal [terminated], exit kernel process now
I 2026/01/20 12:49:54 conf.go:807: exiting kernel [force=false, setCurrentWorkspace=true, execInstallPkg=1]
I 2026/01/20 12:49:54 database.go:1365: closed database
I 2026/01/20 12:49:54 conf.go:1277: cleared workspace temp
I 2026/01/20 12:49:55 sync.go:833: sync websocket closed
I 2026/01/20 12:49:55 conf.go:877: exited kernel
I 2026/01/20 12:49:56 working.go:180: 
      ___                                   ___           ___           ___
     /  /\        ___           ___        /__/\         /  /\         /__/\
    /  /:/_      /  /\         /__/|       \  \:\       /  /::\        \  \:\
   /  /:/ /\    /  /:/        |  |:|        \  \:\     /  /:/\:\        \  \:\
  /  /:/ /::\  /__/::\        |  |:|    ___  \  \:\   /  /:/~/::\   _____\__\:\
 /__/:/ /:/\:\ \__\/\:\__   __|__|:|   /__/\  \__\:\ /__/:/ /:/\:\ /__/::::::::\
 \  \:\/:/~/:/    \  \:\/\ /__/::::\   \  \:\ /  /:/ \  \:\/:/__\/ \  \:\~~\~~\/
  \  \::/ /:/      \__\::/    ~\~~\:\   \  \:\  /:/   \  \::/       \  \:\  ~~~
   \__\/ /:/       /__/:/       \  \:\   \  \:\/:/     \  \:\        \  \:\
     /__/:/        \__\/         \__\/    \  \::/       \  \:\        \  \:\
     \__\/                                 \__\/         \__\/         \__\/
I 2026/01/20 12:49:56 runtime.go:108: kernel is booting:
    * ver [3.4.2]
    * arch [arm64]
    * os [alpine]
    * pid [1]
    * runtime mode [prod]
    * working directory [/opt/siyuan]
    * read only [false]
    * container [docker]
    * database [ver=20220501]
    * workspace directory [/opt/siyuan/workspace]
I 2026/01/20 12:49:56 main.go:41: [BOOT] Boot() completed
I 2026/01/20 12:49:56 conf.go:129: loaded conf [/opt/siyuan/workspace/conf/conf.json]
I 2026/01/20 12:49:56 auth.go:137: Initialized 0 user accounts for login
I 2026/01/20 12:49:56 conf.go:627: Ollama API enabled (default)
    baseURL=http://ollama:11434
    timeout=60s
    proxy=
    model=llama3.2:3b
    maxTokens=4096
    temperature=1.0
    maxContexts=10
W 2026/01/20 12:49:56 ollama_setup.go:31: Ollama server not available at http://localhost:11434
I 2026/01/20 12:49:56 ollama_setup.go:32: To use Ollama AI, please install Ollama from https://ollama.ai and start the server
I 2026/01/20 12:49:56 runtime.go:160: use network proxy [system]
I 2026/01/20 12:49:56 main.go:45: [BOOT] InitConf() completed
I 2026/01/20 12:49:56 main.go:49: [BOOT] Server started in goroutine
I 2026/01/20 12:49:56 main.go:52: [BOOT] Starting InitAppearance()...
W 2026/01/20 12:49:56 ollama_setup.go:81: Ollama server not available: Get "http://localhost:11434/api/tags": dial tcp [::1]:11434: connect: connection refused (this is OK if Ollama is not running)
I 2026/01/20 12:49:56 serve.go:225: kernel [pid=1] http server [0.0.0.0:6806] is booting
I 2026/01/20 12:49:56 runtime.go:78: [BOOT] HookUILoaded started, waiting for UI connection...
I 2026/01/20 12:49:56 main.go:54: [BOOT] InitAppearance() completed
I 2026/01/20 12:49:56 main.go:56: [BOOT] Starting InitDatabase()...
I 2026/01/20 12:49:56 working.go:558: database [/opt/siyuan/workspace/temp/siyuan.db] size [8.75 MB]
I 2026/01/20 12:49:56 working.go:558: database [/opt/siyuan/workspace/temp/blocktree.db] size [675.84 kB]
I 2026/01/20 12:49:56 main.go:58: [BOOT] InitDatabase() completed
I 2026/01/20 12:49:56 main.go:60: [BOOT] Starting InitHistoryDatabase()...
I 2026/01/20 12:49:56 working.go:558: database [/opt/siyuan/workspace/temp/history.db] size [163.84 kB]
I 2026/01/20 12:49:56 main.go:62: [BOOT] InitHistoryDatabase() completed
I 2026/01/20 12:49:56 main.go:64: [BOOT] Starting InitAssetContentDatabase()...
I 2026/01/20 12:49:56 working.go:558: database [/opt/siyuan/workspace/temp/asset_content.db] size [24.58 kB]
I 2026/01/20 12:49:56 main.go:66: [BOOT] InitAssetContentDatabase() completed
I 2026/01/20 12:49:56 main.go:70: [BOOT] SQL settings configured
I 2026/01/20 12:49:56 main.go:72: [BOOT] Starting BootSyncData()...
I 2026/01/20 12:49:56 sync.go:126: [BOOT] BootSyncData() started
I 2026/01/20 12:49:56 sync.go:133: [BOOT] Sync.Perception is false, skipping WebSocket
I 2026/01/20 12:49:56 sync.go:136: [BOOT] Checking sync...
I 2026/01/20 12:49:56 sync.go:138: [BOOT] checkSync returned false, skipping sync
I 2026/01/20 12:49:56 main.go:74: [BOOT] BootSyncData() completed
I 2026/01/20 12:49:56 main.go:76: [BOOT] Starting InitBoxes()...
I 2026/01/20 12:49:56 conf.go:1055: [BOOT] InitBoxes() started
I 2026/01/20 12:49:56 conf.go:1058: [BOOT] Block count: 385, initialized: true
I 2026/01/20 12:49:56 conf.go:1061: [BOOT] Listing notebooks...
I 2026/01/20 12:49:56 conf.go:1089: [BOOT] Processing 2 opened boxes...
I 2026/01/20 12:49:56 conf.go:1091: [BOOT] Processing box [20251230113409-4y9ye0l]...
I 2026/01/20 12:49:56 conf.go:1091: [BOOT] Processing box [20260112212953-rsc8g7d]...
I 2026/01/20 12:49:56 conf.go:1101: tree/block count [3/385], notebooks [2]
I 2026/01/20 12:49:56 conf.go:1102: [BOOT] InitBoxes() completed
I 2026/01/20 12:49:56 main.go:78: [BOOT] InitBoxes() completed
I 2026/01/20 12:49:56 main.go:80: [BOOT] Starting LoadFlashcards()...
I 2026/01/20 12:49:56 main.go:82: [BOOT] LoadFlashcards() completed
I 2026/01/20 12:49:56 main.go:84: [BOOT] Starting LoadAssetsTexts()...
I 2026/01/20 12:49:56 main.go:86: [BOOT] LoadAssetsTexts() completed
I 2026/01/20 12:49:56 main.go:88: [BOOT] Setting booted flag...
I 2026/01/20 12:49:56 working.go:226: kernel booted
I 2026/01/20 12:49:56 main.go:90: [BOOT] Booted flag set
I 2026/01/20 12:49:56 main.go:92: [BOOT] All initialization completed successfully!
I 2026/01/20 12:49:56 font.go:57: loaded system fonts [0] in [0ms]
I 2026/01/20 12:49:56 box.go:77: auto stat [trees=3, blocks=385, dataSize=3.03 MB, assetsSize=2.89 MB]
I 2026/01/20 12:49:57 auth.go:137: Initialized 0 user accounts for login
W 2026/01/20 12:50:01 runtime.go:83: [BOOT] HookUILoaded timeout after 5 seconds, continuing anyway
E 2026/01/20 12:50:59 rhy.go:50: get version info failed: Get "https://siyuan-sync.b3logfile.com/apis/siyuan/version?ver=3.4.2": net/http: request canceled while waiting for connection (Client.Timeout exceeded while awaiting headers)
I 2026/01/20 12:50:59 cron.go:61: cron job [[RefreshRhyResultJob]] executed
I 2026/01/20 12:51:17 process.go:36: received os signal [terminated], exit kernel process now
I 2026/01/20 12:51:17 conf.go:807: exiting kernel [force=false, setCurrentWorkspace=true, execInstallPkg=1]
I 2026/01/20 12:51:17 database.go:1365: closed database
I 2026/01/20 12:51:17 conf.go:1277: cleared workspace temp
I 2026/01/20 12:51:17 sync.go:833: sync websocket closed
I 2026/01/20 12:51:18 conf.go:877: exited kernel
I 2026/01/20 12:51:18 working.go:180: 
      ___                                   ___           ___           ___
     /  /\        ___           ___        /__/\         /  /\         /__/\
    /  /:/_      /  /\         /__/|       \  \:\       /  /::\        \  \:\
   /  /:/ /\    /  /:/        |  |:|        \  \:\     /  /:/\:\        \  \:\
  /  /:/ /::\  /__/::\        |  |:|    ___  \  \:\   /  /:/~/::\   _____\__\:\
 /__/:/ /:/\:\ \__\/\:\__   __|__|:|   /__/\  \__\:\ /__/:/ /:/\:\ /__/::::::::\
 \  \:\/:/~/:/    \  \:\/\ /__/::::\   \  \:\ /  /:/ \  \:\/:/__\/ \  \:\~~\~~\/
  \  \::/ /:/      \__\::/    ~\~~\:\   \  \:\  /:/   \  \::/       \  \:\  ~~~
   \__\/ /:/       /__/:/       \  \:\   \  \:\/:/     \  \:\        \  \:\
     /__/:/        \__\/         \__\/    \  \::/       \  \:\        \  \:\
     \__\/                                 \__\/         \__\/         \__\/
I 2026/01/20 12:51:18 runtime.go:108: kernel is booting:
    * ver [3.4.2]
    * arch [arm64]
    * os [alpine]
    * pid [1]
    * runtime mode [prod]
    * working directory [/opt/siyuan]
    * read only [false]
    * container [docker]
    * database [ver=20220501]
    * workspace directory [/opt/siyuan/workspace]
I 2026/01/20 12:51:18 main.go:41: [BOOT] Boot() completed
I 2026/01/20 12:51:18 conf.go:129: loaded conf [/opt/siyuan/workspace/conf/conf.json]
I 2026/01/20 12:51:18 auth.go:137: Initialized 0 user accounts for login
I 2026/01/20 12:51:18 conf.go:627: Ollama API enabled (default)
    baseURL=http://ollama:11434
    timeout=60s
    proxy=
    model=llama3.2:3b
    maxTokens=4096
    temperature=1.0
    maxContexts=10
I 2026/01/20 12:51:18 runtime.go:160: use network proxy [system]
I 2026/01/20 12:51:18 main.go:45: [BOOT] InitConf() completed
I 2026/01/20 12:51:18 main.go:49: [BOOT] Server started in goroutine
I 2026/01/20 12:51:18 main.go:52: [BOOT] Starting InitAppearance()...
W 2026/01/20 12:51:18 ollama_setup.go:31: Ollama server not available at http://localhost:11434
I 2026/01/20 12:51:18 ollama_setup.go:32: To use Ollama AI, please install Ollama from https://ollama.ai and start the server
W 2026/01/20 12:51:18 ollama_setup.go:81: Ollama server not available: Get "http://localhost:11434/api/tags": dial tcp [::1]:11434: connect: connection refused (this is OK if Ollama is not running)
I 2026/01/20 12:51:18 serve.go:225: kernel [pid=1] http server [0.0.0.0:6806] is booting
I 2026/01/20 12:51:18 runtime.go:78: [BOOT] HookUILoaded started, waiting for UI connection...
I 2026/01/20 12:51:18 main.go:54: [BOOT] InitAppearance() completed
I 2026/01/20 12:51:18 main.go:56: [BOOT] Starting InitDatabase()...
I 2026/01/20 12:51:18 working.go:558: database [/opt/siyuan/workspace/temp/siyuan.db] size [8.75 MB]
I 2026/01/20 12:51:18 working.go:558: database [/opt/siyuan/workspace/temp/blocktree.db] size [675.84 kB]
I 2026/01/20 12:51:18 main.go:58: [BOOT] InitDatabase() completed
I 2026/01/20 12:51:18 main.go:60: [BOOT] Starting InitHistoryDatabase()...
I 2026/01/20 12:51:18 working.go:558: database [/opt/siyuan/workspace/temp/history.db] size [163.84 kB]
I 2026/01/20 12:51:18 main.go:62: [BOOT] InitHistoryDatabase() completed
I 2026/01/20 12:51:18 main.go:64: [BOOT] Starting InitAssetContentDatabase()...
I 2026/01/20 12:51:18 working.go:558: database [/opt/siyuan/workspace/temp/asset_content.db] size [24.58 kB]
I 2026/01/20 12:51:18 main.go:66: [BOOT] InitAssetContentDatabase() completed
I 2026/01/20 12:51:18 main.go:70: [BOOT] SQL settings configured
I 2026/01/20 12:51:18 main.go:72: [BOOT] Starting BootSyncData()...
I 2026/01/20 12:51:18 sync.go:126: [BOOT] BootSyncData() started
I 2026/01/20 12:51:18 sync.go:133: [BOOT] Sync.Perception is false, skipping WebSocket
I 2026/01/20 12:51:18 sync.go:136: [BOOT] Checking sync...
I 2026/01/20 12:51:18 sync.go:138: [BOOT] checkSync returned false, skipping sync
I 2026/01/20 12:51:18 main.go:74: [BOOT] BootSyncData() completed
I 2026/01/20 12:51:18 main.go:76: [BOOT] Starting InitBoxes()...
I 2026/01/20 12:51:18 conf.go:1055: [BOOT] InitBoxes() started
I 2026/01/20 12:51:18 conf.go:1058: [BOOT] Block count: 385, initialized: true
I 2026/01/20 12:51:18 conf.go:1061: [BOOT] Listing notebooks...
I 2026/01/20 12:51:18 conf.go:1089: [BOOT] Processing 2 opened boxes...
I 2026/01/20 12:51:18 conf.go:1091: [BOOT] Processing box [20251230113409-4y9ye0l]...
I 2026/01/20 12:51:18 conf.go:1091: [BOOT] Processing box [20260112212953-rsc8g7d]...
I 2026/01/20 12:51:18 conf.go:1101: tree/block count [3/385], notebooks [2]
I 2026/01/20 12:51:18 conf.go:1102: [BOOT] InitBoxes() completed
I 2026/01/20 12:51:18 main.go:78: [BOOT] InitBoxes() completed
I 2026/01/20 12:51:18 main.go:80: [BOOT] Starting LoadFlashcards()...
I 2026/01/20 12:51:18 main.go:82: [BOOT] LoadFlashcards() completed
I 2026/01/20 12:51:18 main.go:84: [BOOT] Starting LoadAssetsTexts()...
I 2026/01/20 12:51:18 main.go:86: [BOOT] LoadAssetsTexts() completed
I 2026/01/20 12:51:18 main.go:88: [BOOT] Setting booted flag...
I 2026/01/20 12:51:18 working.go:226: kernel booted
I 2026/01/20 12:51:18 main.go:90: [BOOT] Booted flag set
I 2026/01/20 12:51:18 main.go:92: [BOOT] All initialization completed successfully!
I 2026/01/20 12:51:18 font.go:57: loaded system fonts [0] in [0ms]
I 2026/01/20 12:51:18 box.go:77: auto stat [trees=3, blocks=385, dataSize=3.03 MB, assetsSize=2.89 MB]
I 2026/01/20 12:51:19 auth.go:137: Initialized 0 user accounts for login
W 2026/01/20 12:51:23 runtime.go:83: [BOOT] HookUILoaded timeout after 5 seconds, continuing anyway
E 2026/01/20 12:52:21 rhy.go:50: get version info failed: Get "https://siyuan-sync.b3logfile.com/apis/siyuan/version?ver=3.4.2": net/http: request canceled while waiting for connection (Client.Timeout exceeded while awaiting headers)
I 2026/01/20 12:52:21 cron.go:61: cron job [[RefreshRhyResultJob]] executed
I 2026/01/20 12:53:58 process.go:36: received os signal [terminated], exit kernel process now
I 2026/01/20 12:53:58 conf.go:807: exiting kernel [force=false, setCurrentWorkspace=true, execInstallPkg=1]
I 2026/01/20 12:53:58 database.go:1365: closed database
I 2026/01/20 12:53:58 conf.go:1277: cleared workspace temp
I 2026/01/20 12:53:59 sync.go:833: sync websocket closed
I 2026/01/20 12:53:59 conf.go:877: exited kernel
I 2026/01/20 12:54:00 working.go:180: 
      ___                                   ___           ___           ___
     /  /\        ___           ___        /__/\         /  /\         /__/\
    /  /:/_      /  /\         /__/|       \  \:\       /  /::\        \  \:\
   /  /:/ /\    /  /:/        |  |:|        \  \:\     /  /:/\:\        \  \:\
  /  /:/ /::\  /__/::\        |  |:|    ___  \  \:\   /  /:/~/::\   _____\__\:\
 /__/:/ /:/\:\ \__\/\:\__   __|__|:|   /__/\  \__\:\ /__/:/ /:/\:\ /__/::::::::\
 \  \:\/:/~/:/    \  \:\/\ /__/::::\   \  \:\ /  /:/ \  \:\/:/__\/ \  \:\~~\~~\/
  \  \::/ /:/      \__\::/    ~\~~\:\   \  \:\  /:/   \  \::/       \  \:\  ~~~
   \__\/ /:/       /__/:/       \  \:\   \  \:\/:/     \  \:\        \  \:\
     /__/:/        \__\/         \__\/    \  \::/       \  \:\        \  \:\
     \__\/                                 \__\/         \__\/         \__\/
I 2026/01/20 12:54:00 runtime.go:108: kernel is booting:
    * ver [3.4.2]
    * arch [arm64]
    * os [alpine]
    * pid [1]
    * runtime mode [prod]
    * working directory [/opt/siyuan]
    * read only [false]
    * container [docker]
    * database [ver=20220501]
    * workspace directory [/opt/siyuan/workspace]
I 2026/01/20 12:54:00 main.go:41: [BOOT] Boot() completed
I 2026/01/20 12:54:00 conf.go:129: loaded conf [/opt/siyuan/workspace/conf/conf.json]
I 2026/01/20 12:54:00 auth.go:137: Initialized 0 user accounts for login
I 2026/01/20 12:54:00 conf.go:627: Ollama API enabled (default)
    baseURL=http://ollama:11434
    timeout=60s
    proxy=
    model=llama3.2:3b
    maxTokens=4096
    temperature=1.0
    maxContexts=10
I 2026/01/20 12:54:00 runtime.go:160: use network proxy [system]
I 2026/01/20 12:54:00 main.go:45: [BOOT] InitConf() completed
I 2026/01/20 12:54:00 main.go:49: [BOOT] Server started in goroutine
I 2026/01/20 12:54:00 main.go:52: [BOOT] Starting InitAppearance()...
W 2026/01/20 12:54:00 ollama_setup.go:31: Ollama server not available at http://localhost:11434
I 2026/01/20 12:54:00 ollama_setup.go:32: To use Ollama AI, please install Ollama from https://ollama.ai and start the server
I 2026/01/20 12:54:00 serve.go:225: kernel [pid=1] http server [0.0.0.0:6806] is booting
W 2026/01/20 12:54:00 ollama_setup.go:81: Ollama server not available: Get "http://localhost:11434/api/tags": dial tcp [::1]:11434: connect: connection refused (this is OK if Ollama is not running)
I 2026/01/20 12:54:00 runtime.go:78: [BOOT] HookUILoaded started, waiting for UI connection...
I 2026/01/20 12:54:00 main.go:54: [BOOT] InitAppearance() completed
I 2026/01/20 12:54:00 main.go:56: [BOOT] Starting InitDatabase()...
I 2026/01/20 12:54:00 working.go:558: database [/opt/siyuan/workspace/temp/siyuan.db] size [8.75 MB]
I 2026/01/20 12:54:00 working.go:558: database [/opt/siyuan/workspace/temp/blocktree.db] size [675.84 kB]
I 2026/01/20 12:54:00 main.go:58: [BOOT] InitDatabase() completed
I 2026/01/20 12:54:00 main.go:60: [BOOT] Starting InitHistoryDatabase()...
I 2026/01/20 12:54:00 working.go:558: database [/opt/siyuan/workspace/temp/history.db] size [163.84 kB]
I 2026/01/20 12:54:00 main.go:62: [BOOT] InitHistoryDatabase() completed
I 2026/01/20 12:54:00 main.go:64: [BOOT] Starting InitAssetContentDatabase()...
I 2026/01/20 12:54:00 working.go:558: database [/opt/siyuan/workspace/temp/asset_content.db] size [24.58 kB]
I 2026/01/20 12:54:00 main.go:66: [BOOT] InitAssetContentDatabase() completed
I 2026/01/20 12:54:00 main.go:70: [BOOT] SQL settings configured
I 2026/01/20 12:54:00 main.go:72: [BOOT] Starting BootSyncData()...
I 2026/01/20 12:54:00 sync.go:126: [BOOT] BootSyncData() started
I 2026/01/20 12:54:00 sync.go:133: [BOOT] Sync.Perception is false, skipping WebSocket
I 2026/01/20 12:54:00 sync.go:136: [BOOT] Checking sync...
I 2026/01/20 12:54:00 sync.go:138: [BOOT] checkSync returned false, skipping sync
I 2026/01/20 12:54:00 main.go:74: [BOOT] BootSyncData() completed
I 2026/01/20 12:54:00 main.go:76: [BOOT] Starting InitBoxes()...
I 2026/01/20 12:54:00 conf.go:1055: [BOOT] InitBoxes() started
I 2026/01/20 12:54:00 conf.go:1058: [BOOT] Block count: 385, initialized: true
I 2026/01/20 12:54:00 conf.go:1061: [BOOT] Listing notebooks...
I 2026/01/20 12:54:00 conf.go:1089: [BOOT] Processing 2 opened boxes...
I 2026/01/20 12:54:00 conf.go:1091: [BOOT] Processing box [20251230113409-4y9ye0l]...
I 2026/01/20 12:54:00 conf.go:1091: [BOOT] Processing box [20260112212953-rsc8g7d]...
I 2026/01/20 12:54:00 conf.go:1101: tree/block count [3/385], notebooks [2]
I 2026/01/20 12:54:00 conf.go:1102: [BOOT] InitBoxes() completed
I 2026/01/20 12:54:00 main.go:78: [BOOT] InitBoxes() completed
I 2026/01/20 12:54:00 main.go:80: [BOOT] Starting LoadFlashcards()...
I 2026/01/20 12:54:00 main.go:82: [BOOT] LoadFlashcards() completed
I 2026/01/20 12:54:00 main.go:84: [BOOT] Starting LoadAssetsTexts()...
I 2026/01/20 12:54:00 main.go:86: [BOOT] LoadAssetsTexts() completed
I 2026/01/20 12:54:00 main.go:88: [BOOT] Setting booted flag...
I 2026/01/20 12:54:00 working.go:226: kernel booted
I 2026/01/20 12:54:00 main.go:90: [BOOT] Booted flag set
I 2026/01/20 12:54:00 main.go:92: [BOOT] All initialization completed successfully!
I 2026/01/20 12:54:00 font.go:57: loaded system fonts [0] in [0ms]
I 2026/01/20 12:54:00 box.go:77: auto stat [trees=3, blocks=385, dataSize=3.03 MB, assetsSize=2.89 MB]
I 2026/01/20 12:54:01 auth.go:137: Initialized 0 user accounts for login
W 2026/01/20 12:54:05 runtime.go:83: [BOOT] HookUILoaded timeout after 5 seconds, continuing anyway
E 2026/01/20 13:09:43 rhy.go:50: get version info failed: Get "https://siyuan-sync.b3logfile.com/apis/siyuan/version?ver=3.4.2": net/http: request canceled while waiting for connection (Client.Timeout exceeded while awaiting headers)
I 2026/01/20 13:09:43 cron.go:61: cron job [[RefreshRhyResultJob]] executed
E 2026/01/20 13:10:53 rhy.go:50: get version info failed: Get "https://siyuan-sync.b3logfile.com/apis/siyuan/version?ver=3.4.2": net/http: request canceled while waiting for connection (Client.Timeout exceeded while awaiting headers)
E 2026/01/20 13:11:56 rhy.go:50: get version info failed: Get "https://siyuan-sync.b3logfile.com/apis/siyuan/version?ver=3.4.2": net/http: request canceled while waiting for connection (Client.Timeout exceeded while awaiting headers)
E 2026/01/20 13:11:56 updater.go:239: get announcement failed: Get "https://siyuan-sync.b3logfile.com/apis/siyuan/version?ver=3.4.2": net/http: request canceled while waiting for connection (Client.Timeout exceeded while awaiting headers)
E 2026/01/20 13:11:56 cloud_service.go:326: write announcement conf failed: open /home/siyuan/.config/siyuan/announcement.json: no such file or directory
I 2026/01/20 13:19:10 serve.go:596: [WS] WebSocket connection attempt from [172.18.0.1:58346], URI: [/ws?app=dtva&id=df718879-8e5a-4643-9f0b-c651c1db898b&type=protyle]
I 2026/01/20 13:19:10 serve.go:675: [WS] WebSocket connected: app=[dtva], id=[df718879-8e5a-4643-9f0b-c651c1db898b], type=[protyle]
I 2026/01/20 13:19:10 serve.go:596: [WS] WebSocket connection attempt from [172.18.0.1:58360], URI: [/ws?app=dtva&id=7e13168b-21b5-40de-80fa-c88e88ed3745]
I 2026/01/20 13:19:10 serve.go:596: [WS] WebSocket connection attempt from [172.18.0.1:58356], URI: [/ws?app=dtva&id=79db50ff-3a72-4427-8f51-dba808e1f336]
I 2026/01/20 13:19:10 serve.go:675: [WS] WebSocket connected: app=[dtva], id=[79db50ff-3a72-4427-8f51-dba808e1f336], type=[]
I 2026/01/20 13:19:10 serve.go:596: [WS] WebSocket connection attempt from [172.18.0.1:58370], URI: [/ws?app=dtva&id=b15dd580-63af-4d9b-8f8b-e366ac9247fb&type=filetree]
I 2026/01/20 13:19:10 serve.go:596: [WS] WebSocket connection attempt from [172.18.0.1:58374], URI: [/ws?app=dtva&id=b837d897-52bf-48ac-b244-0bd4faf19013&type=main]
I 2026/01/20 13:19:10 serve.go:675: [WS] WebSocket connected: app=[dtva], id=[7e13168b-21b5-40de-80fa-c88e88ed3745], type=[]
I 2026/01/20 13:19:10 serve.go:675: [WS] WebSocket connected: app=[dtva], id=[b15dd580-63af-4d9b-8f8b-e366ac9247fb], type=[filetree]
I 2026/01/20 13:19:10 serve.go:675: [WS] WebSocket connected: app=[dtva], id=[b837d897-52bf-48ac-b244-0bd4faf19013], type=[main]
I 2026/01/20 13:22:31 process.go:36: received os signal [terminated], exit kernel process now
I 2026/01/20 13:22:31 conf.go:807: exiting kernel [force=false, setCurrentWorkspace=true, execInstallPkg=1]
I 2026/01/20 13:22:31 database.go:1365: closed database
I 2026/01/20 13:22:31 conf.go:1277: cleared workspace temp
I 2026/01/20 13:22:32 sync.go:833: sync websocket closed
I 2026/01/20 13:22:32 conf.go:877: exited kernel
I 2026/01/20 13:22:33 working.go:180: 
      ___                                   ___           ___           ___
     /  /\        ___           ___        /__/\         /  /\         /__/\
    /  /:/_      /  /\         /__/|       \  \:\       /  /::\        \  \:\
   /  /:/ /\    /  /:/        |  |:|        \  \:\     /  /:/\:\        \  \:\
  /  /:/ /::\  /__/::\        |  |:|    ___  \  \:\   /  /:/~/::\   _____\__\:\
 /__/:/ /:/\:\ \__\/\:\__   __|__|:|   /__/\  \__\:\ /__/:/ /:/\:\ /__/::::::::\
 \  \:\/:/~/:/    \  \:\/\ /__/::::\   \  \:\ /  /:/ \  \:\/:/__\/ \  \:\~~\~~\/
  \  \::/ /:/      \__\::/    ~\~~\:\   \  \:\  /:/   \  \::/       \  \:\  ~~~
   \__\/ /:/       /__/:/       \  \:\   \  \:\/:/     \  \:\        \  \:\
     /__/:/        \__\/         \__\/    \  \::/       \  \:\        \  \:\
     \__\/                                 \__\/         \__\/         \__\/
I 2026/01/20 13:22:33 runtime.go:108: kernel is booting:
    * ver [3.4.2]
    * arch [arm64]
    * os [alpine]
    * pid [1]
    * runtime mode [prod]
    * working directory [/opt/siyuan]
    * read only [false]
    * container [docker]
    * database [ver=20220501]
    * workspace directory [/opt/siyuan/workspace]
I 2026/01/20 13:22:33 main.go:41: [BOOT] Boot() completed
I 2026/01/20 13:22:33 conf.go:129: loaded conf [/opt/siyuan/workspace/conf/conf.json]
I 2026/01/20 13:22:33 auth.go:137: Initialized 0 user accounts for login
I 2026/01/20 13:22:33 conf.go:627: Ollama API enabled (default)
    baseURL=http://ollama:11434
    timeout=60s
    proxy=
    model=llama3.2:3b
    maxTokens=4096
    temperature=1.0
    maxContexts=10
I 2026/01/20 13:22:33 runtime.go:160: use network proxy [system]
I 2026/01/20 13:22:33 main.go:45: [BOOT] InitConf() completed
I 2026/01/20 13:22:33 main.go:49: [BOOT] Server started in goroutine
I 2026/01/20 13:22:33 main.go:52: [BOOT] Starting InitAppearance()...
W 2026/01/20 13:22:33 ollama_setup.go:31: Ollama server not available at http://localhost:11434
I 2026/01/20 13:22:33 ollama_setup.go:32: To use Ollama AI, please install Ollama from https://ollama.ai and start the server
W 2026/01/20 13:22:33 ollama_setup.go:81: Ollama server not available: Get "http://localhost:11434/api/tags": dial tcp [::1]:11434: connect: connection refused (this is OK if Ollama is not running)
I 2026/01/20 13:22:33 serve.go:225: kernel [pid=1] http server [0.0.0.0:6806] is booting
I 2026/01/20 13:22:33 runtime.go:78: [BOOT] HookUILoaded started, waiting for UI connection...
I 2026/01/20 13:22:33 main.go:54: [BOOT] InitAppearance() completed
I 2026/01/20 13:22:33 main.go:56: [BOOT] Starting InitDatabase()...
I 2026/01/20 13:22:33 working.go:558: database [/opt/siyuan/workspace/temp/siyuan.db] size [8.75 MB]
I 2026/01/20 13:22:33 working.go:558: database [/opt/siyuan/workspace/temp/blocktree.db] size [675.84 kB]
I 2026/01/20 13:22:33 main.go:58: [BOOT] InitDatabase() completed
I 2026/01/20 13:22:33 main.go:60: [BOOT] Starting InitHistoryDatabase()...
I 2026/01/20 13:22:33 working.go:558: database [/opt/siyuan/workspace/temp/history.db] size [163.84 kB]
I 2026/01/20 13:22:33 main.go:62: [BOOT] InitHistoryDatabase() completed
I 2026/01/20 13:22:33 main.go:64: [BOOT] Starting InitAssetContentDatabase()...
I 2026/01/20 13:22:33 working.go:558: database [/opt/siyuan/workspace/temp/asset_content.db] size [24.58 kB]
I 2026/01/20 13:22:33 main.go:66: [BOOT] InitAssetContentDatabase() completed
I 2026/01/20 13:22:33 main.go:70: [BOOT] SQL settings configured
I 2026/01/20 13:22:33 main.go:72: [BOOT] Starting BootSyncData()...
I 2026/01/20 13:22:33 sync.go:126: [BOOT] BootSyncData() started
I 2026/01/20 13:22:33 sync.go:133: [BOOT] Sync.Perception is false, skipping WebSocket
I 2026/01/20 13:22:33 sync.go:136: [BOOT] Checking sync...
I 2026/01/20 13:22:33 sync.go:138: [BOOT] checkSync returned false, skipping sync
I 2026/01/20 13:22:33 main.go:74: [BOOT] BootSyncData() completed
I 2026/01/20 13:22:33 main.go:76: [BOOT] Starting InitBoxes()...
I 2026/01/20 13:22:33 conf.go:1055: [BOOT] InitBoxes() started
I 2026/01/20 13:22:33 conf.go:1058: [BOOT] Block count: 385, initialized: true
I 2026/01/20 13:22:33 conf.go:1061: [BOOT] Listing notebooks...
I 2026/01/20 13:22:33 conf.go:1089: [BOOT] Processing 2 opened boxes...
I 2026/01/20 13:22:33 conf.go:1091: [BOOT] Processing box [20251230113409-4y9ye0l]...
I 2026/01/20 13:22:33 conf.go:1091: [BOOT] Processing box [20260112212953-rsc8g7d]...
I 2026/01/20 13:22:33 conf.go:1101: tree/block count [3/385], notebooks [2]
I 2026/01/20 13:22:33 conf.go:1102: [BOOT] InitBoxes() completed
I 2026/01/20 13:22:33 main.go:78: [BOOT] InitBoxes() completed
I 2026/01/20 13:22:33 main.go:80: [BOOT] Starting LoadFlashcards()...
I 2026/01/20 13:22:33 main.go:82: [BOOT] LoadFlashcards() completed
I 2026/01/20 13:22:33 main.go:84: [BOOT] Starting LoadAssetsTexts()...
I 2026/01/20 13:22:33 main.go:86: [BOOT] LoadAssetsTexts() completed
I 2026/01/20 13:22:33 main.go:88: [BOOT] Setting booted flag...
I 2026/01/20 13:22:33 working.go:226: kernel booted
I 2026/01/20 13:22:33 main.go:90: [BOOT] Booted flag set
I 2026/01/20 13:22:33 main.go:92: [BOOT] All initialization completed successfully!
I 2026/01/20 13:22:33 font.go:57: loaded system fonts [0] in [0ms]
I 2026/01/20 13:22:33 box.go:77: auto stat [trees=3, blocks=385, dataSize=3.03 MB, assetsSize=2.89 MB]
I 2026/01/20 13:22:34 auth.go:137: Initialized 0 user accounts for login
W 2026/01/20 13:22:38 runtime.go:83: [BOOT] HookUILoaded timeout after 5 seconds, continuing anyway
I 2026/01/20 13:23:13 process.go:36: received os signal [terminated], exit kernel process now
I 2026/01/20 13:23:13 conf.go:807: exiting kernel [force=false, setCurrentWorkspace=true, execInstallPkg=1]
I 2026/01/20 13:23:13 database.go:1365: closed database
I 2026/01/20 13:23:13 conf.go:1277: cleared workspace temp
I 2026/01/20 13:23:14 sync.go:833: sync websocket closed
I 2026/01/20 13:23:14 conf.go:877: exited kernel
I 2026/01/20 13:23:15 working.go:180: 
      ___                                   ___           ___           ___
     /  /\        ___           ___        /__/\         /  /\         /__/\
    /  /:/_      /  /\         /__/|       \  \:\       /  /::\        \  \:\
   /  /:/ /\    /  /:/        |  |:|        \  \:\     /  /:/\:\        \  \:\
  /  /:/ /::\  /__/::\        |  |:|    ___  \  \:\   /  /:/~/::\   _____\__\:\
 /__/:/ /:/\:\ \__\/\:\__   __|__|:|   /__/\  \__\:\ /__/:/ /:/\:\ /__/::::::::\
 \  \:\/:/~/:/    \  \:\/\ /__/::::\   \  \:\ /  /:/ \  \:\/:/__\/ \  \:\~~\~~\/
  \  \::/ /:/      \__\::/    ~\~~\:\   \  \:\  /:/   \  \::/       \  \:\  ~~~
   \__\/ /:/       /__/:/       \  \:\   \  \:\/:/     \  \:\        \  \:\
     /__/:/        \__\/         \__\/    \  \::/       \  \:\        \  \:\
     \__\/                                 \__\/         \__\/         \__\/
I 2026/01/20 13:23:15 runtime.go:108: kernel is booting:
    * ver [3.4.2]
    * arch [arm64]
    * os [alpine]
    * pid [1]
    * runtime mode [prod]
    * working directory [/opt/siyuan]
    * read only [false]
    * container [docker]
    * database [ver=20220501]
    * workspace directory [/opt/siyuan/workspace]
I 2026/01/20 13:23:15 main.go:41: [BOOT] Boot() completed
I 2026/01/20 13:23:15 conf.go:129: loaded conf [/opt/siyuan/workspace/conf/conf.json]
I 2026/01/20 13:23:15 auth.go:137: Initialized 0 user accounts for login
I 2026/01/20 13:23:15 conf.go:627: Ollama API enabled (default)
    baseURL=http://ollama:11434
    timeout=60s
    proxy=
    model=llama3.2:3b
    maxTokens=4096
    temperature=1.0
    maxContexts=10
I 2026/01/20 13:23:15 runtime.go:160: use network proxy [system]
I 2026/01/20 13:23:15 main.go:45: [BOOT] InitConf() completed
I 2026/01/20 13:23:15 main.go:49: [BOOT] Server started in goroutine
I 2026/01/20 13:23:15 main.go:52: [BOOT] Starting InitAppearance()...
W 2026/01/20 13:23:15 ollama_setup.go:31: Ollama server not available at http://localhost:11434
I 2026/01/20 13:23:15 ollama_setup.go:32: To use Ollama AI, please install Ollama from https://ollama.ai and start the server
W 2026/01/20 13:23:15 ollama_setup.go:81: Ollama server not available: Get "http://localhost:11434/api/tags": dial tcp [::1]:11434: connect: connection refused (this is OK if Ollama is not running)
I 2026/01/20 13:23:15 serve.go:225: kernel [pid=1] http server [0.0.0.0:6806] is booting
I 2026/01/20 13:23:15 runtime.go:78: [BOOT] HookUILoaded started, waiting for UI connection...
I 2026/01/20 13:23:15 main.go:54: [BOOT] InitAppearance() completed
I 2026/01/20 13:23:15 main.go:56: [BOOT] Starting InitDatabase()...
I 2026/01/20 13:23:15 working.go:558: database [/opt/siyuan/workspace/temp/siyuan.db] size [8.75 MB]
I 2026/01/20 13:23:15 working.go:558: database [/opt/siyuan/workspace/temp/blocktree.db] size [675.84 kB]
I 2026/01/20 13:23:15 main.go:58: [BOOT] InitDatabase() completed
I 2026/01/20 13:23:15 main.go:60: [BOOT] Starting InitHistoryDatabase()...
I 2026/01/20 13:23:15 working.go:558: database [/opt/siyuan/workspace/temp/history.db] size [163.84 kB]
I 2026/01/20 13:23:15 main.go:62: [BOOT] InitHistoryDatabase() completed
I 2026/01/20 13:23:15 main.go:64: [BOOT] Starting InitAssetContentDatabase()...
I 2026/01/20 13:23:15 working.go:558: database [/opt/siyuan/workspace/temp/asset_content.db] size [24.58 kB]
I 2026/01/20 13:23:15 main.go:66: [BOOT] InitAssetContentDatabase() completed
I 2026/01/20 13:23:15 main.go:70: [BOOT] SQL settings configured
I 2026/01/20 13:23:15 main.go:72: [BOOT] Starting BootSyncData()...
I 2026/01/20 13:23:15 sync.go:126: [BOOT] BootSyncData() started
I 2026/01/20 13:23:15 sync.go:133: [BOOT] Sync.Perception is false, skipping WebSocket
I 2026/01/20 13:23:15 sync.go:136: [BOOT] Checking sync...
I 2026/01/20 13:23:15 sync.go:138: [BOOT] checkSync returned false, skipping sync
I 2026/01/20 13:23:15 main.go:74: [BOOT] BootSyncData() completed
I 2026/01/20 13:23:15 main.go:76: [BOOT] Starting InitBoxes()...
I 2026/01/20 13:23:15 conf.go:1055: [BOOT] InitBoxes() started
I 2026/01/20 13:23:15 conf.go:1058: [BOOT] Block count: 385, initialized: true
I 2026/01/20 13:23:15 conf.go:1061: [BOOT] Listing notebooks...
I 2026/01/20 13:23:15 conf.go:1089: [BOOT] Processing 2 opened boxes...
I 2026/01/20 13:23:15 conf.go:1091: [BOOT] Processing box [20251230113409-4y9ye0l]...
I 2026/01/20 13:23:15 conf.go:1091: [BOOT] Processing box [20260112212953-rsc8g7d]...
I 2026/01/20 13:23:15 conf.go:1101: tree/block count [3/385], notebooks [2]
I 2026/01/20 13:23:15 conf.go:1102: [BOOT] InitBoxes() completed
I 2026/01/20 13:23:15 main.go:78: [BOOT] InitBoxes() completed
I 2026/01/20 13:23:15 main.go:80: [BOOT] Starting LoadFlashcards()...
I 2026/01/20 13:23:15 main.go:82: [BOOT] LoadFlashcards() completed
I 2026/01/20 13:23:15 main.go:84: [BOOT] Starting LoadAssetsTexts()...
I 2026/01/20 13:23:15 main.go:86: [BOOT] LoadAssetsTexts() completed
I 2026/01/20 13:23:15 main.go:88: [BOOT] Setting booted flag...
I 2026/01/20 13:23:15 working.go:226: kernel booted
I 2026/01/20 13:23:15 main.go:90: [BOOT] Booted flag set
I 2026/01/20 13:23:15 main.go:92: [BOOT] All initialization completed successfully!
I 2026/01/20 13:23:15 font.go:57: loaded system fonts [0] in [0ms]
I 2026/01/20 13:23:15 box.go:77: auto stat [trees=3, blocks=385, dataSize=3.03 MB, assetsSize=2.89 MB]
I 2026/01/20 13:23:16 auth.go:137: Initialized 0 user accounts for login
W 2026/01/20 13:23:20 runtime.go:83: [BOOT] HookUILoaded timeout after 5 seconds, continuing anyway
I 2026/01/20 13:23:36 process.go:36: received os signal [terminated], exit kernel process now
I 2026/01/20 13:23:36 conf.go:807: exiting kernel [force=false, setCurrentWorkspace=true, execInstallPkg=1]
I 2026/01/20 13:23:37 database.go:1365: closed database
I 2026/01/20 13:23:37 conf.go:1277: cleared workspace temp
I 2026/01/20 13:23:37 sync.go:833: sync websocket closed
I 2026/01/20 13:23:38 conf.go:877: exited kernel
I 2026/01/20 13:23:38 working.go:180: 
      ___                                   ___           ___           ___
     /  /\        ___           ___        /__/\         /  /\         /__/\
    /  /:/_      /  /\         /__/|       \  \:\       /  /::\        \  \:\
   /  /:/ /\    /  /:/        |  |:|        \  \:\     /  /:/\:\        \  \:\
  /  /:/ /::\  /__/::\        |  |:|    ___  \  \:\   /  /:/~/::\   _____\__\:\
 /__/:/ /:/\:\ \__\/\:\__   __|__|:|   /__/\  \__\:\ /__/:/ /:/\:\ /__/::::::::\
 \  \:\/:/~/:/    \  \:\/\ /__/::::\   \  \:\ /  /:/ \  \:\/:/__\/ \  \:\~~\~~\/
  \  \::/ /:/      \__\::/    ~\~~\:\   \  \:\  /:/   \  \::/       \  \:\  ~~~
   \__\/ /:/       /__/:/       \  \:\   \  \:\/:/     \  \:\        \  \:\
     /__/:/        \__\/         \__\/    \  \::/       \  \:\        \  \:\
     \__\/                                 \__\/         \__\/         \__\/
I 2026/01/20 13:23:38 runtime.go:108: kernel is booting:
    * ver [3.4.2]
    * arch [arm64]
    * os [alpine]
    * pid [1]
    * runtime mode [prod]
    * working directory [/opt/siyuan]
    * read only [false]
    * container [docker]
    * database [ver=20220501]
    * workspace directory [/opt/siyuan/workspace]
I 2026/01/20 13:23:38 main.go:41: [BOOT] Boot() completed
I 2026/01/20 13:23:38 conf.go:129: loaded conf [/opt/siyuan/workspace/conf/conf.json]
I 2026/01/20 13:23:38 auth.go:137: Initialized 0 user accounts for login
I 2026/01/20 13:23:38 conf.go:627: Ollama API enabled (default)
    baseURL=http://ollama:11434
    timeout=60s
    proxy=
    model=llama3.2:3b
    maxTokens=4096
    temperature=1.0
    maxContexts=10
I 2026/01/20 13:23:38 runtime.go:160: use network proxy [system]
I 2026/01/20 13:23:38 main.go:45: [BOOT] InitConf() completed
I 2026/01/20 13:23:38 main.go:49: [BOOT] Server started in goroutine
I 2026/01/20 13:23:38 main.go:52: [BOOT] Starting InitAppearance()...
W 2026/01/20 13:23:38 ollama_setup.go:31: Ollama server not available at http://localhost:11434
I 2026/01/20 13:23:38 ollama_setup.go:32: To use Ollama AI, please install Ollama from https://ollama.ai and start the server
W 2026/01/20 13:23:38 ollama_setup.go:81: Ollama server not available: Get "http://localhost:11434/api/tags": dial tcp [::1]:11434: connect: connection refused (this is OK if Ollama is not running)
I 2026/01/20 13:23:38 serve.go:225: kernel [pid=1] http server [0.0.0.0:6806] is booting
I 2026/01/20 13:23:38 runtime.go:78: [BOOT] HookUILoaded started, waiting for UI connection...
I 2026/01/20 13:23:38 main.go:54: [BOOT] InitAppearance() completed
I 2026/01/20 13:23:38 main.go:56: [BOOT] Starting InitDatabase()...
I 2026/01/20 13:23:38 working.go:558: database [/opt/siyuan/workspace/temp/siyuan.db] size [8.75 MB]
I 2026/01/20 13:23:38 working.go:558: database [/opt/siyuan/workspace/temp/blocktree.db] size [675.84 kB]
I 2026/01/20 13:23:38 main.go:58: [BOOT] InitDatabase() completed
I 2026/01/20 13:23:38 main.go:60: [BOOT] Starting InitHistoryDatabase()...
I 2026/01/20 13:23:38 working.go:558: database [/opt/siyuan/workspace/temp/history.db] size [163.84 kB]
I 2026/01/20 13:23:38 main.go:62: [BOOT] InitHistoryDatabase() completed
I 2026/01/20 13:23:38 main.go:64: [BOOT] Starting InitAssetContentDatabase()...
I 2026/01/20 13:23:38 working.go:558: database [/opt/siyuan/workspace/temp/asset_content.db] size [24.58 kB]
I 2026/01/20 13:23:38 main.go:66: [BOOT] InitAssetContentDatabase() completed
I 2026/01/20 13:23:38 main.go:70: [BOOT] SQL settings configured
I 2026/01/20 13:23:38 main.go:72: [BOOT] Starting BootSyncData()...
I 2026/01/20 13:23:38 sync.go:126: [BOOT] BootSyncData() started
I 2026/01/20 13:23:38 sync.go:133: [BOOT] Sync.Perception is false, skipping WebSocket
I 2026/01/20 13:23:38 sync.go:136: [BOOT] Checking sync...
I 2026/01/20 13:23:38 sync.go:138: [BOOT] checkSync returned false, skipping sync
I 2026/01/20 13:23:38 main.go:74: [BOOT] BootSyncData() completed
I 2026/01/20 13:23:38 main.go:76: [BOOT] Starting InitBoxes()...
I 2026/01/20 13:23:38 conf.go:1055: [BOOT] InitBoxes() started
I 2026/01/20 13:23:38 conf.go:1058: [BOOT] Block count: 385, initialized: true
I 2026/01/20 13:23:38 conf.go:1061: [BOOT] Listing notebooks...
I 2026/01/20 13:23:38 conf.go:1089: [BOOT] Processing 2 opened boxes...
I 2026/01/20 13:23:38 conf.go:1091: [BOOT] Processing box [20251230113409-4y9ye0l]...
I 2026/01/20 13:23:38 conf.go:1091: [BOOT] Processing box [20260112212953-rsc8g7d]...
I 2026/01/20 13:23:38 conf.go:1101: tree/block count [3/385], notebooks [2]
I 2026/01/20 13:23:38 conf.go:1102: [BOOT] InitBoxes() completed
I 2026/01/20 13:23:38 main.go:78: [BOOT] InitBoxes() completed
I 2026/01/20 13:23:38 main.go:80: [BOOT] Starting LoadFlashcards()...
I 2026/01/20 13:23:38 main.go:82: [BOOT] LoadFlashcards() completed
I 2026/01/20 13:23:38 main.go:84: [BOOT] Starting LoadAssetsTexts()...
I 2026/01/20 13:23:38 main.go:86: [BOOT] LoadAssetsTexts() completed
I 2026/01/20 13:23:38 main.go:88: [BOOT] Setting booted flag...
I 2026/01/20 13:23:38 working.go:226: kernel booted
I 2026/01/20 13:23:38 main.go:90: [BOOT] Booted flag set
I 2026/01/20 13:23:38 main.go:92: [BOOT] All initialization completed successfully!
I 2026/01/20 13:23:38 font.go:57: loaded system fonts [0] in [0ms]
I 2026/01/20 13:23:38 box.go:77: auto stat [trees=3, blocks=385, dataSize=3.03 MB, assetsSize=2.89 MB]
I 2026/01/20 13:23:39 auth.go:137: Initialized 0 user accounts for login
W 2026/01/20 13:23:43 runtime.go:83: [BOOT] HookUILoaded timeout after 5 seconds, continuing anyway
I 2026/01/20 13:24:03 process.go:36: received os signal [terminated], exit kernel process now
I 2026/01/20 13:24:03 conf.go:807: exiting kernel [force=false, setCurrentWorkspace=true, execInstallPkg=1]
I 2026/01/20 13:24:03 database.go:1365: closed database
I 2026/01/20 13:24:03 conf.go:1277: cleared workspace temp
I 2026/01/20 13:24:03 sync.go:833: sync websocket closed
I 2026/01/20 13:24:04 conf.go:877: exited kernel
I 2026/01/20 13:24:04 working.go:180: 
      ___                                   ___           ___           ___
     /  /\        ___           ___        /__/\         /  /\         /__/\
    /  /:/_      /  /\         /__/|       \  \:\       /  /::\        \  \:\
   /  /:/ /\    /  /:/        |  |:|        \  \:\     /  /:/\:\        \  \:\
  /  /:/ /::\  /__/::\        |  |:|    ___  \  \:\   /  /:/~/::\   _____\__\:\
 /__/:/ /:/\:\ \__\/\:\__   __|__|:|   /__/\  \__\:\ /__/:/ /:/\:\ /__/::::::::\
 \  \:\/:/~/:/    \  \:\/\ /__/::::\   \  \:\ /  /:/ \  \:\/:/__\/ \  \:\~~\~~\/
  \  \::/ /:/      \__\::/    ~\~~\:\   \  \:\  /:/   \  \::/       \  \:\  ~~~
   \__\/ /:/       /__/:/       \  \:\   \  \:\/:/     \  \:\        \  \:\
     /__/:/        \__\/         \__\/    \  \::/       \  \:\        \  \:\
     \__\/                                 \__\/         \__\/         \__\/
I 2026/01/20 13:24:04 runtime.go:108: kernel is booting:
    * ver [3.4.2]
    * arch [arm64]
    * os [alpine]
    * pid [1]
    * runtime mode [prod]
    * working directory [/opt/siyuan]
    * read only [false]
    * container [docker]
    * database [ver=20220501]
    * workspace directory [/opt/siyuan/workspace]
I 2026/01/20 13:24:04 main.go:41: [BOOT] Boot() completed
I 2026/01/20 13:24:04 conf.go:129: loaded conf [/opt/siyuan/workspace/conf/conf.json]
I 2026/01/20 13:24:04 auth.go:137: Initialized 0 user accounts for login
W 2026/01/20 13:24:04 ollama_setup.go:31: Ollama server not available at http://localhost:11434
I 2026/01/20 13:24:04 ollama_setup.go:32: To use Ollama AI, please install Ollama from https://ollama.ai and start the server
I 2026/01/20 13:24:04 conf.go:627: Ollama API enabled (default)
    baseURL=http://ollama:11434
    timeout=60s
    proxy=
    model=llama3.2:3b
    maxTokens=4096
    temperature=1.0
    maxContexts=10
W 2026/01/20 13:24:04 ollama_setup.go:81: Ollama server not available: Get "http://localhost:11434/api/tags": dial tcp [::1]:11434: connect: connection refused (this is OK if Ollama is not running)
I 2026/01/20 13:24:04 runtime.go:160: use network proxy [system]
I 2026/01/20 13:24:04 main.go:45: [BOOT] InitConf() completed
I 2026/01/20 13:24:04 main.go:49: [BOOT] Server started in goroutine
I 2026/01/20 13:24:04 main.go:52: [BOOT] Starting InitAppearance()...
I 2026/01/20 13:24:04 serve.go:225: kernel [pid=1] http server [0.0.0.0:6806] is booting
I 2026/01/20 13:24:04 runtime.go:78: [BOOT] HookUILoaded started, waiting for UI connection...
I 2026/01/20 13:24:04 main.go:54: [BOOT] InitAppearance() completed
I 2026/01/20 13:24:04 main.go:56: [BOOT] Starting InitDatabase()...
I 2026/01/20 13:24:04 working.go:558: database [/opt/siyuan/workspace/temp/siyuan.db] size [8.75 MB]
I 2026/01/20 13:24:04 working.go:558: database [/opt/siyuan/workspace/temp/blocktree.db] size [675.84 kB]
I 2026/01/20 13:24:04 main.go:58: [BOOT] InitDatabase() completed
I 2026/01/20 13:24:04 main.go:60: [BOOT] Starting InitHistoryDatabase()...
I 2026/01/20 13:24:04 working.go:558: database [/opt/siyuan/workspace/temp/history.db] size [163.84 kB]
I 2026/01/20 13:24:04 main.go:62: [BOOT] InitHistoryDatabase() completed
I 2026/01/20 13:24:04 main.go:64: [BOOT] Starting InitAssetContentDatabase()...
I 2026/01/20 13:24:04 working.go:558: database [/opt/siyuan/workspace/temp/asset_content.db] size [24.58 kB]
I 2026/01/20 13:24:04 main.go:66: [BOOT] InitAssetContentDatabase() completed
I 2026/01/20 13:24:04 main.go:70: [BOOT] SQL settings configured
I 2026/01/20 13:24:04 main.go:72: [BOOT] Starting BootSyncData()...
I 2026/01/20 13:24:04 sync.go:126: [BOOT] BootSyncData() started
I 2026/01/20 13:24:04 sync.go:133: [BOOT] Sync.Perception is false, skipping WebSocket
I 2026/01/20 13:24:04 sync.go:136: [BOOT] Checking sync...
I 2026/01/20 13:24:04 sync.go:138: [BOOT] checkSync returned false, skipping sync
I 2026/01/20 13:24:04 main.go:74: [BOOT] BootSyncData() completed
I 2026/01/20 13:24:04 main.go:76: [BOOT] Starting InitBoxes()...
I 2026/01/20 13:24:04 conf.go:1055: [BOOT] InitBoxes() started
I 2026/01/20 13:24:04 conf.go:1058: [BOOT] Block count: 385, initialized: true
I 2026/01/20 13:24:04 conf.go:1061: [BOOT] Listing notebooks...
I 2026/01/20 13:24:04 conf.go:1089: [BOOT] Processing 2 opened boxes...
I 2026/01/20 13:24:04 conf.go:1091: [BOOT] Processing box [20251230113409-4y9ye0l]...
I 2026/01/20 13:24:04 conf.go:1091: [BOOT] Processing box [20260112212953-rsc8g7d]...
I 2026/01/20 13:24:04 conf.go:1101: tree/block count [3/385], notebooks [2]
I 2026/01/20 13:24:04 conf.go:1102: [BOOT] InitBoxes() completed
I 2026/01/20 13:24:04 main.go:78: [BOOT] InitBoxes() completed
I 2026/01/20 13:24:04 main.go:80: [BOOT] Starting LoadFlashcards()...
I 2026/01/20 13:24:04 main.go:82: [BOOT] LoadFlashcards() completed
I 2026/01/20 13:24:04 main.go:84: [BOOT] Starting LoadAssetsTexts()...
I 2026/01/20 13:24:04 main.go:86: [BOOT] LoadAssetsTexts() completed
I 2026/01/20 13:24:04 main.go:88: [BOOT] Setting booted flag...
I 2026/01/20 13:24:04 working.go:226: kernel booted
I 2026/01/20 13:24:04 main.go:90: [BOOT] Booted flag set
I 2026/01/20 13:24:04 main.go:92: [BOOT] All initialization completed successfully!
I 2026/01/20 13:24:04 font.go:57: loaded system fonts [0] in [0ms]
I 2026/01/20 13:24:04 box.go:77: auto stat [trees=3, blocks=385, dataSize=3.03 MB, assetsSize=2.89 MB]
I 2026/01/20 13:24:05 auth.go:137: Initialized 0 user accounts for login
W 2026/01/20 13:24:09 runtime.go:83: [BOOT] HookUILoaded timeout after 5 seconds, continuing anyway
E 2026/01/20 13:25:07 rhy.go:50: get version info failed: Get "https://siyuan-sync.b3logfile.com/apis/siyuan/version?ver=3.4.2": net/http: request canceled while waiting for connection (Client.Timeout exceeded while awaiting headers)
I 2026/01/20 13:25:07 cron.go:61: cron job [[RefreshRhyResultJob]] executed
I 2026/01/20 13:25:13 process.go:36: received os signal [terminated], exit kernel process now
I 2026/01/20 13:25:13 conf.go:807: exiting kernel [force=false, setCurrentWorkspace=true, execInstallPkg=1]
I 2026/01/20 13:25:13 database.go:1365: closed database
I 2026/01/20 13:25:13 conf.go:1277: cleared workspace temp
I 2026/01/20 13:25:14 sync.go:833: sync websocket closed
I 2026/01/20 13:25:14 conf.go:877: exited kernel
I 2026/01/20 13:25:14 working.go:180: 
      ___                                   ___           ___           ___
     /  /\        ___           ___        /__/\         /  /\         /__/\
    /  /:/_      /  /\         /__/|       \  \:\       /  /::\        \  \:\
   /  /:/ /\    /  /:/        |  |:|        \  \:\     /  /:/\:\        \  \:\
  /  /:/ /::\  /__/::\        |  |:|    ___  \  \:\   /  /:/~/::\   _____\__\:\
 /__/:/ /:/\:\ \__\/\:\__   __|__|:|   /__/\  \__\:\ /__/:/ /:/\:\ /__/::::::::\
 \  \:\/:/~/:/    \  \:\/\ /__/::::\   \  \:\ /  /:/ \  \:\/:/__\/ \  \:\~~\~~\/
  \  \::/ /:/      \__\::/    ~\~~\:\   \  \:\  /:/   \  \::/       \  \:\  ~~~
   \__\/ /:/       /__/:/       \  \:\   \  \:\/:/     \  \:\        \  \:\
     /__/:/        \__\/         \__\/    \  \::/       \  \:\        \  \:\
     \__\/                                 \__\/         \__\/         \__\/
I 2026/01/20 13:25:14 runtime.go:108: kernel is booting:
    * ver [3.4.2]
    * arch [arm64]
    * os [alpine]
    * pid [1]
    * runtime mode [prod]
    * working directory [/opt/siyuan]
    * read only [false]
    * container [docker]
    * database [ver=20220501]
    * workspace directory [/opt/siyuan/workspace]
I 2026/01/20 13:25:14 main.go:41: [BOOT] Boot() completed
I 2026/01/20 13:25:14 conf.go:129: loaded conf [/opt/siyuan/workspace/conf/conf.json]
I 2026/01/20 13:25:14 auth.go:137: Initialized 0 user accounts for login
I 2026/01/20 13:25:14 conf.go:627: Ollama API enabled (default)
    baseURL=http://ollama:11434
    timeout=60s
    proxy=
    model=llama3.2:3b
    maxTokens=4096
    temperature=1.0
    maxContexts=10
I 2026/01/20 13:25:14 runtime.go:160: use network proxy [system]
I 2026/01/20 13:25:14 main.go:45: [BOOT] InitConf() completed
I 2026/01/20 13:25:14 main.go:49: [BOOT] Server started in goroutine
I 2026/01/20 13:25:14 main.go:52: [BOOT] Starting InitAppearance()...
W 2026/01/20 13:25:14 ollama_setup.go:31: Ollama server not available at http://localhost:11434
I 2026/01/20 13:25:14 ollama_setup.go:32: To use Ollama AI, please install Ollama from https://ollama.ai and start the server
W 2026/01/20 13:25:14 ollama_setup.go:81: Ollama server not available: Get "http://localhost:11434/api/tags": dial tcp [::1]:11434: connect: connection refused (this is OK if Ollama is not running)
I 2026/01/20 13:25:15 serve.go:225: kernel [pid=1] http server [0.0.0.0:6806] is booting
I 2026/01/20 13:25:15 runtime.go:78: [BOOT] HookUILoaded started, waiting for UI connection...
I 2026/01/20 13:25:15 main.go:54: [BOOT] InitAppearance() completed
I 2026/01/20 13:25:15 main.go:56: [BOOT] Starting InitDatabase()...
I 2026/01/20 13:25:15 working.go:558: database [/opt/siyuan/workspace/temp/siyuan.db] size [8.75 MB]
I 2026/01/20 13:25:15 working.go:558: database [/opt/siyuan/workspace/temp/blocktree.db] size [675.84 kB]
I 2026/01/20 13:25:15 main.go:58: [BOOT] InitDatabase() completed
I 2026/01/20 13:25:15 main.go:60: [BOOT] Starting InitHistoryDatabase()...
I 2026/01/20 13:25:15 working.go:558: database [/opt/siyuan/workspace/temp/history.db] size [163.84 kB]
I 2026/01/20 13:25:15 main.go:62: [BOOT] InitHistoryDatabase() completed
I 2026/01/20 13:25:15 main.go:64: [BOOT] Starting InitAssetContentDatabase()...
I 2026/01/20 13:25:15 working.go:558: database [/opt/siyuan/workspace/temp/asset_content.db] size [24.58 kB]
I 2026/01/20 13:25:15 main.go:66: [BOOT] InitAssetContentDatabase() completed
I 2026/01/20 13:25:15 main.go:70: [BOOT] SQL settings configured
I 2026/01/20 13:25:15 main.go:72: [BOOT] Starting BootSyncData()...
I 2026/01/20 13:25:15 sync.go:126: [BOOT] BootSyncData() started
I 2026/01/20 13:25:15 sync.go:133: [BOOT] Sync.Perception is false, skipping WebSocket
I 2026/01/20 13:25:15 sync.go:136: [BOOT] Checking sync...
I 2026/01/20 13:25:15 sync.go:138: [BOOT] checkSync returned false, skipping sync
I 2026/01/20 13:25:15 main.go:74: [BOOT] BootSyncData() completed
I 2026/01/20 13:25:15 main.go:76: [BOOT] Starting InitBoxes()...
I 2026/01/20 13:25:15 conf.go:1055: [BOOT] InitBoxes() started
I 2026/01/20 13:25:15 conf.go:1058: [BOOT] Block count: 385, initialized: true
I 2026/01/20 13:25:15 conf.go:1061: [BOOT] Listing notebooks...
I 2026/01/20 13:25:15 conf.go:1089: [BOOT] Processing 2 opened boxes...
I 2026/01/20 13:25:15 conf.go:1091: [BOOT] Processing box [20251230113409-4y9ye0l]...
I 2026/01/20 13:25:15 conf.go:1091: [BOOT] Processing box [20260112212953-rsc8g7d]...
I 2026/01/20 13:25:15 conf.go:1101: tree/block count [3/385], notebooks [2]
I 2026/01/20 13:25:15 conf.go:1102: [BOOT] InitBoxes() completed
I 2026/01/20 13:25:15 main.go:78: [BOOT] InitBoxes() completed
I 2026/01/20 13:25:15 main.go:80: [BOOT] Starting LoadFlashcards()...
I 2026/01/20 13:25:15 main.go:82: [BOOT] LoadFlashcards() completed
I 2026/01/20 13:25:15 main.go:84: [BOOT] Starting LoadAssetsTexts()...
I 2026/01/20 13:25:15 main.go:86: [BOOT] LoadAssetsTexts() completed
I 2026/01/20 13:25:15 main.go:88: [BOOT] Setting booted flag...
I 2026/01/20 13:25:15 working.go:226: kernel booted
I 2026/01/20 13:25:15 main.go:90: [BOOT] Booted flag set
I 2026/01/20 13:25:15 main.go:92: [BOOT] All initialization completed successfully!
I 2026/01/20 13:25:15 font.go:57: loaded system fonts [0] in [0ms]
I 2026/01/20 13:25:15 box.go:77: auto stat [trees=3, blocks=385, dataSize=3.03 MB, assetsSize=2.89 MB]
I 2026/01/20 13:25:16 auth.go:137: Initialized 0 user accounts for login
W 2026/01/20 13:25:20 runtime.go:83: [BOOT] HookUILoaded timeout after 5 seconds, continuing anyway
E 2026/01/20 13:26:18 rhy.go:50: get version info failed: Get "https://siyuan-sync.b3logfile.com/apis/siyuan/version?ver=3.4.2": net/http: request canceled while waiting for connection (Client.Timeout exceeded while awaiting headers)
I 2026/01/20 13:26:18 cron.go:61: cron job [[RefreshRhyResultJob]] executed
E 2026/01/20 13:27:21 rhy.go:50: get version info failed: Get "https://siyuan-sync.b3logfile.com/apis/siyuan/version?ver=3.4.2": context deadline exceeded (Client.Timeout exceeded while awaiting headers)
E 2026/01/20 13:27:21 updater.go:239: get announcement failed: Get "https://siyuan-sync.b3logfile.com/apis/siyuan/version?ver=3.4.2": context deadline exceeded (Client.Timeout exceeded while awaiting headers)
E 2026/01/20 13:27:21 cloud_service.go:326: write announcement conf failed: open /home/siyuan/.config/siyuan/announcement.json: no such file or directory
E 2026/01/20 13:28:24 rhy.go:50: get version info failed: Get "https://siyuan-sync.b3logfile.com/apis/siyuan/version?ver=3.4.2": net/http: request canceled while waiting for connection (Client.Timeout exceeded while awaiting headers)
I 2026/01/20 14:14:39 serve.go:596: [WS] WebSocket connection attempt from [172.18.0.1:57542], URI: [/ws?app=4wxpf&id=7a9e8825-789a-4156-8bec-0f32360d505c]
I 2026/01/20 14:14:39 serve.go:675: [WS] WebSocket connected: app=[4wxpf], id=[7a9e8825-789a-4156-8bec-0f32360d505c], type=[]
I 2026/01/20 14:14:39 serve.go:596: [WS] WebSocket connection attempt from [172.18.0.1:57552], URI: [/ws?app=4wxpf&id=bfd47b3c-c6d8-480f-8fc2-0e3faf46c189&type=main]
I 2026/01/20 14:14:39 serve.go:675: [WS] WebSocket connected: app=[4wxpf], id=[bfd47b3c-c6d8-480f-8fc2-0e3faf46c189], type=[main]
I 2026/01/20 14:14:39 serve.go:596: [WS] WebSocket connection attempt from [172.18.0.1:57554], URI: [/ws?app=4wxpf&id=739031f9-1ca5-4703-ba50-b0a090083e3d]
I 2026/01/20 14:14:39 serve.go:675: [WS] WebSocket connected: app=[4wxpf], id=[739031f9-1ca5-4703-ba50-b0a090083e3d], type=[]
I 2026/01/20 14:14:39 serve.go:596: [WS] WebSocket connection attempt from [172.18.0.1:57580], URI: [/ws?app=4wxpf&id=54ed2498-c4b3-4512-b5d0-e509fcd7c696&type=filetree]
I 2026/01/20 14:14:39 serve.go:596: [WS] WebSocket connection attempt from [172.18.0.1:57570], URI: [/ws?app=4wxpf&id=59b1fbcc-12cf-47d3-9c8c-8c9014d02694&type=protyle]
I 2026/01/20 14:14:39 serve.go:675: [WS] WebSocket connected: app=[4wxpf], id=[59b1fbcc-12cf-47d3-9c8c-8c9014d02694], type=[protyle]
I 2026/01/20 14:14:39 serve.go:675: [WS] WebSocket connected: app=[4wxpf], id=[54ed2498-c4b3-4512-b5d0-e509fcd7c696], type=[filetree]
I 2026/01/20 14:15:03 serve.go:596: [WS] WebSocket connection attempt from [172.18.0.1:62964], URI: [/ws?app=dtva&id=df718879-8e5a-4643-9f0b-c651c1db898b&type=protyle]
I 2026/01/20 14:15:03 serve.go:675: [WS] WebSocket connected: app=[dtva], id=[df718879-8e5a-4643-9f0b-c651c1db898b], type=[protyle]
I 2026/01/20 14:15:03 serve.go:596: [WS] WebSocket connection attempt from [172.18.0.1:62922], URI: [/ws?app=dtva&id=79db50ff-3a72-4427-8f51-dba808e1f336]
I 2026/01/20 14:15:03 serve.go:675: [WS] WebSocket connected: app=[dtva], id=[79db50ff-3a72-4427-8f51-dba808e1f336], type=[]
I 2026/01/20 14:15:03 serve.go:596: [WS] WebSocket connection attempt from [172.18.0.1:62972], URI: [/ws?app=dtva&id=b837d897-52bf-48ac-b244-0bd4faf19013&type=main]
I 2026/01/20 14:15:03 serve.go:675: [WS] WebSocket connected: app=[dtva], id=[b837d897-52bf-48ac-b244-0bd4faf19013], type=[main]
I 2026/01/20 14:15:03 serve.go:596: [WS] WebSocket connection attempt from [172.18.0.1:62938], URI: [/ws?app=dtva&id=7e13168b-21b5-40de-80fa-c88e88ed3745]
I 2026/01/20 14:15:03 serve.go:596: [WS] WebSocket connection attempt from [172.18.0.1:62948], URI: [/ws?app=dtva&id=b15dd580-63af-4d9b-8f8b-e366ac9247fb&type=filetree]
I 2026/01/20 14:15:03 serve.go:675: [WS] WebSocket connected: app=[dtva], id=[b15dd580-63af-4d9b-8f8b-e366ac9247fb], type=[filetree]
I 2026/01/20 14:15:03 serve.go:675: [WS] WebSocket connected: app=[dtva], id=[7e13168b-21b5-40de-80fa-c88e88ed3745], type=[]
I 2026/01/20 14:15:10 serve.go:596: [WS] WebSocket connection attempt from [172.18.0.1:55206], URI: [/ws?app=siyuan&id=auth]
W 2026/01/20 14:15:10 serve.go:609: [WS] session data is nil
I 2026/01/20 14:15:10 serve.go:645: [WS] allowing auth page connection
I 2026/01/20 14:15:10 serve.go:675: [WS] WebSocket connected: app=[siyuan], id=[auth], type=[]
I 2026/01/20 14:15:20 session.go:137: Login attempt: username=[sha], account found=[false]
W 2026/01/20 14:15:20 session.go:143: invalid username [sha] [ip=172.18.0.1:55194] - account not found
I 2026/01/20 14:15:29 session.go:137: Login attempt: username=[sha], account found=[false]
W 2026/01/20 14:15:29 session.go:143: invalid username [sha] [ip=172.18.0.1:55194] - account not found
I 2026/01/20 14:17:09 process.go:36: received os signal [terminated], exit kernel process now
I 2026/01/20 14:17:09 conf.go:807: exiting kernel [force=false, setCurrentWorkspace=true, execInstallPkg=1]
I 2026/01/20 14:17:09 database.go:1365: closed database
I 2026/01/20 14:17:09 conf.go:1277: cleared workspace temp
I 2026/01/20 14:17:10 sync.go:833: sync websocket closed
I 2026/01/20 14:17:10 conf.go:877: exited kernel
I 2026/01/20 14:17:11 working.go:180: 
      ___                                   ___           ___           ___
     /  /\        ___           ___        /__/\         /  /\         /__/\
    /  /:/_      /  /\         /__/|       \  \:\       /  /::\        \  \:\
   /  /:/ /\    /  /:/        |  |:|        \  \:\     /  /:/\:\        \  \:\
  /  /:/ /::\  /__/::\        |  |:|    ___  \  \:\   /  /:/~/::\   _____\__\:\
 /__/:/ /:/\:\ \__\/\:\__   __|__|:|   /__/\  \__\:\ /__/:/ /:/\:\ /__/::::::::\
 \  \:\/:/~/:/    \  \:\/\ /__/::::\   \  \:\ /  /:/ \  \:\/:/__\/ \  \:\~~\~~\/
  \  \::/ /:/      \__\::/    ~\~~\:\   \  \:\  /:/   \  \::/       \  \:\  ~~~
   \__\/ /:/       /__/:/       \  \:\   \  \:\/:/     \  \:\        \  \:\
     /__/:/        \__\/         \__\/    \  \::/       \  \:\        \  \:\
     \__\/                                 \__\/         \__\/         \__\/
I 2026/01/20 14:17:11 runtime.go:108: kernel is booting:
    * ver [3.4.2]
    * arch [arm64]
    * os [alpine]
    * pid [1]
    * runtime mode [prod]
    * working directory [/opt/siyuan]
    * read only [false]
    * container [docker]
    * database [ver=20220501]
    * workspace directory [/opt/siyuan/workspace]
I 2026/01/20 14:17:11 main.go:41: [BOOT] Boot() completed
I 2026/01/20 14:17:11 conf.go:129: loaded conf [/opt/siyuan/workspace/conf/conf.json]
I 2026/01/20 14:17:11 auth.go:137: Initialized 0 user accounts for login
I 2026/01/20 14:17:11 conf.go:627: Ollama API enabled (default)
    baseURL=http://ollama:11434
    timeout=60s
    proxy=
    model=llama3.2:3b
    maxTokens=4096
    temperature=1.0
    maxContexts=10
I 2026/01/20 14:17:11 runtime.go:160: use network proxy [system]
I 2026/01/20 14:17:11 main.go:45: [BOOT] InitConf() completed
I 2026/01/20 14:17:11 main.go:49: [BOOT] Server started in goroutine
I 2026/01/20 14:17:11 main.go:52: [BOOT] Starting InitAppearance()...
W 2026/01/20 14:17:11 ollama_setup.go:31: Ollama server not available at http://localhost:11434
I 2026/01/20 14:17:11 ollama_setup.go:32: To use Ollama AI, please install Ollama from https://ollama.ai and start the server
W 2026/01/20 14:17:11 ollama_setup.go:81: Ollama server not available: Get "http://localhost:11434/api/tags": dial tcp [::1]:11434: connect: connection refused (this is OK if Ollama is not running)
I 2026/01/20 14:17:11 serve.go:225: kernel [pid=1] http server [0.0.0.0:6806] is booting
I 2026/01/20 14:17:11 runtime.go:78: [BOOT] HookUILoaded started, waiting for UI connection...
I 2026/01/20 14:17:11 main.go:54: [BOOT] InitAppearance() completed
I 2026/01/20 14:17:11 main.go:56: [BOOT] Starting InitDatabase()...
I 2026/01/20 14:17:11 working.go:558: database [/opt/siyuan/workspace/temp/siyuan.db] size [8.75 MB]
I 2026/01/20 14:17:11 working.go:558: database [/opt/siyuan/workspace/temp/blocktree.db] size [675.84 kB]
I 2026/01/20 14:17:11 main.go:58: [BOOT] InitDatabase() completed
I 2026/01/20 14:17:11 main.go:60: [BOOT] Starting InitHistoryDatabase()...
I 2026/01/20 14:17:11 working.go:558: database [/opt/siyuan/workspace/temp/history.db] size [163.84 kB]
I 2026/01/20 14:17:11 main.go:62: [BOOT] InitHistoryDatabase() completed
I 2026/01/20 14:17:11 main.go:64: [BOOT] Starting InitAssetContentDatabase()...
I 2026/01/20 14:17:11 working.go:558: database [/opt/siyuan/workspace/temp/asset_content.db] size [24.58 kB]
I 2026/01/20 14:17:11 main.go:66: [BOOT] InitAssetContentDatabase() completed
I 2026/01/20 14:17:11 main.go:70: [BOOT] SQL settings configured
I 2026/01/20 14:17:11 main.go:72: [BOOT] Starting BootSyncData()...
I 2026/01/20 14:17:11 sync.go:126: [BOOT] BootSyncData() started
I 2026/01/20 14:17:11 sync.go:133: [BOOT] Sync.Perception is false, skipping WebSocket
I 2026/01/20 14:17:11 sync.go:136: [BOOT] Checking sync...
I 2026/01/20 14:17:11 sync.go:138: [BOOT] checkSync returned false, skipping sync
I 2026/01/20 14:17:11 main.go:74: [BOOT] BootSyncData() completed
I 2026/01/20 14:17:11 main.go:76: [BOOT] Starting InitBoxes()...
I 2026/01/20 14:17:11 conf.go:1055: [BOOT] InitBoxes() started
I 2026/01/20 14:17:11 conf.go:1058: [BOOT] Block count: 385, initialized: true
I 2026/01/20 14:17:11 conf.go:1061: [BOOT] Listing notebooks...
I 2026/01/20 14:17:11 conf.go:1089: [BOOT] Processing 2 opened boxes...
I 2026/01/20 14:17:11 conf.go:1091: [BOOT] Processing box [20251230113409-4y9ye0l]...
I 2026/01/20 14:17:11 conf.go:1091: [BOOT] Processing box [20260112212953-rsc8g7d]...
I 2026/01/20 14:17:11 conf.go:1101: tree/block count [3/385], notebooks [2]
I 2026/01/20 14:17:11 conf.go:1102: [BOOT] InitBoxes() completed
I 2026/01/20 14:17:11 main.go:78: [BOOT] InitBoxes() completed
I 2026/01/20 14:17:11 main.go:80: [BOOT] Starting LoadFlashcards()...
I 2026/01/20 14:17:11 main.go:82: [BOOT] LoadFlashcards() completed
I 2026/01/20 14:17:11 main.go:84: [BOOT] Starting LoadAssetsTexts()...
I 2026/01/20 14:17:11 main.go:86: [BOOT] LoadAssetsTexts() completed
I 2026/01/20 14:17:11 main.go:88: [BOOT] Setting booted flag...
I 2026/01/20 14:17:11 working.go:226: kernel booted
I 2026/01/20 14:17:11 main.go:90: [BOOT] Booted flag set
I 2026/01/20 14:17:11 main.go:92: [BOOT] All initialization completed successfully!
I 2026/01/20 14:17:11 font.go:57: loaded system fonts [0] in [0ms]
I 2026/01/20 14:17:11 box.go:77: auto stat [trees=3, blocks=385, dataSize=3.03 MB, assetsSize=2.89 MB]
I 2026/01/20 14:17:12 auth.go:137: Initialized 0 user accounts for login
W 2026/01/20 14:17:16 runtime.go:83: [BOOT] HookUILoaded timeout after 5 seconds, continuing anyway
I 2026/01/20 14:17:33 process.go:36: received os signal [terminated], exit kernel process now
I 2026/01/20 14:17:33 conf.go:807: exiting kernel [force=false, setCurrentWorkspace=true, execInstallPkg=1]
I 2026/01/20 14:17:33 database.go:1365: closed database
I 2026/01/20 14:17:33 conf.go:1277: cleared workspace temp
I 2026/01/20 14:17:33 sync.go:833: sync websocket closed
I 2026/01/20 14:17:34 conf.go:877: exited kernel
I 2026/01/20 14:17:34 working.go:180: 
      ___                                   ___           ___           ___
     /  /\        ___           ___        /__/\         /  /\         /__/\
    /  /:/_      /  /\         /__/|       \  \:\       /  /::\        \  \:\
   /  /:/ /\    /  /:/        |  |:|        \  \:\     /  /:/\:\        \  \:\
  /  /:/ /::\  /__/::\        |  |:|    ___  \  \:\   /  /:/~/::\   _____\__\:\
 /__/:/ /:/\:\ \__\/\:\__   __|__|:|   /__/\  \__\:\ /__/:/ /:/\:\ /__/::::::::\
 \  \:\/:/~/:/    \  \:\/\ /__/::::\   \  \:\ /  /:/ \  \:\/:/__\/ \  \:\~~\~~\/
  \  \::/ /:/      \__\::/    ~\~~\:\   \  \:\  /:/   \  \::/       \  \:\  ~~~
   \__\/ /:/       /__/:/       \  \:\   \  \:\/:/     \  \:\        \  \:\
     /__/:/        \__\/         \__\/    \  \::/       \  \:\        \  \:\
     \__\/                                 \__\/         \__\/         \__\/
I 2026/01/20 14:17:34 runtime.go:108: kernel is booting:
    * ver [3.4.2]
    * arch [arm64]
    * os [alpine]
    * pid [1]
    * runtime mode [prod]
    * working directory [/opt/siyuan]
    * read only [false]
    * container [docker]
    * database [ver=20220501]
    * workspace directory [/opt/siyuan/workspace]
I 2026/01/20 14:17:34 main.go:41: [BOOT] Boot() completed
I 2026/01/20 14:17:34 conf.go:129: loaded conf [/opt/siyuan/workspace/conf/conf.json]
I 2026/01/20 14:17:34 auth.go:137: Initialized 0 user accounts for login
I 2026/01/20 14:17:34 conf.go:627: Ollama API enabled (default)
    baseURL=http://ollama:11434
    timeout=60s
    proxy=
    model=llama3.2:3b
    maxTokens=4096
    temperature=1.0
    maxContexts=10
I 2026/01/20 14:17:34 runtime.go:160: use network proxy [system]
I 2026/01/20 14:17:34 main.go:45: [BOOT] InitConf() completed
I 2026/01/20 14:17:34 main.go:49: [BOOT] Server started in goroutine
I 2026/01/20 14:17:34 main.go:52: [BOOT] Starting InitAppearance()...
W 2026/01/20 14:17:34 ollama_setup.go:31: Ollama server not available at http://localhost:11434
I 2026/01/20 14:17:34 ollama_setup.go:32: To use Ollama AI, please install Ollama from https://ollama.ai and start the server
W 2026/01/20 14:17:34 ollama_setup.go:81: Ollama server not available: Get "http://localhost:11434/api/tags": dial tcp [::1]:11434: connect: connection refused (this is OK if Ollama is not running)
I 2026/01/20 14:17:34 serve.go:225: kernel [pid=1] http server [0.0.0.0:6806] is booting
I 2026/01/20 14:17:34 runtime.go:78: [BOOT] HookUILoaded started, waiting for UI connection...
I 2026/01/20 14:17:35 main.go:54: [BOOT] InitAppearance() completed
I 2026/01/20 14:17:35 main.go:56: [BOOT] Starting InitDatabase()...
I 2026/01/20 14:17:35 working.go:558: database [/opt/siyuan/workspace/temp/siyuan.db] size [8.75 MB]
I 2026/01/20 14:17:35 working.go:558: database [/opt/siyuan/workspace/temp/blocktree.db] size [675.84 kB]
I 2026/01/20 14:17:35 main.go:58: [BOOT] InitDatabase() completed
I 2026/01/20 14:17:35 main.go:60: [BOOT] Starting InitHistoryDatabase()...
I 2026/01/20 14:17:35 working.go:558: database [/opt/siyuan/workspace/temp/history.db] size [163.84 kB]
I 2026/01/20 14:17:35 main.go:62: [BOOT] InitHistoryDatabase() completed
I 2026/01/20 14:17:35 main.go:64: [BOOT] Starting InitAssetContentDatabase()...
I 2026/01/20 14:17:35 working.go:558: database [/opt/siyuan/workspace/temp/asset_content.db] size [24.58 kB]
I 2026/01/20 14:17:35 main.go:66: [BOOT] InitAssetContentDatabase() completed
I 2026/01/20 14:17:35 main.go:70: [BOOT] SQL settings configured
I 2026/01/20 14:17:35 main.go:72: [BOOT] Starting BootSyncData()...
I 2026/01/20 14:17:35 sync.go:126: [BOOT] BootSyncData() started
I 2026/01/20 14:17:35 sync.go:133: [BOOT] Sync.Perception is false, skipping WebSocket
I 2026/01/20 14:17:35 sync.go:136: [BOOT] Checking sync...
I 2026/01/20 14:17:35 sync.go:138: [BOOT] checkSync returned false, skipping sync
I 2026/01/20 14:17:35 main.go:74: [BOOT] BootSyncData() completed
I 2026/01/20 14:17:35 main.go:76: [BOOT] Starting InitBoxes()...
I 2026/01/20 14:17:35 conf.go:1055: [BOOT] InitBoxes() started
I 2026/01/20 14:17:35 conf.go:1058: [BOOT] Block count: 385, initialized: true
I 2026/01/20 14:17:35 conf.go:1061: [BOOT] Listing notebooks...
I 2026/01/20 14:17:35 conf.go:1089: [BOOT] Processing 2 opened boxes...
I 2026/01/20 14:17:35 conf.go:1091: [BOOT] Processing box [20251230113409-4y9ye0l]...
I 2026/01/20 14:17:35 conf.go:1091: [BOOT] Processing box [20260112212953-rsc8g7d]...
I 2026/01/20 14:17:35 conf.go:1101: tree/block count [3/385], notebooks [2]
I 2026/01/20 14:17:35 conf.go:1102: [BOOT] InitBoxes() completed
I 2026/01/20 14:17:35 main.go:78: [BOOT] InitBoxes() completed
I 2026/01/20 14:17:35 main.go:80: [BOOT] Starting LoadFlashcards()...
I 2026/01/20 14:17:35 main.go:82: [BOOT] LoadFlashcards() completed
I 2026/01/20 14:17:35 main.go:84: [BOOT] Starting LoadAssetsTexts()...
I 2026/01/20 14:17:35 main.go:86: [BOOT] LoadAssetsTexts() completed
I 2026/01/20 14:17:35 main.go:88: [BOOT] Setting booted flag...
I 2026/01/20 14:17:35 working.go:226: kernel booted
I 2026/01/20 14:17:35 main.go:90: [BOOT] Booted flag set
I 2026/01/20 14:17:35 main.go:92: [BOOT] All initialization completed successfully!
I 2026/01/20 14:17:35 font.go:57: loaded system fonts [0] in [0ms]
I 2026/01/20 14:17:35 box.go:77: auto stat [trees=3, blocks=385, dataSize=3.03 MB, assetsSize=2.89 MB]
I 2026/01/20 14:17:35 auth.go:137: Initialized 0 user accounts for login
W 2026/01/20 14:17:39 runtime.go:83: [BOOT] HookUILoaded timeout after 5 seconds, continuing anyway
E 2026/01/20 14:18:38 rhy.go:50: get version info failed: Get "https://siyuan-sync.b3logfile.com/apis/siyuan/version?ver=3.4.2": net/http: request canceled while waiting for connection (Client.Timeout exceeded while awaiting headers)
I 2026/01/20 14:18:38 cron.go:61: cron job [[RefreshRhyResultJob]] executed
E 2026/01/20 14:19:41 rhy.go:50: get version info failed: Get "https://siyuan-sync.b3logfile.com/apis/siyuan/version?ver=3.4.2": net/http: request canceled while waiting for connection (Client.Timeout exceeded while awaiting headers)
E 2026/01/20 14:19:41 updater.go:239: get announcement failed: Get "https://siyuan-sync.b3logfile.com/apis/siyuan/version?ver=3.4.2": net/http: request canceled while waiting for connection (Client.Timeout exceeded while awaiting headers)
E 2026/01/20 14:19:41 cloud_service.go:326: write announcement conf failed: open /home/siyuan/.config/siyuan/announcement.json: no such file or directory
E 2026/01/20 14:20:44 rhy.go:50: get version info failed: Get "https://siyuan-sync.b3logfile.com/apis/siyuan/version?ver=3.4.2": context deadline exceeded
I 2026/01/20 14:24:45 serve.go:596: [WS] WebSocket connection attempt from [172.18.0.1:65264], URI: [/ws?app=4wxpf&id=54ed2498-c4b3-4512-b5d0-e509fcd7c696&type=filetree]
I 2026/01/20 14:24:45 serve.go:596: [WS] WebSocket connection attempt from [172.18.0.1:65304], URI: [/ws?app=4wxpf&id=bfd47b3c-c6d8-480f-8fc2-0e3faf46c189&type=main]
I 2026/01/20 14:24:45 serve.go:675: [WS] WebSocket connected: app=[4wxpf], id=[bfd47b3c-c6d8-480f-8fc2-0e3faf46c189], type=[main]
I 2026/01/20 14:24:45 serve.go:596: [WS] WebSocket connection attempt from [172.18.0.1:65298], URI: [/ws?app=4wxpf&id=59b1fbcc-12cf-47d3-9c8c-8c9014d02694&type=protyle]
I 2026/01/20 14:24:45 serve.go:675: [WS] WebSocket connected: app=[4wxpf], id=[59b1fbcc-12cf-47d3-9c8c-8c9014d02694], type=[protyle]
I 2026/01/20 14:24:45 serve.go:596: [WS] WebSocket connection attempt from [172.18.0.1:65272], URI: [/ws?app=4wxpf&id=7a9e8825-789a-4156-8bec-0f32360d505c]
I 2026/01/20 14:24:45 serve.go:596: [WS] WebSocket connection attempt from [172.18.0.1:65286], URI: [/ws?app=4wxpf&id=739031f9-1ca5-4703-ba50-b0a090083e3d]
I 2026/01/20 14:24:45 serve.go:675: [WS] WebSocket connected: app=[4wxpf], id=[54ed2498-c4b3-4512-b5d0-e509fcd7c696], type=[filetree]
I 2026/01/20 14:24:45 serve.go:675: [WS] WebSocket connected: app=[4wxpf], id=[7a9e8825-789a-4156-8bec-0f32360d505c], type=[]
I 2026/01/20 14:24:45 serve.go:675: [WS] WebSocket connected: app=[4wxpf], id=[739031f9-1ca5-4703-ba50-b0a090083e3d], type=[]
I 2026/01/20 14:24:55 session.go:137: Login attempt: username=[sha], account found=[false]
W 2026/01/20 14:24:55 session.go:143: invalid username [sha] [ip=172.18.0.1:64574] - account not found
I 2026/01/20 14:26:44 process.go:36: received os signal [terminated], exit kernel process now
I 2026/01/20 14:26:44 conf.go:807: exiting kernel [force=false, setCurrentWorkspace=true, execInstallPkg=1]
I 2026/01/20 14:26:44 database.go:1365: closed database
I 2026/01/20 14:26:44 conf.go:1277: cleared workspace temp
I 2026/01/20 14:26:44 sync.go:833: sync websocket closed
I 2026/01/20 14:26:45 conf.go:877: exited kernel
I 2026/01/20 14:26:45 working.go:180: 
      ___                                   ___           ___           ___
     /  /\        ___           ___        /__/\         /  /\         /__/\
    /  /:/_      /  /\         /__/|       \  \:\       /  /::\        \  \:\
   /  /:/ /\    /  /:/        |  |:|        \  \:\     /  /:/\:\        \  \:\
  /  /:/ /::\  /__/::\        |  |:|    ___  \  \:\   /  /:/~/::\   _____\__\:\
 /__/:/ /:/\:\ \__\/\:\__   __|__|:|   /__/\  \__\:\ /__/:/ /:/\:\ /__/::::::::\
 \  \:\/:/~/:/    \  \:\/\ /__/::::\   \  \:\ /  /:/ \  \:\/:/__\/ \  \:\~~\~~\/
  \  \::/ /:/      \__\::/    ~\~~\:\   \  \:\  /:/   \  \::/       \  \:\  ~~~
   \__\/ /:/       /__/:/       \  \:\   \  \:\/:/     \  \:\        \  \:\
     /__/:/        \__\/         \__\/    \  \::/       \  \:\        \  \:\
     \__\/                                 \__\/         \__\/         \__\/
I 2026/01/20 14:26:45 runtime.go:108: kernel is booting:
    * ver [3.4.2]
    * arch [arm64]
    * os [alpine]
    * pid [1]
    * runtime mode [prod]
    * working directory [/opt/siyuan]
    * read only [false]
    * container [docker]
    * database [ver=20220501]
    * workspace directory [/opt/siyuan/workspace]
I 2026/01/20 14:26:45 main.go:41: [BOOT] Boot() completed
I 2026/01/20 14:26:45 conf.go:129: loaded conf [/opt/siyuan/workspace/conf/conf.json]
I 2026/01/20 14:26:45 auth.go:137: Initialized 0 user accounts for login
I 2026/01/20 14:26:45 conf.go:627: Ollama API enabled (default)
    baseURL=http://ollama:11434
    timeout=60s
    proxy=
    model=llama3.2:3b
    maxTokens=4096
    temperature=1.0
    maxContexts=10
I 2026/01/20 14:26:45 runtime.go:160: use network proxy [system]
I 2026/01/20 14:26:45 main.go:45: [BOOT] InitConf() completed
I 2026/01/20 14:26:45 main.go:49: [BOOT] Server started in goroutine
I 2026/01/20 14:26:45 main.go:52: [BOOT] Starting InitAppearance()...
W 2026/01/20 14:26:45 ollama_setup.go:31: Ollama server not available at http://localhost:11434
I 2026/01/20 14:26:45 ollama_setup.go:32: To use Ollama AI, please install Ollama from https://ollama.ai and start the server
W 2026/01/20 14:26:45 ollama_setup.go:81: Ollama server not available: Get "http://localhost:11434/api/tags": dial tcp [::1]:11434: connect: connection refused (this is OK if Ollama is not running)
I 2026/01/20 14:26:45 serve.go:225: kernel [pid=1] http server [0.0.0.0:6806] is booting
I 2026/01/20 14:26:45 runtime.go:78: [BOOT] HookUILoaded started, waiting for UI connection...
I 2026/01/20 14:26:45 main.go:54: [BOOT] InitAppearance() completed
I 2026/01/20 14:26:45 main.go:56: [BOOT] Starting InitDatabase()...
I 2026/01/20 14:26:45 working.go:558: database [/opt/siyuan/workspace/temp/siyuan.db] size [8.75 MB]
I 2026/01/20 14:26:45 working.go:558: database [/opt/siyuan/workspace/temp/blocktree.db] size [675.84 kB]
I 2026/01/20 14:26:45 main.go:58: [BOOT] InitDatabase() completed
I 2026/01/20 14:26:45 main.go:60: [BOOT] Starting InitHistoryDatabase()...
I 2026/01/20 14:26:45 working.go:558: database [/opt/siyuan/workspace/temp/history.db] size [163.84 kB]
I 2026/01/20 14:26:45 main.go:62: [BOOT] InitHistoryDatabase() completed
I 2026/01/20 14:26:45 main.go:64: [BOOT] Starting InitAssetContentDatabase()...
I 2026/01/20 14:26:45 working.go:558: database [/opt/siyuan/workspace/temp/asset_content.db] size [24.58 kB]
I 2026/01/20 14:26:45 main.go:66: [BOOT] InitAssetContentDatabase() completed
I 2026/01/20 14:26:45 main.go:70: [BOOT] SQL settings configured
I 2026/01/20 14:26:45 main.go:72: [BOOT] Starting BootSyncData()...
I 2026/01/20 14:26:45 sync.go:126: [BOOT] BootSyncData() started
I 2026/01/20 14:26:45 sync.go:133: [BOOT] Sync.Perception is false, skipping WebSocket
I 2026/01/20 14:26:45 sync.go:136: [BOOT] Checking sync...
I 2026/01/20 14:26:45 sync.go:138: [BOOT] checkSync returned false, skipping sync
I 2026/01/20 14:26:45 main.go:74: [BOOT] BootSyncData() completed
I 2026/01/20 14:26:45 main.go:76: [BOOT] Starting InitBoxes()...
I 2026/01/20 14:26:45 conf.go:1055: [BOOT] InitBoxes() started
I 2026/01/20 14:26:45 conf.go:1058: [BOOT] Block count: 385, initialized: true
I 2026/01/20 14:26:45 conf.go:1061: [BOOT] Listing notebooks...
I 2026/01/20 14:26:45 conf.go:1089: [BOOT] Processing 2 opened boxes...
I 2026/01/20 14:26:45 conf.go:1091: [BOOT] Processing box [20251230113409-4y9ye0l]...
I 2026/01/20 14:26:45 conf.go:1091: [BOOT] Processing box [20260112212953-rsc8g7d]...
I 2026/01/20 14:26:45 conf.go:1101: tree/block count [3/385], notebooks [2]
I 2026/01/20 14:26:45 conf.go:1102: [BOOT] InitBoxes() completed
I 2026/01/20 14:26:45 main.go:78: [BOOT] InitBoxes() completed
I 2026/01/20 14:26:45 main.go:80: [BOOT] Starting LoadFlashcards()...
I 2026/01/20 14:26:45 main.go:82: [BOOT] LoadFlashcards() completed
I 2026/01/20 14:26:45 main.go:84: [BOOT] Starting LoadAssetsTexts()...
I 2026/01/20 14:26:45 main.go:86: [BOOT] LoadAssetsTexts() completed
I 2026/01/20 14:26:45 main.go:88: [BOOT] Setting booted flag...
I 2026/01/20 14:26:45 working.go:226: kernel booted
I 2026/01/20 14:26:45 main.go:90: [BOOT] Booted flag set
I 2026/01/20 14:26:45 main.go:92: [BOOT] All initialization completed successfully!
I 2026/01/20 14:26:45 font.go:57: loaded system fonts [0] in [0ms]
I 2026/01/20 14:26:45 box.go:77: auto stat [trees=3, blocks=385, dataSize=3.03 MB, assetsSize=2.89 MB]
I 2026/01/20 14:26:46 auth.go:137: Initialized 0 user accounts for login
W 2026/01/20 14:26:50 runtime.go:83: [BOOT] HookUILoaded timeout after 5 seconds, continuing anyway
I 2026/01/20 14:27:24 process.go:36: received os signal [terminated], exit kernel process now
I 2026/01/20 14:27:24 conf.go:807: exiting kernel [force=false, setCurrentWorkspace=true, execInstallPkg=1]
I 2026/01/20 14:27:24 database.go:1365: closed database
I 2026/01/20 14:27:24 conf.go:1277: cleared workspace temp
I 2026/01/20 14:27:24 sync.go:833: sync websocket closed
I 2026/01/20 14:27:25 conf.go:877: exited kernel
I 2026/01/20 14:27:25 working.go:180: 
      ___                                   ___           ___           ___
     /  /\        ___           ___        /__/\         /  /\         /__/\
    /  /:/_      /  /\         /__/|       \  \:\       /  /::\        \  \:\
   /  /:/ /\    /  /:/        |  |:|        \  \:\     /  /:/\:\        \  \:\
  /  /:/ /::\  /__/::\        |  |:|    ___  \  \:\   /  /:/~/::\   _____\__\:\
 /__/:/ /:/\:\ \__\/\:\__   __|__|:|   /__/\  \__\:\ /__/:/ /:/\:\ /__/::::::::\
 \  \:\/:/~/:/    \  \:\/\ /__/::::\   \  \:\ /  /:/ \  \:\/:/__\/ \  \:\~~\~~\/
  \  \::/ /:/      \__\::/    ~\~~\:\   \  \:\  /:/   \  \::/       \  \:\  ~~~
   \__\/ /:/       /__/:/       \  \:\   \  \:\/:/     \  \:\        \  \:\
     /__/:/        \__\/         \__\/    \  \::/       \  \:\        \  \:\
     \__\/                                 \__\/         \__\/         \__\/
I 2026/01/20 14:27:25 runtime.go:108: kernel is booting:
    * ver [3.4.2]
    * arch [arm64]
    * os [alpine]
    * pid [1]
    * runtime mode [prod]
    * working directory [/opt/siyuan]
    * read only [false]
    * container [docker]
    * database [ver=20220501]
    * workspace directory [/opt/siyuan/workspace]
I 2026/01/20 14:27:25 main.go:41: [BOOT] Boot() completed
I 2026/01/20 14:27:25 conf.go:129: loaded conf [/opt/siyuan/workspace/conf/conf.json]
I 2026/01/20 14:27:25 auth.go:137: Initialized 0 user accounts for login
I 2026/01/20 14:27:25 conf.go:627: Ollama API enabled (default)
    baseURL=http://ollama:11434
    timeout=60s
    proxy=
    model=llama3.2:3b
    maxTokens=4096
    temperature=1.0
    maxContexts=10
W 2026/01/20 14:27:25 ollama_setup.go:31: Ollama server not available at http://localhost:11434
I 2026/01/20 14:27:25 ollama_setup.go:32: To use Ollama AI, please install Ollama from https://ollama.ai and start the server
I 2026/01/20 14:27:25 runtime.go:160: use network proxy [system]
I 2026/01/20 14:27:25 main.go:45: [BOOT] InitConf() completed
I 2026/01/20 14:27:25 main.go:49: [BOOT] Server started in goroutine
I 2026/01/20 14:27:25 main.go:52: [BOOT] Starting InitAppearance()...
W 2026/01/20 14:27:25 ollama_setup.go:81: Ollama server not available: Get "http://localhost:11434/api/tags": dial tcp [::1]:11434: connect: connection refused (this is OK if Ollama is not running)
I 2026/01/20 14:27:25 serve.go:225: kernel [pid=1] http server [0.0.0.0:6806] is booting
I 2026/01/20 14:27:25 runtime.go:78: [BOOT] HookUILoaded started, waiting for UI connection...
I 2026/01/20 14:27:25 main.go:54: [BOOT] InitAppearance() completed
I 2026/01/20 14:27:25 main.go:56: [BOOT] Starting InitDatabase()...
I 2026/01/20 14:27:25 working.go:558: database [/opt/siyuan/workspace/temp/siyuan.db] size [8.75 MB]
I 2026/01/20 14:27:25 working.go:558: database [/opt/siyuan/workspace/temp/blocktree.db] size [675.84 kB]
I 2026/01/20 14:27:25 main.go:58: [BOOT] InitDatabase() completed
I 2026/01/20 14:27:25 main.go:60: [BOOT] Starting InitHistoryDatabase()...
I 2026/01/20 14:27:25 working.go:558: database [/opt/siyuan/workspace/temp/history.db] size [163.84 kB]
I 2026/01/20 14:27:25 main.go:62: [BOOT] InitHistoryDatabase() completed
I 2026/01/20 14:27:25 main.go:64: [BOOT] Starting InitAssetContentDatabase()...
I 2026/01/20 14:27:25 working.go:558: database [/opt/siyuan/workspace/temp/asset_content.db] size [24.58 kB]
I 2026/01/20 14:27:25 main.go:66: [BOOT] InitAssetContentDatabase() completed
I 2026/01/20 14:27:25 main.go:70: [BOOT] SQL settings configured
I 2026/01/20 14:27:25 main.go:72: [BOOT] Starting BootSyncData()...
I 2026/01/20 14:27:25 sync.go:126: [BOOT] BootSyncData() started
I 2026/01/20 14:27:25 sync.go:133: [BOOT] Sync.Perception is false, skipping WebSocket
I 2026/01/20 14:27:25 sync.go:136: [BOOT] Checking sync...
I 2026/01/20 14:27:25 sync.go:138: [BOOT] checkSync returned false, skipping sync
I 2026/01/20 14:27:25 main.go:74: [BOOT] BootSyncData() completed
I 2026/01/20 14:27:25 main.go:76: [BOOT] Starting InitBoxes()...
I 2026/01/20 14:27:25 conf.go:1055: [BOOT] InitBoxes() started
I 2026/01/20 14:27:25 conf.go:1058: [BOOT] Block count: 385, initialized: true
I 2026/01/20 14:27:25 conf.go:1061: [BOOT] Listing notebooks...
I 2026/01/20 14:27:25 conf.go:1089: [BOOT] Processing 2 opened boxes...
I 2026/01/20 14:27:25 conf.go:1091: [BOOT] Processing box [20251230113409-4y9ye0l]...
I 2026/01/20 14:27:25 conf.go:1091: [BOOT] Processing box [20260112212953-rsc8g7d]...
I 2026/01/20 14:27:25 conf.go:1101: tree/block count [3/385], notebooks [2]
I 2026/01/20 14:27:25 conf.go:1102: [BOOT] InitBoxes() completed
I 2026/01/20 14:27:25 main.go:78: [BOOT] InitBoxes() completed
I 2026/01/20 14:27:25 main.go:80: [BOOT] Starting LoadFlashcards()...
I 2026/01/20 14:27:25 main.go:82: [BOOT] LoadFlashcards() completed
I 2026/01/20 14:27:25 main.go:84: [BOOT] Starting LoadAssetsTexts()...
I 2026/01/20 14:27:25 main.go:86: [BOOT] LoadAssetsTexts() completed
I 2026/01/20 14:27:25 main.go:88: [BOOT] Setting booted flag...
I 2026/01/20 14:27:25 working.go:226: kernel booted
I 2026/01/20 14:27:25 main.go:90: [BOOT] Booted flag set
I 2026/01/20 14:27:25 main.go:92: [BOOT] All initialization completed successfully!
I 2026/01/20 14:27:25 font.go:57: loaded system fonts [0] in [0ms]
I 2026/01/20 14:27:26 box.go:77: auto stat [trees=3, blocks=385, dataSize=3.03 MB, assetsSize=2.89 MB]
I 2026/01/20 14:27:26 auth.go:137: Initialized 0 user accounts for login
W 2026/01/20 14:27:30 runtime.go:83: [BOOT] HookUILoaded timeout after 5 seconds, continuing anyway
I 2026/01/20 14:27:43 process.go:36: received os signal [terminated], exit kernel process now
I 2026/01/20 14:27:43 conf.go:807: exiting kernel [force=false, setCurrentWorkspace=true, execInstallPkg=1]
I 2026/01/20 14:27:44 database.go:1365: closed database
I 2026/01/20 14:27:44 conf.go:1277: cleared workspace temp
I 2026/01/20 14:27:44 sync.go:833: sync websocket closed
I 2026/01/20 14:27:45 conf.go:877: exited kernel
I 2026/01/20 14:27:45 working.go:180: 
      ___                                   ___           ___           ___
     /  /\        ___           ___        /__/\         /  /\         /__/\
    /  /:/_      /  /\         /__/|       \  \:\       /  /::\        \  \:\
   /  /:/ /\    /  /:/        |  |:|        \  \:\     /  /:/\:\        \  \:\
  /  /:/ /::\  /__/::\        |  |:|    ___  \  \:\   /  /:/~/::\   _____\__\:\
 /__/:/ /:/\:\ \__\/\:\__   __|__|:|   /__/\  \__\:\ /__/:/ /:/\:\ /__/::::::::\
 \  \:\/:/~/:/    \  \:\/\ /__/::::\   \  \:\ /  /:/ \  \:\/:/__\/ \  \:\~~\~~\/
  \  \::/ /:/      \__\::/    ~\~~\:\   \  \:\  /:/   \  \::/       \  \:\  ~~~
   \__\/ /:/       /__/:/       \  \:\   \  \:\/:/     \  \:\        \  \:\
     /__/:/        \__\/         \__\/    \  \::/       \  \:\        \  \:\
     \__\/                                 \__\/         \__\/         \__\/
I 2026/01/20 14:27:45 runtime.go:108: kernel is booting:
    * ver [3.4.2]
    * arch [arm64]
    * os [alpine]
    * pid [1]
    * runtime mode [prod]
    * working directory [/opt/siyuan]
    * read only [false]
    * container [docker]
    * database [ver=20220501]
    * workspace directory [/opt/siyuan/workspace]
I 2026/01/20 14:27:45 main.go:41: [BOOT] Boot() completed
I 2026/01/20 14:27:45 conf.go:129: loaded conf [/opt/siyuan/workspace/conf/conf.json]
I 2026/01/20 14:27:45 auth.go:137: Initialized 0 user accounts for login
I 2026/01/20 14:27:45 conf.go:627: Ollama API enabled (default)
    baseURL=http://ollama:11434
    timeout=60s
    proxy=
    model=llama3.2:3b
    maxTokens=4096
    temperature=1.0
    maxContexts=10
I 2026/01/20 14:27:45 runtime.go:160: use network proxy [system]
I 2026/01/20 14:27:45 main.go:45: [BOOT] InitConf() completed
I 2026/01/20 14:27:45 main.go:49: [BOOT] Server started in goroutine
I 2026/01/20 14:27:45 main.go:52: [BOOT] Starting InitAppearance()...
W 2026/01/20 14:27:45 ollama_setup.go:31: Ollama server not available at http://localhost:11434
I 2026/01/20 14:27:45 ollama_setup.go:32: To use Ollama AI, please install Ollama from https://ollama.ai and start the server
W 2026/01/20 14:27:45 ollama_setup.go:81: Ollama server not available: Get "http://localhost:11434/api/tags": dial tcp [::1]:11434: connect: connection refused (this is OK if Ollama is not running)
I 2026/01/20 14:27:45 serve.go:225: kernel [pid=1] http server [0.0.0.0:6806] is booting
I 2026/01/20 14:27:45 runtime.go:78: [BOOT] HookUILoaded started, waiting for UI connection...
I 2026/01/20 14:27:45 main.go:54: [BOOT] InitAppearance() completed
I 2026/01/20 14:27:45 main.go:56: [BOOT] Starting InitDatabase()...
I 2026/01/20 14:27:45 working.go:558: database [/opt/siyuan/workspace/temp/siyuan.db] size [8.75 MB]
I 2026/01/20 14:27:45 working.go:558: database [/opt/siyuan/workspace/temp/blocktree.db] size [675.84 kB]
I 2026/01/20 14:27:45 main.go:58: [BOOT] InitDatabase() completed
I 2026/01/20 14:27:45 main.go:60: [BOOT] Starting InitHistoryDatabase()...
I 2026/01/20 14:27:45 working.go:558: database [/opt/siyuan/workspace/temp/history.db] size [163.84 kB]
I 2026/01/20 14:27:45 main.go:62: [BOOT] InitHistoryDatabase() completed
I 2026/01/20 14:27:45 main.go:64: [BOOT] Starting InitAssetContentDatabase()...
I 2026/01/20 14:27:45 working.go:558: database [/opt/siyuan/workspace/temp/asset_content.db] size [24.58 kB]
I 2026/01/20 14:27:45 main.go:66: [BOOT] InitAssetContentDatabase() completed
I 2026/01/20 14:27:45 main.go:70: [BOOT] SQL settings configured
I 2026/01/20 14:27:45 main.go:72: [BOOT] Starting BootSyncData()...
I 2026/01/20 14:27:45 sync.go:126: [BOOT] BootSyncData() started
I 2026/01/20 14:27:45 sync.go:133: [BOOT] Sync.Perception is false, skipping WebSocket
I 2026/01/20 14:27:45 sync.go:136: [BOOT] Checking sync...
I 2026/01/20 14:27:45 sync.go:138: [BOOT] checkSync returned false, skipping sync
I 2026/01/20 14:27:45 main.go:74: [BOOT] BootSyncData() completed
I 2026/01/20 14:27:45 main.go:76: [BOOT] Starting InitBoxes()...
I 2026/01/20 14:27:45 conf.go:1055: [BOOT] InitBoxes() started
I 2026/01/20 14:27:45 conf.go:1058: [BOOT] Block count: 385, initialized: true
I 2026/01/20 14:27:45 conf.go:1061: [BOOT] Listing notebooks...
I 2026/01/20 14:27:45 conf.go:1089: [BOOT] Processing 2 opened boxes...
I 2026/01/20 14:27:45 conf.go:1091: [BOOT] Processing box [20251230113409-4y9ye0l]...
I 2026/01/20 14:27:45 conf.go:1091: [BOOT] Processing box [20260112212953-rsc8g7d]...
I 2026/01/20 14:27:45 conf.go:1101: tree/block count [3/385], notebooks [2]
I 2026/01/20 14:27:45 conf.go:1102: [BOOT] InitBoxes() completed
I 2026/01/20 14:27:45 main.go:78: [BOOT] InitBoxes() completed
I 2026/01/20 14:27:45 main.go:80: [BOOT] Starting LoadFlashcards()...
I 2026/01/20 14:27:45 main.go:82: [BOOT] LoadFlashcards() completed
I 2026/01/20 14:27:45 main.go:84: [BOOT] Starting LoadAssetsTexts()...
I 2026/01/20 14:27:45 main.go:86: [BOOT] LoadAssetsTexts() completed
I 2026/01/20 14:27:45 main.go:88: [BOOT] Setting booted flag...
I 2026/01/20 14:27:45 working.go:226: kernel booted
I 2026/01/20 14:27:45 main.go:90: [BOOT] Booted flag set
I 2026/01/20 14:27:45 main.go:92: [BOOT] All initialization completed successfully!
I 2026/01/20 14:27:45 font.go:57: loaded system fonts [0] in [0ms]
I 2026/01/20 14:27:45 box.go:77: auto stat [trees=3, blocks=385, dataSize=3.03 MB, assetsSize=2.89 MB]
I 2026/01/20 14:27:46 auth.go:137: Initialized 0 user accounts for login
W 2026/01/20 14:27:50 runtime.go:83: [BOOT] HookUILoaded timeout after 5 seconds, continuing anyway
I 2026/01/20 14:28:07 process.go:36: received os signal [terminated], exit kernel process now
I 2026/01/20 14:28:07 conf.go:807: exiting kernel [force=false, setCurrentWorkspace=true, execInstallPkg=1]
I 2026/01/20 14:28:07 database.go:1365: closed database
I 2026/01/20 14:28:07 conf.go:1277: cleared workspace temp
I 2026/01/20 14:28:07 sync.go:833: sync websocket closed
I 2026/01/20 14:28:08 conf.go:877: exited kernel
I 2026/01/20 14:28:08 working.go:180: 
      ___                                   ___           ___           ___
     /  /\        ___           ___        /__/\         /  /\         /__/\
    /  /:/_      /  /\         /__/|       \  \:\       /  /::\        \  \:\
   /  /:/ /\    /  /:/        |  |:|        \  \:\     /  /:/\:\        \  \:\
  /  /:/ /::\  /__/::\        |  |:|    ___  \  \:\   /  /:/~/::\   _____\__\:\
 /__/:/ /:/\:\ \__\/\:\__   __|__|:|   /__/\  \__\:\ /__/:/ /:/\:\ /__/::::::::\
 \  \:\/:/~/:/    \  \:\/\ /__/::::\   \  \:\ /  /:/ \  \:\/:/__\/ \  \:\~~\~~\/
  \  \::/ /:/      \__\::/    ~\~~\:\   \  \:\  /:/   \  \::/       \  \:\  ~~~
   \__\/ /:/       /__/:/       \  \:\   \  \:\/:/     \  \:\        \  \:\
     /__/:/        \__\/         \__\/    \  \::/       \  \:\        \  \:\
     \__\/                                 \__\/         \__\/         \__\/
I 2026/01/20 14:28:08 runtime.go:108: kernel is booting:
    * ver [3.4.2]
    * arch [arm64]
    * os [alpine]
    * pid [1]
    * runtime mode [prod]
    * working directory [/opt/siyuan]
    * read only [false]
    * container [docker]
    * database [ver=20220501]
    * workspace directory [/opt/siyuan/workspace]
I 2026/01/20 14:28:08 main.go:41: [BOOT] Boot() completed
I 2026/01/20 14:28:08 conf.go:129: loaded conf [/opt/siyuan/workspace/conf/conf.json]
I 2026/01/20 14:28:08 auth.go:137: Initialized 0 user accounts for login
I 2026/01/20 14:28:08 conf.go:627: Ollama API enabled (default)
    baseURL=http://ollama:11434
    timeout=60s
    proxy=
    model=llama3.2:3b
    maxTokens=4096
    temperature=1.0
    maxContexts=10
I 2026/01/20 14:28:08 runtime.go:160: use network proxy [system]
I 2026/01/20 14:28:08 main.go:45: [BOOT] InitConf() completed
I 2026/01/20 14:28:08 main.go:49: [BOOT] Server started in goroutine
I 2026/01/20 14:28:08 main.go:52: [BOOT] Starting InitAppearance()...
W 2026/01/20 14:28:08 ollama_setup.go:31: Ollama server not available at http://localhost:11434
I 2026/01/20 14:28:08 ollama_setup.go:32: To use Ollama AI, please install Ollama from https://ollama.ai and start the server
W 2026/01/20 14:28:08 ollama_setup.go:81: Ollama server not available: Get "http://localhost:11434/api/tags": dial tcp [::1]:11434: connect: connection refused (this is OK if Ollama is not running)
I 2026/01/20 14:28:08 serve.go:225: kernel [pid=1] http server [0.0.0.0:6806] is booting
I 2026/01/20 14:28:08 runtime.go:78: [BOOT] HookUILoaded started, waiting for UI connection...
I 2026/01/20 14:28:09 main.go:54: [BOOT] InitAppearance() completed
I 2026/01/20 14:28:09 main.go:56: [BOOT] Starting InitDatabase()...
I 2026/01/20 14:28:09 working.go:558: database [/opt/siyuan/workspace/temp/siyuan.db] size [8.75 MB]
I 2026/01/20 14:28:09 working.go:558: database [/opt/siyuan/workspace/temp/blocktree.db] size [675.84 kB]
I 2026/01/20 14:28:09 main.go:58: [BOOT] InitDatabase() completed
I 2026/01/20 14:28:09 main.go:60: [BOOT] Starting InitHistoryDatabase()...
I 2026/01/20 14:28:09 working.go:558: database [/opt/siyuan/workspace/temp/history.db] size [163.84 kB]
I 2026/01/20 14:28:09 main.go:62: [BOOT] InitHistoryDatabase() completed
I 2026/01/20 14:28:09 main.go:64: [BOOT] Starting InitAssetContentDatabase()...
I 2026/01/20 14:28:09 working.go:558: database [/opt/siyuan/workspace/temp/asset_content.db] size [24.58 kB]
I 2026/01/20 14:28:09 main.go:66: [BOOT] InitAssetContentDatabase() completed
I 2026/01/20 14:28:09 main.go:70: [BOOT] SQL settings configured
I 2026/01/20 14:28:09 main.go:72: [BOOT] Starting BootSyncData()...
I 2026/01/20 14:28:09 sync.go:126: [BOOT] BootSyncData() started
I 2026/01/20 14:28:09 sync.go:133: [BOOT] Sync.Perception is false, skipping WebSocket
I 2026/01/20 14:28:09 sync.go:136: [BOOT] Checking sync...
I 2026/01/20 14:28:09 sync.go:138: [BOOT] checkSync returned false, skipping sync
I 2026/01/20 14:28:09 main.go:74: [BOOT] BootSyncData() completed
I 2026/01/20 14:28:09 main.go:76: [BOOT] Starting InitBoxes()...
I 2026/01/20 14:28:09 conf.go:1055: [BOOT] InitBoxes() started
I 2026/01/20 14:28:09 conf.go:1058: [BOOT] Block count: 385, initialized: true
I 2026/01/20 14:28:09 conf.go:1061: [BOOT] Listing notebooks...
I 2026/01/20 14:28:09 conf.go:1089: [BOOT] Processing 2 opened boxes...
I 2026/01/20 14:28:09 conf.go:1091: [BOOT] Processing box [20251230113409-4y9ye0l]...
I 2026/01/20 14:28:09 conf.go:1091: [BOOT] Processing box [20260112212953-rsc8g7d]...
I 2026/01/20 14:28:09 conf.go:1101: tree/block count [3/385], notebooks [2]
I 2026/01/20 14:28:09 conf.go:1102: [BOOT] InitBoxes() completed
I 2026/01/20 14:28:09 main.go:78: [BOOT] InitBoxes() completed
I 2026/01/20 14:28:09 main.go:80: [BOOT] Starting LoadFlashcards()...
I 2026/01/20 14:28:09 main.go:82: [BOOT] LoadFlashcards() completed
I 2026/01/20 14:28:09 main.go:84: [BOOT] Starting LoadAssetsTexts()...
I 2026/01/20 14:28:09 main.go:86: [BOOT] LoadAssetsTexts() completed
I 2026/01/20 14:28:09 main.go:88: [BOOT] Setting booted flag...
I 2026/01/20 14:28:09 working.go:226: kernel booted
I 2026/01/20 14:28:09 main.go:90: [BOOT] Booted flag set
I 2026/01/20 14:28:09 main.go:92: [BOOT] All initialization completed successfully!
I 2026/01/20 14:28:09 font.go:57: loaded system fonts [0] in [0ms]
I 2026/01/20 14:28:09 box.go:77: auto stat [trees=3, blocks=385, dataSize=3.03 MB, assetsSize=2.89 MB]
I 2026/01/20 14:28:09 auth.go:137: Initialized 0 user accounts for login
W 2026/01/20 14:28:13 runtime.go:83: [BOOT] HookUILoaded timeout after 5 seconds, continuing anyway
I 2026/01/20 14:28:43 process.go:36: received os signal [terminated], exit kernel process now
I 2026/01/20 14:28:43 conf.go:807: exiting kernel [force=false, setCurrentWorkspace=true, execInstallPkg=1]
I 2026/01/20 14:28:43 database.go:1365: closed database
I 2026/01/20 14:28:43 conf.go:1277: cleared workspace temp
I 2026/01/20 14:28:43 sync.go:833: sync websocket closed
I 2026/01/20 14:28:44 conf.go:877: exited kernel
I 2026/01/20 14:28:44 working.go:180: 
      ___                                   ___           ___           ___
     /  /\        ___           ___        /__/\         /  /\         /__/\
    /  /:/_      /  /\         /__/|       \  \:\       /  /::\        \  \:\
   /  /:/ /\    /  /:/        |  |:|        \  \:\     /  /:/\:\        \  \:\
  /  /:/ /::\  /__/::\        |  |:|    ___  \  \:\   /  /:/~/::\   _____\__\:\
 /__/:/ /:/\:\ \__\/\:\__   __|__|:|   /__/\  \__\:\ /__/:/ /:/\:\ /__/::::::::\
 \  \:\/:/~/:/    \  \:\/\ /__/::::\   \  \:\ /  /:/ \  \:\/:/__\/ \  \:\~~\~~\/
  \  \::/ /:/      \__\::/    ~\~~\:\   \  \:\  /:/   \  \::/       \  \:\  ~~~
   \__\/ /:/       /__/:/       \  \:\   \  \:\/:/     \  \:\        \  \:\
     /__/:/        \__\/         \__\/    \  \::/       \  \:\        \  \:\
     \__\/                                 \__\/         \__\/         \__\/
I 2026/01/20 14:28:44 runtime.go:108: kernel is booting:
    * ver [3.4.2]
    * arch [arm64]
    * os [alpine]
    * pid [1]
    * runtime mode [prod]
    * working directory [/opt/siyuan]
    * read only [false]
    * container [docker]
    * database [ver=20220501]
    * workspace directory [/opt/siyuan/workspace]
I 2026/01/20 14:28:44 main.go:41: [BOOT] Boot() completed
I 2026/01/20 14:28:44 conf.go:129: loaded conf [/opt/siyuan/workspace/conf/conf.json]
I 2026/01/20 14:28:44 auth.go:137: Initialized 0 user accounts for login
I 2026/01/20 14:28:44 conf.go:627: Ollama API enabled (default)
    baseURL=http://ollama:11434
    timeout=60s
    proxy=
    model=llama3.2:3b
    maxTokens=4096
    temperature=1.0
    maxContexts=10
I 2026/01/20 14:28:44 runtime.go:160: use network proxy [system]
I 2026/01/20 14:28:44 main.go:45: [BOOT] InitConf() completed
I 2026/01/20 14:28:44 main.go:49: [BOOT] Server started in goroutine
I 2026/01/20 14:28:44 main.go:52: [BOOT] Starting InitAppearance()...
W 2026/01/20 14:28:44 ollama_setup.go:31: Ollama server not available at http://localhost:11434
I 2026/01/20 14:28:44 ollama_setup.go:32: To use Ollama AI, please install Ollama from https://ollama.ai and start the server
W 2026/01/20 14:28:44 ollama_setup.go:81: Ollama server not available: Get "http://localhost:11434/api/tags": dial tcp [::1]:11434: connect: connection refused (this is OK if Ollama is not running)
I 2026/01/20 14:28:44 serve.go:225: kernel [pid=1] http server [0.0.0.0:6806] is booting
I 2026/01/20 14:28:44 runtime.go:78: [BOOT] HookUILoaded started, waiting for UI connection...
I 2026/01/20 14:28:44 main.go:54: [BOOT] InitAppearance() completed
I 2026/01/20 14:28:44 main.go:56: [BOOT] Starting InitDatabase()...
I 2026/01/20 14:28:44 working.go:558: database [/opt/siyuan/workspace/temp/siyuan.db] size [8.75 MB]
I 2026/01/20 14:28:44 working.go:558: database [/opt/siyuan/workspace/temp/blocktree.db] size [675.84 kB]
I 2026/01/20 14:28:44 main.go:58: [BOOT] InitDatabase() completed
I 2026/01/20 14:28:44 main.go:60: [BOOT] Starting InitHistoryDatabase()...
I 2026/01/20 14:28:44 working.go:558: database [/opt/siyuan/workspace/temp/history.db] size [163.84 kB]
I 2026/01/20 14:28:44 main.go:62: [BOOT] InitHistoryDatabase() completed
I 2026/01/20 14:28:44 main.go:64: [BOOT] Starting InitAssetContentDatabase()...
I 2026/01/20 14:28:44 working.go:558: database [/opt/siyuan/workspace/temp/asset_content.db] size [24.58 kB]
I 2026/01/20 14:28:44 main.go:66: [BOOT] InitAssetContentDatabase() completed
I 2026/01/20 14:28:44 main.go:70: [BOOT] SQL settings configured
I 2026/01/20 14:28:44 main.go:72: [BOOT] Starting BootSyncData()...
I 2026/01/20 14:28:44 sync.go:126: [BOOT] BootSyncData() started
I 2026/01/20 14:28:44 sync.go:133: [BOOT] Sync.Perception is false, skipping WebSocket
I 2026/01/20 14:28:44 sync.go:136: [BOOT] Checking sync...
I 2026/01/20 14:28:44 sync.go:138: [BOOT] checkSync returned false, skipping sync
I 2026/01/20 14:28:44 main.go:74: [BOOT] BootSyncData() completed
I 2026/01/20 14:28:44 main.go:76: [BOOT] Starting InitBoxes()...
I 2026/01/20 14:28:44 conf.go:1055: [BOOT] InitBoxes() started
I 2026/01/20 14:28:44 conf.go:1058: [BOOT] Block count: 385, initialized: true
I 2026/01/20 14:28:44 conf.go:1061: [BOOT] Listing notebooks...
I 2026/01/20 14:28:44 conf.go:1089: [BOOT] Processing 2 opened boxes...
I 2026/01/20 14:28:44 conf.go:1091: [BOOT] Processing box [20251230113409-4y9ye0l]...
I 2026/01/20 14:28:44 conf.go:1091: [BOOT] Processing box [20260112212953-rsc8g7d]...
I 2026/01/20 14:28:44 conf.go:1101: tree/block count [3/385], notebooks [2]
I 2026/01/20 14:28:44 conf.go:1102: [BOOT] InitBoxes() completed
I 2026/01/20 14:28:44 main.go:78: [BOOT] InitBoxes() completed
I 2026/01/20 14:28:44 main.go:80: [BOOT] Starting LoadFlashcards()...
I 2026/01/20 14:28:44 main.go:82: [BOOT] LoadFlashcards() completed
I 2026/01/20 14:28:44 main.go:84: [BOOT] Starting LoadAssetsTexts()...
I 2026/01/20 14:28:44 main.go:86: [BOOT] LoadAssetsTexts() completed
I 2026/01/20 14:28:44 main.go:88: [BOOT] Setting booted flag...
I 2026/01/20 14:28:44 working.go:226: kernel booted
I 2026/01/20 14:28:44 main.go:90: [BOOT] Booted flag set
I 2026/01/20 14:28:44 main.go:92: [BOOT] All initialization completed successfully!
I 2026/01/20 14:28:44 font.go:57: loaded system fonts [0] in [0ms]
I 2026/01/20 14:28:44 box.go:77: auto stat [trees=3, blocks=385, dataSize=3.03 MB, assetsSize=2.89 MB]
I 2026/01/20 14:28:45 auth.go:137: Initialized 0 user accounts for login
W 2026/01/20 14:28:49 runtime.go:83: [BOOT] HookUILoaded timeout after 5 seconds, continuing anyway
E 2026/01/20 14:29:47 rhy.go:50: get version info failed: Get "https://siyuan-sync.b3logfile.com/apis/siyuan/version?ver=3.4.2": context deadline exceeded (Client.Timeout exceeded while awaiting headers)
I 2026/01/20 14:29:47 cron.go:61: cron job [[RefreshRhyResultJob]] executed
I 2026/01/20 14:29:58 serve.go:596: [WS] WebSocket connection attempt from [172.18.0.1:58906], URI: [/ws?app=4wxpf&id=59b1fbcc-12cf-47d3-9c8c-8c9014d02694&type=protyle]
I 2026/01/20 14:29:58 serve.go:596: [WS] WebSocket connection attempt from [172.18.0.1:58918], URI: [/ws?app=4wxpf&id=54ed2498-c4b3-4512-b5d0-e509fcd7c696&type=filetree]
I 2026/01/20 14:29:58 serve.go:675: [WS] WebSocket connected: app=[4wxpf], id=[54ed2498-c4b3-4512-b5d0-e509fcd7c696], type=[filetree]
I 2026/01/20 14:29:58 serve.go:675: [WS] WebSocket connected: app=[4wxpf], id=[59b1fbcc-12cf-47d3-9c8c-8c9014d02694], type=[protyle]
I 2026/01/20 14:29:58 serve.go:596: [WS] WebSocket connection attempt from [172.18.0.1:58956], URI: [/ws?app=4wxpf&id=bfd47b3c-c6d8-480f-8fc2-0e3faf46c189&type=main]
I 2026/01/20 14:29:58 serve.go:675: [WS] WebSocket connected: app=[4wxpf], id=[bfd47b3c-c6d8-480f-8fc2-0e3faf46c189], type=[main]
I 2026/01/20 14:29:58 serve.go:596: [WS] WebSocket connection attempt from [172.18.0.1:58940], URI: [/ws?app=4wxpf&id=7a9e8825-789a-4156-8bec-0f32360d505c]
I 2026/01/20 14:29:58 serve.go:675: [WS] WebSocket connected: app=[4wxpf], id=[7a9e8825-789a-4156-8bec-0f32360d505c], type=[]
I 2026/01/20 14:29:58 serve.go:596: [WS] WebSocket connection attempt from [172.18.0.1:58934], URI: [/ws?app=4wxpf&id=739031f9-1ca5-4703-ba50-b0a090083e3d]
I 2026/01/20 14:29:58 serve.go:675: [WS] WebSocket connected: app=[4wxpf], id=[739031f9-1ca5-4703-ba50-b0a090083e3d], type=[]
E 2026/01/20 14:30:50 rhy.go:50: get version info failed: Get "https://siyuan-sync.b3logfile.com/apis/siyuan/version?ver=3.4.2": net/http: request canceled while waiting for connection (Client.Timeout exceeded while awaiting headers)
E 2026/01/20 14:30:50 updater.go:239: get announcement failed: Get "https://siyuan-sync.b3logfile.com/apis/siyuan/version?ver=3.4.2": net/http: request canceled while waiting for connection (Client.Timeout exceeded while awaiting headers)
E 2026/01/20 14:30:50 cloud_service.go:326: write announcement conf failed: open /home/siyuan/.config/siyuan/announcement.json: no such file or directory
I 2026/01/20 14:31:16 session.go:137: Login attempt: username=[sha], account found=[false]
W 2026/01/20 14:31:16 session.go:143: invalid username [sha] [ip=172.18.0.1:62476] - account not found
I 2026/01/20 14:31:35 session.go:137: Login attempt: username=[sha], account found=[false]
W 2026/01/20 14:31:35 session.go:143: invalid username [sha] [ip=172.18.0.1:62476] - account not found
E 2026/01/20 14:31:53 rhy.go:50: get version info failed: Get "https://siyuan-sync.b3logfile.com/apis/siyuan/version?ver=3.4.2": context deadline exceeded
I 2026/01/20 14:37:15 process.go:36: received os signal [terminated], exit kernel process now
I 2026/01/20 14:37:15 conf.go:807: exiting kernel [force=false, setCurrentWorkspace=true, execInstallPkg=1]
I 2026/01/20 14:37:15 database.go:1365: closed database
I 2026/01/20 14:37:15 conf.go:1277: cleared workspace temp
I 2026/01/20 14:37:16 sync.go:833: sync websocket closed
I 2026/01/20 14:37:16 conf.go:877: exited kernel
I 2026/01/20 14:37:17 working.go:180: 
      ___                                   ___           ___           ___
     /  /\        ___           ___        /__/\         /  /\         /__/\
    /  /:/_      /  /\         /__/|       \  \:\       /  /::\        \  \:\
   /  /:/ /\    /  /:/        |  |:|        \  \:\     /  /:/\:\        \  \:\
  /  /:/ /::\  /__/::\        |  |:|    ___  \  \:\   /  /:/~/::\   _____\__\:\
 /__/:/ /:/\:\ \__\/\:\__   __|__|:|   /__/\  \__\:\ /__/:/ /:/\:\ /__/::::::::\
 \  \:\/:/~/:/    \  \:\/\ /__/::::\   \  \:\ /  /:/ \  \:\/:/__\/ \  \:\~~\~~\/
  \  \::/ /:/      \__\::/    ~\~~\:\   \  \:\  /:/   \  \::/       \  \:\  ~~~
   \__\/ /:/       /__/:/       \  \:\   \  \:\/:/     \  \:\        \  \:\
     /__/:/        \__\/         \__\/    \  \::/       \  \:\        \  \:\
     \__\/                                 \__\/         \__\/         \__\/
I 2026/01/20 14:37:17 runtime.go:108: kernel is booting:
    * ver [3.4.2]
    * arch [arm64]
    * os [alpine]
    * pid [1]
    * runtime mode [prod]
    * working directory [/opt/siyuan]
    * read only [false]
    * container [docker]
    * database [ver=20220501]
    * workspace directory [/opt/siyuan/workspace]
I 2026/01/20 14:37:17 main.go:41: [BOOT] Boot() completed
I 2026/01/20 14:37:17 conf.go:129: loaded conf [/opt/siyuan/workspace/conf/conf.json]
I 2026/01/20 14:37:17 auth.go:137: Initialized 0 user accounts for login
I 2026/01/20 14:37:17 conf.go:627: Ollama API enabled (default)
    baseURL=http://ollama:11434
    timeout=60s
    proxy=
    model=llama3.2:3b
    maxTokens=4096
    temperature=1.0
    maxContexts=10
I 2026/01/20 14:37:17 runtime.go:160: use network proxy [system]
I 2026/01/20 14:37:17 main.go:45: [BOOT] InitConf() completed
I 2026/01/20 14:37:17 main.go:49: [BOOT] Server started in goroutine
I 2026/01/20 14:37:17 main.go:52: [BOOT] Starting InitAppearance()...
W 2026/01/20 14:37:17 ollama_setup.go:31: Ollama server not available at http://localhost:11434
I 2026/01/20 14:37:17 ollama_setup.go:32: To use Ollama AI, please install Ollama from https://ollama.ai and start the server
W 2026/01/20 14:37:17 ollama_setup.go:81: Ollama server not available: Get "http://localhost:11434/api/tags": dial tcp [::1]:11434: connect: connection refused (this is OK if Ollama is not running)
I 2026/01/20 14:37:17 serve.go:225: kernel [pid=1] http server [0.0.0.0:6806] is booting
I 2026/01/20 14:37:17 runtime.go:78: [BOOT] HookUILoaded started, waiting for UI connection...
I 2026/01/20 14:37:17 main.go:54: [BOOT] InitAppearance() completed
I 2026/01/20 14:37:17 main.go:56: [BOOT] Starting InitDatabase()...
I 2026/01/20 14:37:17 working.go:558: database [/opt/siyuan/workspace/temp/siyuan.db] size [8.75 MB]
I 2026/01/20 14:37:17 working.go:558: database [/opt/siyuan/workspace/temp/blocktree.db] size [675.84 kB]
I 2026/01/20 14:37:17 main.go:58: [BOOT] InitDatabase() completed
I 2026/01/20 14:37:17 main.go:60: [BOOT] Starting InitHistoryDatabase()...
I 2026/01/20 14:37:17 working.go:558: database [/opt/siyuan/workspace/temp/history.db] size [163.84 kB]
I 2026/01/20 14:37:17 main.go:62: [BOOT] InitHistoryDatabase() completed
I 2026/01/20 14:37:17 main.go:64: [BOOT] Starting InitAssetContentDatabase()...
I 2026/01/20 14:37:17 working.go:558: database [/opt/siyuan/workspace/temp/asset_content.db] size [24.58 kB]
I 2026/01/20 14:37:17 main.go:66: [BOOT] InitAssetContentDatabase() completed
I 2026/01/20 14:37:17 main.go:70: [BOOT] SQL settings configured
I 2026/01/20 14:37:17 main.go:72: [BOOT] Starting BootSyncData()...
I 2026/01/20 14:37:17 sync.go:126: [BOOT] BootSyncData() started
I 2026/01/20 14:37:17 sync.go:133: [BOOT] Sync.Perception is false, skipping WebSocket
I 2026/01/20 14:37:17 sync.go:136: [BOOT] Checking sync...
I 2026/01/20 14:37:17 sync.go:138: [BOOT] checkSync returned false, skipping sync
I 2026/01/20 14:37:17 main.go:74: [BOOT] BootSyncData() completed
I 2026/01/20 14:37:17 main.go:76: [BOOT] Starting InitBoxes()...
I 2026/01/20 14:37:17 conf.go:1055: [BOOT] InitBoxes() started
I 2026/01/20 14:37:17 conf.go:1058: [BOOT] Block count: 385, initialized: true
I 2026/01/20 14:37:17 conf.go:1061: [BOOT] Listing notebooks...
I 2026/01/20 14:37:17 conf.go:1089: [BOOT] Processing 2 opened boxes...
I 2026/01/20 14:37:17 conf.go:1091: [BOOT] Processing box [20251230113409-4y9ye0l]...
I 2026/01/20 14:37:17 conf.go:1091: [BOOT] Processing box [20260112212953-rsc8g7d]...
I 2026/01/20 14:37:17 conf.go:1101: tree/block count [3/385], notebooks [2]
I 2026/01/20 14:37:17 conf.go:1102: [BOOT] InitBoxes() completed
I 2026/01/20 14:37:17 main.go:78: [BOOT] InitBoxes() completed
I 2026/01/20 14:37:17 main.go:80: [BOOT] Starting LoadFlashcards()...
I 2026/01/20 14:37:17 main.go:82: [BOOT] LoadFlashcards() completed
I 2026/01/20 14:37:17 main.go:84: [BOOT] Starting LoadAssetsTexts()...
I 2026/01/20 14:37:17 main.go:86: [BOOT] LoadAssetsTexts() completed
I 2026/01/20 14:37:17 main.go:88: [BOOT] Setting booted flag...
I 2026/01/20 14:37:17 working.go:226: kernel booted
I 2026/01/20 14:37:17 main.go:90: [BOOT] Booted flag set
I 2026/01/20 14:37:17 main.go:92: [BOOT] All initialization completed successfully!
I 2026/01/20 14:37:17 font.go:57: loaded system fonts [0] in [0ms]
I 2026/01/20 14:37:17 box.go:77: auto stat [trees=3, blocks=385, dataSize=3.03 MB, assetsSize=2.89 MB]
I 2026/01/20 14:37:18 auth.go:137: Initialized 0 user accounts for login
W 2026/01/20 14:37:22 runtime.go:83: [BOOT] HookUILoaded timeout after 5 seconds, continuing anyway
I 2026/01/20 14:37:37 process.go:36: received os signal [terminated], exit kernel process now
I 2026/01/20 14:37:37 conf.go:807: exiting kernel [force=false, setCurrentWorkspace=true, execInstallPkg=1]
I 2026/01/20 14:37:38 database.go:1365: closed database
I 2026/01/20 14:37:38 conf.go:1277: cleared workspace temp
I 2026/01/20 14:37:38 sync.go:833: sync websocket closed
I 2026/01/20 14:37:39 conf.go:877: exited kernel
I 2026/01/20 14:37:39 working.go:180: 
      ___                                   ___           ___           ___
     /  /\        ___           ___        /__/\         /  /\         /__/\
    /  /:/_      /  /\         /__/|       \  \:\       /  /::\        \  \:\
   /  /:/ /\    /  /:/        |  |:|        \  \:\     /  /:/\:\        \  \:\
  /  /:/ /::\  /__/::\        |  |:|    ___  \  \:\   /  /:/~/::\   _____\__\:\
 /__/:/ /:/\:\ \__\/\:\__   __|__|:|   /__/\  \__\:\ /__/:/ /:/\:\ /__/::::::::\
 \  \:\/:/~/:/    \  \:\/\ /__/::::\   \  \:\ /  /:/ \  \:\/:/__\/ \  \:\~~\~~\/
  \  \::/ /:/      \__\::/    ~\~~\:\   \  \:\  /:/   \  \::/       \  \:\  ~~~
   \__\/ /:/       /__/:/       \  \:\   \  \:\/:/     \  \:\        \  \:\
     /__/:/        \__\/         \__\/    \  \::/       \  \:\        \  \:\
     \__\/                                 \__\/         \__\/         \__\/
I 2026/01/20 14:37:39 runtime.go:108: kernel is booting:
    * ver [3.4.2]
    * arch [arm64]
    * os [alpine]
    * pid [1]
    * runtime mode [prod]
    * working directory [/opt/siyuan]
    * read only [false]
    * container [docker]
    * database [ver=20220501]
    * workspace directory [/opt/siyuan/workspace]
I 2026/01/20 14:37:39 main.go:41: [BOOT] Boot() completed
I 2026/01/20 14:37:39 conf.go:129: loaded conf [/opt/siyuan/workspace/conf/conf.json]
I 2026/01/20 14:37:39 auth.go:137: Initialized 0 user accounts for login
I 2026/01/20 14:37:39 conf.go:627: Ollama API enabled (default)
    baseURL=http://ollama:11434
    timeout=60s
    proxy=
    model=llama3.2:3b
    maxTokens=4096
    temperature=1.0
    maxContexts=10
I 2026/01/20 14:37:39 runtime.go:160: use network proxy [system]
I 2026/01/20 14:37:39 main.go:45: [BOOT] InitConf() completed
I 2026/01/20 14:37:39 main.go:49: [BOOT] Server started in goroutine
I 2026/01/20 14:37:39 main.go:52: [BOOT] Starting InitAppearance()...
W 2026/01/20 14:37:39 ollama_setup.go:31: Ollama server not available at http://localhost:11434
I 2026/01/20 14:37:39 ollama_setup.go:32: To use Ollama AI, please install Ollama from https://ollama.ai and start the server
W 2026/01/20 14:37:39 ollama_setup.go:81: Ollama server not available: Get "http://localhost:11434/api/tags": dial tcp [::1]:11434: connect: connection refused (this is OK if Ollama is not running)
I 2026/01/20 14:37:39 serve.go:225: kernel [pid=1] http server [0.0.0.0:6806] is booting
I 2026/01/20 14:37:39 runtime.go:78: [BOOT] HookUILoaded started, waiting for UI connection...
I 2026/01/20 14:37:39 main.go:54: [BOOT] InitAppearance() completed
I 2026/01/20 14:37:39 main.go:56: [BOOT] Starting InitDatabase()...
I 2026/01/20 14:37:39 working.go:558: database [/opt/siyuan/workspace/temp/siyuan.db] size [8.75 MB]
I 2026/01/20 14:37:39 working.go:558: database [/opt/siyuan/workspace/temp/blocktree.db] size [675.84 kB]
I 2026/01/20 14:37:39 main.go:58: [BOOT] InitDatabase() completed
I 2026/01/20 14:37:39 main.go:60: [BOOT] Starting InitHistoryDatabase()...
I 2026/01/20 14:37:39 working.go:558: database [/opt/siyuan/workspace/temp/history.db] size [163.84 kB]
I 2026/01/20 14:37:39 main.go:62: [BOOT] InitHistoryDatabase() completed
I 2026/01/20 14:37:39 main.go:64: [BOOT] Starting InitAssetContentDatabase()...
I 2026/01/20 14:37:39 working.go:558: database [/opt/siyuan/workspace/temp/asset_content.db] size [24.58 kB]
I 2026/01/20 14:37:39 main.go:66: [BOOT] InitAssetContentDatabase() completed
I 2026/01/20 14:37:39 main.go:70: [BOOT] SQL settings configured
I 2026/01/20 14:37:39 main.go:72: [BOOT] Starting BootSyncData()...
I 2026/01/20 14:37:39 sync.go:126: [BOOT] BootSyncData() started
I 2026/01/20 14:37:39 sync.go:133: [BOOT] Sync.Perception is false, skipping WebSocket
I 2026/01/20 14:37:39 sync.go:136: [BOOT] Checking sync...
I 2026/01/20 14:37:39 sync.go:138: [BOOT] checkSync returned false, skipping sync
I 2026/01/20 14:37:39 main.go:74: [BOOT] BootSyncData() completed
I 2026/01/20 14:37:39 main.go:76: [BOOT] Starting InitBoxes()...
I 2026/01/20 14:37:39 conf.go:1055: [BOOT] InitBoxes() started
I 2026/01/20 14:37:39 conf.go:1058: [BOOT] Block count: 385, initialized: true
I 2026/01/20 14:37:39 conf.go:1061: [BOOT] Listing notebooks...
I 2026/01/20 14:37:39 conf.go:1089: [BOOT] Processing 2 opened boxes...
I 2026/01/20 14:37:39 conf.go:1091: [BOOT] Processing box [20251230113409-4y9ye0l]...
I 2026/01/20 14:37:39 conf.go:1091: [BOOT] Processing box [20260112212953-rsc8g7d]...
I 2026/01/20 14:37:39 conf.go:1101: tree/block count [3/385], notebooks [2]
I 2026/01/20 14:37:39 conf.go:1102: [BOOT] InitBoxes() completed
I 2026/01/20 14:37:39 main.go:78: [BOOT] InitBoxes() completed
I 2026/01/20 14:37:39 main.go:80: [BOOT] Starting LoadFlashcards()...
I 2026/01/20 14:37:39 main.go:82: [BOOT] LoadFlashcards() completed
I 2026/01/20 14:37:39 main.go:84: [BOOT] Starting LoadAssetsTexts()...
I 2026/01/20 14:37:39 main.go:86: [BOOT] LoadAssetsTexts() completed
I 2026/01/20 14:37:39 main.go:88: [BOOT] Setting booted flag...
I 2026/01/20 14:37:39 working.go:226: kernel booted
I 2026/01/20 14:37:39 main.go:90: [BOOT] Booted flag set
I 2026/01/20 14:37:39 main.go:92: [BOOT] All initialization completed successfully!
I 2026/01/20 14:37:39 font.go:57: loaded system fonts [0] in [0ms]
I 2026/01/20 14:37:39 box.go:77: auto stat [trees=3, blocks=385, dataSize=3.03 MB, assetsSize=2.89 MB]
I 2026/01/20 14:37:40 auth.go:137: Initialized 0 user accounts for login
W 2026/01/20 14:37:44 runtime.go:83: [BOOT] HookUILoaded timeout after 5 seconds, continuing anyway
E 2026/01/20 14:38:42 rhy.go:50: get version info failed: Get "https://siyuan-sync.b3logfile.com/apis/siyuan/version?ver=3.4.2": context deadline exceeded (Client.Timeout exceeded while awaiting headers)
I 2026/01/20 14:38:42 cron.go:61: cron job [[RefreshRhyResultJob]] executed
I 2026/01/20 14:39:13 process.go:36: received os signal [terminated], exit kernel process now
I 2026/01/20 14:39:13 conf.go:807: exiting kernel [force=false, setCurrentWorkspace=true, execInstallPkg=1]
I 2026/01/20 14:39:13 database.go:1365: closed database
I 2026/01/20 14:39:13 conf.go:1277: cleared workspace temp
I 2026/01/20 14:39:13 sync.go:833: sync websocket closed
I 2026/01/20 14:39:14 conf.go:877: exited kernel
I 2026/01/20 14:39:14 working.go:180: 
      ___                                   ___           ___           ___
     /  /\        ___           ___        /__/\         /  /\         /__/\
    /  /:/_      /  /\         /__/|       \  \:\       /  /::\        \  \:\
   /  /:/ /\    /  /:/        |  |:|        \  \:\     /  /:/\:\        \  \:\
  /  /:/ /::\  /__/::\        |  |:|    ___  \  \:\   /  /:/~/::\   _____\__\:\
 /__/:/ /:/\:\ \__\/\:\__   __|__|:|   /__/\  \__\:\ /__/:/ /:/\:\ /__/::::::::\
 \  \:\/:/~/:/    \  \:\/\ /__/::::\   \  \:\ /  /:/ \  \:\/:/__\/ \  \:\~~\~~\/
  \  \::/ /:/      \__\::/    ~\~~\:\   \  \:\  /:/   \  \::/       \  \:\  ~~~
   \__\/ /:/       /__/:/       \  \:\   \  \:\/:/     \  \:\        \  \:\
     /__/:/        \__\/         \__\/    \  \::/       \  \:\        \  \:\
     \__\/                                 \__\/         \__\/         \__\/
I 2026/01/20 14:39:14 runtime.go:108: kernel is booting:
    * ver [3.4.2]
    * arch [arm64]
    * os [alpine]
    * pid [1]
    * runtime mode [prod]
    * working directory [/opt/siyuan]
    * read only [false]
    * container [docker]
    * database [ver=20220501]
    * workspace directory [/opt/siyuan/workspace]
I 2026/01/20 14:39:14 main.go:41: [BOOT] Boot() completed
I 2026/01/20 14:39:14 conf.go:129: loaded conf [/opt/siyuan/workspace/conf/conf.json]
I 2026/01/20 14:39:14 auth.go:137: Initialized 0 user accounts for login
I 2026/01/20 14:39:14 conf.go:627: Ollama API enabled (default)
    baseURL=http://ollama:11434
    timeout=60s
    proxy=
    model=llama3.2:3b
    maxTokens=4096
    temperature=1.0
    maxContexts=10
I 2026/01/20 14:39:14 runtime.go:160: use network proxy [system]
I 2026/01/20 14:39:14 main.go:45: [BOOT] InitConf() completed
I 2026/01/20 14:39:14 main.go:49: [BOOT] Server started in goroutine
I 2026/01/20 14:39:14 main.go:52: [BOOT] Starting InitAppearance()...
W 2026/01/20 14:39:14 ollama_setup.go:31: Ollama server not available at http://localhost:11434
I 2026/01/20 14:39:14 ollama_setup.go:32: To use Ollama AI, please install Ollama from https://ollama.ai and start the server
W 2026/01/20 14:39:14 ollama_setup.go:81: Ollama server not available: Get "http://localhost:11434/api/tags": dial tcp [::1]:11434: connect: connection refused (this is OK if Ollama is not running)
I 2026/01/20 14:39:14 serve.go:225: kernel [pid=1] http server [0.0.0.0:6806] is booting
I 2026/01/20 14:39:14 runtime.go:78: [BOOT] HookUILoaded started, waiting for UI connection...
I 2026/01/20 14:39:14 main.go:54: [BOOT] InitAppearance() completed
I 2026/01/20 14:39:14 main.go:56: [BOOT] Starting InitDatabase()...
I 2026/01/20 14:39:14 working.go:558: database [/opt/siyuan/workspace/temp/siyuan.db] size [8.75 MB]
I 2026/01/20 14:39:14 working.go:558: database [/opt/siyuan/workspace/temp/blocktree.db] size [675.84 kB]
I 2026/01/20 14:39:14 main.go:58: [BOOT] InitDatabase() completed
I 2026/01/20 14:39:14 main.go:60: [BOOT] Starting InitHistoryDatabase()...
I 2026/01/20 14:39:14 working.go:558: database [/opt/siyuan/workspace/temp/history.db] size [163.84 kB]
I 2026/01/20 14:39:14 main.go:62: [BOOT] InitHistoryDatabase() completed
I 2026/01/20 14:39:14 main.go:64: [BOOT] Starting InitAssetContentDatabase()...
I 2026/01/20 14:39:14 working.go:558: database [/opt/siyuan/workspace/temp/asset_content.db] size [24.58 kB]
I 2026/01/20 14:39:14 main.go:66: [BOOT] InitAssetContentDatabase() completed
I 2026/01/20 14:39:14 main.go:70: [BOOT] SQL settings configured
I 2026/01/20 14:39:14 main.go:72: [BOOT] Starting BootSyncData()...
I 2026/01/20 14:39:14 sync.go:126: [BOOT] BootSyncData() started
I 2026/01/20 14:39:14 sync.go:133: [BOOT] Sync.Perception is false, skipping WebSocket
I 2026/01/20 14:39:14 sync.go:136: [BOOT] Checking sync...
I 2026/01/20 14:39:14 sync.go:138: [BOOT] checkSync returned false, skipping sync
I 2026/01/20 14:39:14 main.go:74: [BOOT] BootSyncData() completed
I 2026/01/20 14:39:14 main.go:76: [BOOT] Starting InitBoxes()...
I 2026/01/20 14:39:14 conf.go:1055: [BOOT] InitBoxes() started
I 2026/01/20 14:39:14 conf.go:1058: [BOOT] Block count: 385, initialized: true
I 2026/01/20 14:39:14 conf.go:1061: [BOOT] Listing notebooks...
I 2026/01/20 14:39:14 conf.go:1089: [BOOT] Processing 2 opened boxes...
I 2026/01/20 14:39:14 conf.go:1091: [BOOT] Processing box [20251230113409-4y9ye0l]...
I 2026/01/20 14:39:14 conf.go:1091: [BOOT] Processing box [20260112212953-rsc8g7d]...
I 2026/01/20 14:39:14 conf.go:1101: tree/block count [3/385], notebooks [2]
I 2026/01/20 14:39:14 conf.go:1102: [BOOT] InitBoxes() completed
I 2026/01/20 14:39:14 main.go:78: [BOOT] InitBoxes() completed
I 2026/01/20 14:39:14 main.go:80: [BOOT] Starting LoadFlashcards()...
I 2026/01/20 14:39:14 main.go:82: [BOOT] LoadFlashcards() completed
I 2026/01/20 14:39:14 main.go:84: [BOOT] Starting LoadAssetsTexts()...
I 2026/01/20 14:39:14 main.go:86: [BOOT] LoadAssetsTexts() completed
I 2026/01/20 14:39:14 main.go:88: [BOOT] Setting booted flag...
I 2026/01/20 14:39:14 working.go:226: kernel booted
I 2026/01/20 14:39:14 main.go:90: [BOOT] Booted flag set
I 2026/01/20 14:39:14 main.go:92: [BOOT] All initialization completed successfully!
I 2026/01/20 14:39:14 font.go:57: loaded system fonts [0] in [0ms]
I 2026/01/20 14:39:15 box.go:77: auto stat [trees=3, blocks=385, dataSize=3.03 MB, assetsSize=2.89 MB]
I 2026/01/20 14:39:15 auth.go:137: Initialized 0 user accounts for login
W 2026/01/20 14:39:19 runtime.go:83: [BOOT] HookUILoaded timeout after 5 seconds, continuing anyway
I 2026/01/20 14:39:43 process.go:36: received os signal [terminated], exit kernel process now
I 2026/01/20 14:39:43 conf.go:807: exiting kernel [force=false, setCurrentWorkspace=true, execInstallPkg=1]
I 2026/01/20 14:39:43 database.go:1365: closed database
I 2026/01/20 14:39:43 conf.go:1277: cleared workspace temp
I 2026/01/20 14:39:44 sync.go:833: sync websocket closed
I 2026/01/20 14:39:44 conf.go:877: exited kernel
I 2026/01/20 14:39:44 working.go:180: 
      ___                                   ___           ___           ___
     /  /\        ___           ___        /__/\         /  /\         /__/\
    /  /:/_      /  /\         /__/|       \  \:\       /  /::\        \  \:\
   /  /:/ /\    /  /:/        |  |:|        \  \:\     /  /:/\:\        \  \:\
  /  /:/ /::\  /__/::\        |  |:|    ___  \  \:\   /  /:/~/::\   _____\__\:\
 /__/:/ /:/\:\ \__\/\:\__   __|__|:|   /__/\  \__\:\ /__/:/ /:/\:\ /__/::::::::\
 \  \:\/:/~/:/    \  \:\/\ /__/::::\   \  \:\ /  /:/ \  \:\/:/__\/ \  \:\~~\~~\/
  \  \::/ /:/      \__\::/    ~\~~\:\   \  \:\  /:/   \  \::/       \  \:\  ~~~
   \__\/ /:/       /__/:/       \  \:\   \  \:\/:/     \  \:\        \  \:\
     /__/:/        \__\/         \__\/    \  \::/       \  \:\        \  \:\
     \__\/                                 \__\/         \__\/         \__\/
I 2026/01/20 14:39:44 runtime.go:108: kernel is booting:
    * ver [3.4.2]
    * arch [arm64]
    * os [alpine]
    * pid [1]
    * runtime mode [prod]
    * working directory [/opt/siyuan]
    * read only [false]
    * container [docker]
    * database [ver=20220501]
    * workspace directory [/opt/siyuan/workspace]
I 2026/01/20 14:39:44 main.go:41: [BOOT] Boot() completed
I 2026/01/20 14:39:45 conf.go:129: loaded conf [/opt/siyuan/workspace/conf/conf.json]
I 2026/01/20 14:39:45 auth.go:137: Initialized 0 user accounts for login
I 2026/01/20 14:39:45 conf.go:627: Ollama API enabled (default)
    baseURL=http://ollama:11434
    timeout=60s
    proxy=
    model=llama3.2:3b
    maxTokens=4096
    temperature=1.0
    maxContexts=10
I 2026/01/20 14:39:45 runtime.go:160: use network proxy [system]
I 2026/01/20 14:39:45 main.go:45: [BOOT] InitConf() completed
I 2026/01/20 14:39:45 main.go:49: [BOOT] Server started in goroutine
I 2026/01/20 14:39:45 main.go:52: [BOOT] Starting InitAppearance()...
W 2026/01/20 14:39:45 ollama_setup.go:31: Ollama server not available at http://localhost:11434
I 2026/01/20 14:39:45 ollama_setup.go:32: To use Ollama AI, please install Ollama from https://ollama.ai and start the server
W 2026/01/20 14:39:45 ollama_setup.go:81: Ollama server not available: Get "http://localhost:11434/api/tags": dial tcp [::1]:11434: connect: connection refused (this is OK if Ollama is not running)
I 2026/01/20 14:39:45 serve.go:225: kernel [pid=1] http server [0.0.0.0:6806] is booting
I 2026/01/20 14:39:45 runtime.go:78: [BOOT] HookUILoaded started, waiting for UI connection...
I 2026/01/20 14:39:45 main.go:54: [BOOT] InitAppearance() completed
I 2026/01/20 14:39:45 main.go:56: [BOOT] Starting InitDatabase()...
I 2026/01/20 14:39:45 working.go:558: database [/opt/siyuan/workspace/temp/siyuan.db] size [8.75 MB]
I 2026/01/20 14:39:45 working.go:558: database [/opt/siyuan/workspace/temp/blocktree.db] size [675.84 kB]
I 2026/01/20 14:39:45 main.go:58: [BOOT] InitDatabase() completed
I 2026/01/20 14:39:45 main.go:60: [BOOT] Starting InitHistoryDatabase()...
I 2026/01/20 14:39:45 working.go:558: database [/opt/siyuan/workspace/temp/history.db] size [163.84 kB]
I 2026/01/20 14:39:45 main.go:62: [BOOT] InitHistoryDatabase() completed
I 2026/01/20 14:39:45 main.go:64: [BOOT] Starting InitAssetContentDatabase()...
I 2026/01/20 14:39:45 working.go:558: database [/opt/siyuan/workspace/temp/asset_content.db] size [24.58 kB]
I 2026/01/20 14:39:45 main.go:66: [BOOT] InitAssetContentDatabase() completed
I 2026/01/20 14:39:45 main.go:70: [BOOT] SQL settings configured
I 2026/01/20 14:39:45 main.go:72: [BOOT] Starting BootSyncData()...
I 2026/01/20 14:39:45 sync.go:126: [BOOT] BootSyncData() started
I 2026/01/20 14:39:45 sync.go:133: [BOOT] Sync.Perception is false, skipping WebSocket
I 2026/01/20 14:39:45 sync.go:136: [BOOT] Checking sync...
I 2026/01/20 14:39:45 sync.go:138: [BOOT] checkSync returned false, skipping sync
I 2026/01/20 14:39:45 main.go:74: [BOOT] BootSyncData() completed
I 2026/01/20 14:39:45 main.go:76: [BOOT] Starting InitBoxes()...
I 2026/01/20 14:39:45 conf.go:1055: [BOOT] InitBoxes() started
I 2026/01/20 14:39:45 conf.go:1058: [BOOT] Block count: 385, initialized: true
I 2026/01/20 14:39:45 conf.go:1061: [BOOT] Listing notebooks...
I 2026/01/20 14:39:45 conf.go:1089: [BOOT] Processing 2 opened boxes...
I 2026/01/20 14:39:45 conf.go:1091: [BOOT] Processing box [20251230113409-4y9ye0l]...
I 2026/01/20 14:39:45 conf.go:1091: [BOOT] Processing box [20260112212953-rsc8g7d]...
I 2026/01/20 14:39:45 conf.go:1101: tree/block count [3/385], notebooks [2]
I 2026/01/20 14:39:45 conf.go:1102: [BOOT] InitBoxes() completed
I 2026/01/20 14:39:45 main.go:78: [BOOT] InitBoxes() completed
I 2026/01/20 14:39:45 main.go:80: [BOOT] Starting LoadFlashcards()...
I 2026/01/20 14:39:45 main.go:82: [BOOT] LoadFlashcards() completed
I 2026/01/20 14:39:45 main.go:84: [BOOT] Starting LoadAssetsTexts()...
I 2026/01/20 14:39:45 main.go:86: [BOOT] LoadAssetsTexts() completed
I 2026/01/20 14:39:45 main.go:88: [BOOT] Setting booted flag...
I 2026/01/20 14:39:45 working.go:226: kernel booted
I 2026/01/20 14:39:45 main.go:90: [BOOT] Booted flag set
I 2026/01/20 14:39:45 main.go:92: [BOOT] All initialization completed successfully!
I 2026/01/20 14:39:45 font.go:57: loaded system fonts [0] in [0ms]
I 2026/01/20 14:39:45 box.go:77: auto stat [trees=3, blocks=385, dataSize=3.03 MB, assetsSize=2.89 MB]
I 2026/01/20 14:39:46 auth.go:137: Initialized 0 user accounts for login
W 2026/01/20 14:39:50 runtime.go:83: [BOOT] HookUILoaded timeout after 5 seconds, continuing anyway
I 2026/01/20 14:40:17 process.go:36: received os signal [terminated], exit kernel process now
I 2026/01/20 14:40:17 conf.go:807: exiting kernel [force=false, setCurrentWorkspace=true, execInstallPkg=1]
I 2026/01/20 14:40:18 database.go:1365: closed database
I 2026/01/20 14:40:18 conf.go:1277: cleared workspace temp
I 2026/01/20 14:40:18 sync.go:833: sync websocket closed
I 2026/01/20 14:40:19 conf.go:877: exited kernel
I 2026/01/20 14:40:19 working.go:180: 
      ___                                   ___           ___           ___
     /  /\        ___           ___        /__/\         /  /\         /__/\
    /  /:/_      /  /\         /__/|       \  \:\       /  /::\        \  \:\
   /  /:/ /\    /  /:/        |  |:|        \  \:\     /  /:/\:\        \  \:\
  /  /:/ /::\  /__/::\        |  |:|    ___  \  \:\   /  /:/~/::\   _____\__\:\
 /__/:/ /:/\:\ \__\/\:\__   __|__|:|   /__/\  \__\:\ /__/:/ /:/\:\ /__/::::::::\
 \  \:\/:/~/:/    \  \:\/\ /__/::::\   \  \:\ /  /:/ \  \:\/:/__\/ \  \:\~~\~~\/
  \  \::/ /:/      \__\::/    ~\~~\:\   \  \:\  /:/   \  \::/       \  \:\  ~~~
   \__\/ /:/       /__/:/       \  \:\   \  \:\/:/     \  \:\        \  \:\
     /__/:/        \__\/         \__\/    \  \::/       \  \:\        \  \:\
     \__\/                                 \__\/         \__\/         \__\/
I 2026/01/20 14:40:19 runtime.go:108: kernel is booting:
    * ver [3.4.2]
    * arch [arm64]
    * os [alpine]
    * pid [1]
    * runtime mode [prod]
    * working directory [/opt/siyuan]
    * read only [false]
    * container [docker]
    * database [ver=20220501]
    * workspace directory [/opt/siyuan/workspace]
I 2026/01/20 14:40:19 main.go:41: [BOOT] Boot() completed
I 2026/01/20 14:40:19 conf.go:129: loaded conf [/opt/siyuan/workspace/conf/conf.json]
I 2026/01/20 14:40:19 auth.go:137: Initialized 0 user accounts for login
I 2026/01/20 14:40:19 conf.go:627: Ollama API enabled (default)
    baseURL=http://ollama:11434
    timeout=60s
    proxy=
    model=llama3.2:3b
    maxTokens=4096
    temperature=1.0
    maxContexts=10
I 2026/01/20 14:40:19 runtime.go:160: use network proxy [system]
I 2026/01/20 14:40:19 main.go:45: [BOOT] InitConf() completed
I 2026/01/20 14:40:19 main.go:49: [BOOT] Server started in goroutine
I 2026/01/20 14:40:19 main.go:52: [BOOT] Starting InitAppearance()...
W 2026/01/20 14:40:19 ollama_setup.go:31: Ollama server not available at http://localhost:11434
I 2026/01/20 14:40:19 ollama_setup.go:32: To use Ollama AI, please install Ollama from https://ollama.ai and start the server
W 2026/01/20 14:40:19 ollama_setup.go:81: Ollama server not available: Get "http://localhost:11434/api/tags": dial tcp [::1]:11434: connect: connection refused (this is OK if Ollama is not running)
I 2026/01/20 14:40:19 serve.go:225: kernel [pid=1] http server [0.0.0.0:6806] is booting
I 2026/01/20 14:40:19 runtime.go:78: [BOOT] HookUILoaded started, waiting for UI connection...
I 2026/01/20 14:40:19 main.go:54: [BOOT] InitAppearance() completed
I 2026/01/20 14:40:19 main.go:56: [BOOT] Starting InitDatabase()...
I 2026/01/20 14:40:19 working.go:558: database [/opt/siyuan/workspace/temp/siyuan.db] size [8.75 MB]
I 2026/01/20 14:40:19 working.go:558: database [/opt/siyuan/workspace/temp/blocktree.db] size [675.84 kB]
I 2026/01/20 14:40:19 main.go:58: [BOOT] InitDatabase() completed
I 2026/01/20 14:40:19 main.go:60: [BOOT] Starting InitHistoryDatabase()...
I 2026/01/20 14:40:19 working.go:558: database [/opt/siyuan/workspace/temp/history.db] size [163.84 kB]
I 2026/01/20 14:40:19 main.go:62: [BOOT] InitHistoryDatabase() completed
I 2026/01/20 14:40:19 main.go:64: [BOOT] Starting InitAssetContentDatabase()...
I 2026/01/20 14:40:19 working.go:558: database [/opt/siyuan/workspace/temp/asset_content.db] size [24.58 kB]
I 2026/01/20 14:40:19 main.go:66: [BOOT] InitAssetContentDatabase() completed
I 2026/01/20 14:40:19 main.go:70: [BOOT] SQL settings configured
I 2026/01/20 14:40:19 main.go:72: [BOOT] Starting BootSyncData()...
I 2026/01/20 14:40:19 sync.go:126: [BOOT] BootSyncData() started
I 2026/01/20 14:40:19 sync.go:133: [BOOT] Sync.Perception is false, skipping WebSocket
I 2026/01/20 14:40:19 sync.go:136: [BOOT] Checking sync...
I 2026/01/20 14:40:19 sync.go:138: [BOOT] checkSync returned false, skipping sync
I 2026/01/20 14:40:19 main.go:74: [BOOT] BootSyncData() completed
I 2026/01/20 14:40:19 main.go:76: [BOOT] Starting InitBoxes()...
I 2026/01/20 14:40:19 conf.go:1055: [BOOT] InitBoxes() started
I 2026/01/20 14:40:19 conf.go:1058: [BOOT] Block count: 385, initialized: true
I 2026/01/20 14:40:19 conf.go:1061: [BOOT] Listing notebooks...
I 2026/01/20 14:40:19 conf.go:1089: [BOOT] Processing 2 opened boxes...
I 2026/01/20 14:40:19 conf.go:1091: [BOOT] Processing box [20251230113409-4y9ye0l]...
I 2026/01/20 14:40:19 conf.go:1091: [BOOT] Processing box [20260112212953-rsc8g7d]...
I 2026/01/20 14:40:19 conf.go:1101: tree/block count [3/385], notebooks [2]
I 2026/01/20 14:40:19 conf.go:1102: [BOOT] InitBoxes() completed
I 2026/01/20 14:40:19 main.go:78: [BOOT] InitBoxes() completed
I 2026/01/20 14:40:19 main.go:80: [BOOT] Starting LoadFlashcards()...
I 2026/01/20 14:40:19 main.go:82: [BOOT] LoadFlashcards() completed
I 2026/01/20 14:40:19 main.go:84: [BOOT] Starting LoadAssetsTexts()...
I 2026/01/20 14:40:19 main.go:86: [BOOT] LoadAssetsTexts() completed
I 2026/01/20 14:40:19 main.go:88: [BOOT] Setting booted flag...
I 2026/01/20 14:40:19 working.go:226: kernel booted
I 2026/01/20 14:40:19 main.go:90: [BOOT] Booted flag set
I 2026/01/20 14:40:19 main.go:92: [BOOT] All initialization completed successfully!
I 2026/01/20 14:40:19 font.go:57: loaded system fonts [0] in [0ms]
I 2026/01/20 14:40:19 box.go:77: auto stat [trees=3, blocks=385, dataSize=3.03 MB, assetsSize=2.89 MB]
I 2026/01/20 14:40:20 auth.go:137: Initialized 0 user accounts for login
W 2026/01/20 14:40:24 runtime.go:83: [BOOT] HookUILoaded timeout after 5 seconds, continuing anyway
I 2026/01/20 14:40:43 process.go:36: received os signal [terminated], exit kernel process now
I 2026/01/20 14:40:43 conf.go:807: exiting kernel [force=false, setCurrentWorkspace=true, execInstallPkg=1]
I 2026/01/20 14:40:43 database.go:1365: closed database
I 2026/01/20 14:40:43 conf.go:1277: cleared workspace temp
I 2026/01/20 14:40:43 sync.go:833: sync websocket closed
I 2026/01/20 14:40:44 conf.go:877: exited kernel
I 2026/01/20 14:40:44 working.go:180: 
      ___                                   ___           ___           ___
     /  /\        ___           ___        /__/\         /  /\         /__/\
    /  /:/_      /  /\         /__/|       \  \:\       /  /::\        \  \:\
   /  /:/ /\    /  /:/        |  |:|        \  \:\     /  /:/\:\        \  \:\
  /  /:/ /::\  /__/::\        |  |:|    ___  \  \:\   /  /:/~/::\   _____\__\:\
 /__/:/ /:/\:\ \__\/\:\__   __|__|:|   /__/\  \__\:\ /__/:/ /:/\:\ /__/::::::::\
 \  \:\/:/~/:/    \  \:\/\ /__/::::\   \  \:\ /  /:/ \  \:\/:/__\/ \  \:\~~\~~\/
  \  \::/ /:/      \__\::/    ~\~~\:\   \  \:\  /:/   \  \::/       \  \:\  ~~~
   \__\/ /:/       /__/:/       \  \:\   \  \:\/:/     \  \:\        \  \:\
     /__/:/        \__\/         \__\/    \  \::/       \  \:\        \  \:\
     \__\/                                 \__\/         \__\/         \__\/
I 2026/01/20 14:40:44 runtime.go:108: kernel is booting:
    * ver [3.4.2]
    * arch [arm64]
    * os [alpine]
    * pid [1]
    * runtime mode [prod]
    * working directory [/opt/siyuan]
    * read only [false]
    * container [docker]
    * database [ver=20220501]
    * workspace directory [/opt/siyuan/workspace]
I 2026/01/20 14:40:44 main.go:41: [BOOT] Boot() completed
I 2026/01/20 14:40:44 conf.go:129: loaded conf [/opt/siyuan/workspace/conf/conf.json]
I 2026/01/20 14:40:44 auth.go:137: Initialized 0 user accounts for login
I 2026/01/20 14:40:44 conf.go:627: Ollama API enabled (default)
    baseURL=http://ollama:11434
    timeout=60s
    proxy=
    model=llama3.2:3b
    maxTokens=4096
    temperature=1.0
    maxContexts=10
I 2026/01/20 14:40:44 runtime.go:160: use network proxy [system]
I 2026/01/20 14:40:44 main.go:45: [BOOT] InitConf() completed
I 2026/01/20 14:40:44 main.go:49: [BOOT] Server started in goroutine
I 2026/01/20 14:40:44 main.go:52: [BOOT] Starting InitAppearance()...
W 2026/01/20 14:40:44 ollama_setup.go:31: Ollama server not available at http://localhost:11434
I 2026/01/20 14:40:44 ollama_setup.go:32: To use Ollama AI, please install Ollama from https://ollama.ai and start the server
W 2026/01/20 14:40:44 ollama_setup.go:81: Ollama server not available: Get "http://localhost:11434/api/tags": dial tcp [::1]:11434: connect: connection refused (this is OK if Ollama is not running)
I 2026/01/20 14:40:44 serve.go:225: kernel [pid=1] http server [0.0.0.0:6806] is booting
I 2026/01/20 14:40:44 runtime.go:78: [BOOT] HookUILoaded started, waiting for UI connection...
I 2026/01/20 14:40:44 main.go:54: [BOOT] InitAppearance() completed
I 2026/01/20 14:40:44 main.go:56: [BOOT] Starting InitDatabase()...
I 2026/01/20 14:40:44 working.go:558: database [/opt/siyuan/workspace/temp/siyuan.db] size [8.75 MB]
I 2026/01/20 14:40:44 working.go:558: database [/opt/siyuan/workspace/temp/blocktree.db] size [675.84 kB]
I 2026/01/20 14:40:44 main.go:58: [BOOT] InitDatabase() completed
I 2026/01/20 14:40:44 main.go:60: [BOOT] Starting InitHistoryDatabase()...
I 2026/01/20 14:40:44 working.go:558: database [/opt/siyuan/workspace/temp/history.db] size [163.84 kB]
I 2026/01/20 14:40:44 main.go:62: [BOOT] InitHistoryDatabase() completed
I 2026/01/20 14:40:44 main.go:64: [BOOT] Starting InitAssetContentDatabase()...
I 2026/01/20 14:40:44 working.go:558: database [/opt/siyuan/workspace/temp/asset_content.db] size [24.58 kB]
I 2026/01/20 14:40:44 main.go:66: [BOOT] InitAssetContentDatabase() completed
I 2026/01/20 14:40:44 main.go:70: [BOOT] SQL settings configured
I 2026/01/20 14:40:44 main.go:72: [BOOT] Starting BootSyncData()...
I 2026/01/20 14:40:44 sync.go:126: [BOOT] BootSyncData() started
I 2026/01/20 14:40:44 sync.go:133: [BOOT] Sync.Perception is false, skipping WebSocket
I 2026/01/20 14:40:44 sync.go:136: [BOOT] Checking sync...
I 2026/01/20 14:40:44 sync.go:138: [BOOT] checkSync returned false, skipping sync
I 2026/01/20 14:40:44 main.go:74: [BOOT] BootSyncData() completed
I 2026/01/20 14:40:44 main.go:76: [BOOT] Starting InitBoxes()...
I 2026/01/20 14:40:44 conf.go:1055: [BOOT] InitBoxes() started
I 2026/01/20 14:40:44 conf.go:1058: [BOOT] Block count: 385, initialized: true
I 2026/01/20 14:40:44 conf.go:1061: [BOOT] Listing notebooks...
I 2026/01/20 14:40:44 conf.go:1089: [BOOT] Processing 2 opened boxes...
I 2026/01/20 14:40:44 conf.go:1091: [BOOT] Processing box [20251230113409-4y9ye0l]...
I 2026/01/20 14:40:44 conf.go:1091: [BOOT] Processing box [20260112212953-rsc8g7d]...
I 2026/01/20 14:40:44 conf.go:1101: tree/block count [3/385], notebooks [2]
I 2026/01/20 14:40:44 conf.go:1102: [BOOT] InitBoxes() completed
I 2026/01/20 14:40:44 main.go:78: [BOOT] InitBoxes() completed
I 2026/01/20 14:40:44 main.go:80: [BOOT] Starting LoadFlashcards()...
I 2026/01/20 14:40:44 main.go:82: [BOOT] LoadFlashcards() completed
I 2026/01/20 14:40:44 main.go:84: [BOOT] Starting LoadAssetsTexts()...
I 2026/01/20 14:40:44 main.go:86: [BOOT] LoadAssetsTexts() completed
I 2026/01/20 14:40:44 main.go:88: [BOOT] Setting booted flag...
I 2026/01/20 14:40:44 working.go:226: kernel booted
I 2026/01/20 14:40:44 main.go:90: [BOOT] Booted flag set
I 2026/01/20 14:40:44 main.go:92: [BOOT] All initialization completed successfully!
I 2026/01/20 14:40:44 font.go:57: loaded system fonts [0] in [0ms]
I 2026/01/20 14:40:44 box.go:77: auto stat [trees=3, blocks=385, dataSize=3.03 MB, assetsSize=2.89 MB]
I 2026/01/20 14:40:45 auth.go:137: Initialized 0 user accounts for login
W 2026/01/20 14:40:49 runtime.go:83: [BOOT] HookUILoaded timeout after 5 seconds, continuing anyway
E 2026/01/20 14:41:47 rhy.go:50: get version info failed: Get "https://siyuan-sync.b3logfile.com/apis/siyuan/version?ver=3.4.2": context deadline exceeded (Client.Timeout exceeded while awaiting headers)
I 2026/01/20 14:41:47 cron.go:61: cron job [[RefreshRhyResultJob]] executed
E 2026/01/20 14:42:50 rhy.go:50: get version info failed: Get "https://siyuan-sync.b3logfile.com/apis/siyuan/version?ver=3.4.2": net/http: request canceled while waiting for connection (Client.Timeout exceeded while awaiting headers)
E 2026/01/20 14:42:50 updater.go:239: get announcement failed: Get "https://siyuan-sync.b3logfile.com/apis/siyuan/version?ver=3.4.2": net/http: request canceled while waiting for connection (Client.Timeout exceeded while awaiting headers)
E 2026/01/20 14:42:50 cloud_service.go:326: write announcement conf failed: open /home/siyuan/.config/siyuan/announcement.json: no such file or directory
E 2026/01/20 14:43:53 rhy.go:50: get version info failed: Get "https://siyuan-sync.b3logfile.com/apis/siyuan/version?ver=3.4.2": net/http: request canceled while waiting for connection (Client.Timeout exceeded while awaiting headers)
I 2026/01/20 14:47:21 process.go:36: received os signal [terminated], exit kernel process now
I 2026/01/20 14:47:21 conf.go:807: exiting kernel [force=false, setCurrentWorkspace=true, execInstallPkg=1]
I 2026/01/20 14:47:21 database.go:1365: closed database
I 2026/01/20 14:47:21 conf.go:1277: cleared workspace temp
I 2026/01/20 14:47:21 sync.go:833: sync websocket closed
I 2026/01/20 14:47:22 conf.go:877: exited kernel
I 2026/01/20 14:47:22 working.go:180: 
      ___                                   ___           ___           ___
     /  /\        ___           ___        /__/\         /  /\         /__/\
    /  /:/_      /  /\         /__/|       \  \:\       /  /::\        \  \:\
   /  /:/ /\    /  /:/        |  |:|        \  \:\     /  /:/\:\        \  \:\
  /  /:/ /::\  /__/::\        |  |:|    ___  \  \:\   /  /:/~/::\   _____\__\:\
 /__/:/ /:/\:\ \__\/\:\__   __|__|:|   /__/\  \__\:\ /__/:/ /:/\:\ /__/::::::::\
 \  \:\/:/~/:/    \  \:\/\ /__/::::\   \  \:\ /  /:/ \  \:\/:/__\/ \  \:\~~\~~\/
  \  \::/ /:/      \__\::/    ~\~~\:\   \  \:\  /:/   \  \::/       \  \:\  ~~~
   \__\/ /:/       /__/:/       \  \:\   \  \:\/:/     \  \:\        \  \:\
     /__/:/        \__\/         \__\/    \  \::/       \  \:\        \  \:\
     \__\/                                 \__\/         \__\/         \__\/
I 2026/01/20 14:47:22 runtime.go:108: kernel is booting:
    * ver [3.4.2]
    * arch [arm64]
    * os [alpine]
    * pid [1]
    * runtime mode [prod]
    * working directory [/opt/siyuan]
    * read only [false]
    * container [docker]
    * database [ver=20220501]
    * workspace directory [/opt/siyuan/workspace]
I 2026/01/20 14:47:22 main.go:41: [BOOT] Boot() completed
I 2026/01/20 14:47:22 conf.go:129: loaded conf [/opt/siyuan/workspace/conf/conf.json]
I 2026/01/20 14:47:22 auth.go:137: Initialized 0 user accounts for login
I 2026/01/20 14:47:22 conf.go:627: Ollama API enabled (default)
    baseURL=http://ollama:11434
    timeout=60s
    proxy=
    model=llama3.2:3b
    maxTokens=4096
    temperature=1.0
    maxContexts=10
I 2026/01/20 14:47:22 runtime.go:160: use network proxy [system]
I 2026/01/20 14:47:22 main.go:45: [BOOT] InitConf() completed
I 2026/01/20 14:47:22 main.go:49: [BOOT] Server started in goroutine
I 2026/01/20 14:47:22 main.go:52: [BOOT] Starting InitAppearance()...
W 2026/01/20 14:47:22 ollama_setup.go:31: Ollama server not available at http://localhost:11434
I 2026/01/20 14:47:22 ollama_setup.go:32: To use Ollama AI, please install Ollama from https://ollama.ai and start the server
W 2026/01/20 14:47:22 ollama_setup.go:81: Ollama server not available: Get "http://localhost:11434/api/tags": dial tcp [::1]:11434: connect: connection refused (this is OK if Ollama is not running)
I 2026/01/20 14:47:22 serve.go:225: kernel [pid=1] http server [0.0.0.0:6806] is booting
I 2026/01/20 14:47:22 runtime.go:78: [BOOT] HookUILoaded started, waiting for UI connection...
I 2026/01/20 14:47:22 main.go:54: [BOOT] InitAppearance() completed
I 2026/01/20 14:47:22 main.go:56: [BOOT] Starting InitDatabase()...
I 2026/01/20 14:47:22 working.go:558: database [/opt/siyuan/workspace/temp/siyuan.db] size [8.75 MB]
I 2026/01/20 14:47:22 working.go:558: database [/opt/siyuan/workspace/temp/blocktree.db] size [675.84 kB]
I 2026/01/20 14:47:22 main.go:58: [BOOT] InitDatabase() completed
I 2026/01/20 14:47:22 main.go:60: [BOOT] Starting InitHistoryDatabase()...
I 2026/01/20 14:47:22 working.go:558: database [/opt/siyuan/workspace/temp/history.db] size [163.84 kB]
I 2026/01/20 14:47:22 main.go:62: [BOOT] InitHistoryDatabase() completed
I 2026/01/20 14:47:22 main.go:64: [BOOT] Starting InitAssetContentDatabase()...
I 2026/01/20 14:47:22 working.go:558: database [/opt/siyuan/workspace/temp/asset_content.db] size [24.58 kB]
I 2026/01/20 14:47:22 main.go:66: [BOOT] InitAssetContentDatabase() completed
I 2026/01/20 14:47:22 main.go:70: [BOOT] SQL settings configured
I 2026/01/20 14:47:22 main.go:72: [BOOT] Starting BootSyncData()...
I 2026/01/20 14:47:22 sync.go:126: [BOOT] BootSyncData() started
I 2026/01/20 14:47:22 sync.go:133: [BOOT] Sync.Perception is false, skipping WebSocket
I 2026/01/20 14:47:22 sync.go:136: [BOOT] Checking sync...
I 2026/01/20 14:47:22 sync.go:138: [BOOT] checkSync returned false, skipping sync
I 2026/01/20 14:47:22 main.go:74: [BOOT] BootSyncData() completed
I 2026/01/20 14:47:22 main.go:76: [BOOT] Starting InitBoxes()...
I 2026/01/20 14:47:22 conf.go:1055: [BOOT] InitBoxes() started
I 2026/01/20 14:47:22 conf.go:1058: [BOOT] Block count: 385, initialized: true
I 2026/01/20 14:47:22 conf.go:1061: [BOOT] Listing notebooks...
I 2026/01/20 14:47:22 conf.go:1089: [BOOT] Processing 2 opened boxes...
I 2026/01/20 14:47:22 conf.go:1091: [BOOT] Processing box [20251230113409-4y9ye0l]...
I 2026/01/20 14:47:22 conf.go:1091: [BOOT] Processing box [20260112212953-rsc8g7d]...
I 2026/01/20 14:47:22 conf.go:1101: tree/block count [3/385], notebooks [2]
I 2026/01/20 14:47:22 conf.go:1102: [BOOT] InitBoxes() completed
I 2026/01/20 14:47:22 main.go:78: [BOOT] InitBoxes() completed
I 2026/01/20 14:47:22 main.go:80: [BOOT] Starting LoadFlashcards()...
I 2026/01/20 14:47:22 main.go:82: [BOOT] LoadFlashcards() completed
I 2026/01/20 14:47:22 main.go:84: [BOOT] Starting LoadAssetsTexts()...
I 2026/01/20 14:47:22 main.go:86: [BOOT] LoadAssetsTexts() completed
I 2026/01/20 14:47:22 main.go:88: [BOOT] Setting booted flag...
I 2026/01/20 14:47:22 working.go:226: kernel booted
I 2026/01/20 14:47:22 main.go:90: [BOOT] Booted flag set
I 2026/01/20 14:47:22 main.go:92: [BOOT] All initialization completed successfully!
I 2026/01/20 14:47:22 font.go:57: loaded system fonts [0] in [0ms]
I 2026/01/20 14:47:22 box.go:77: auto stat [trees=3, blocks=385, dataSize=3.03 MB, assetsSize=2.89 MB]
I 2026/01/20 14:47:23 auth.go:137: Initialized 0 user accounts for login
W 2026/01/20 14:47:27 runtime.go:83: [BOOT] HookUILoaded timeout after 5 seconds, continuing anyway
E 2026/01/20 14:48:26 rhy.go:50: get version info failed: Get "https://siyuan-sync.b3logfile.com/apis/siyuan/version?ver=3.4.2": context deadline exceeded (Client.Timeout exceeded while awaiting headers)
I 2026/01/20 14:48:26 cron.go:61: cron job [[RefreshRhyResultJob]] executed
I 2026/01/20 14:48:57 process.go:36: received os signal [terminated], exit kernel process now
I 2026/01/20 14:48:57 conf.go:807: exiting kernel [force=false, setCurrentWorkspace=true, execInstallPkg=1]
I 2026/01/20 14:48:58 database.go:1365: closed database
I 2026/01/20 14:48:58 conf.go:1277: cleared workspace temp
I 2026/01/20 14:48:58 sync.go:833: sync websocket closed
I 2026/01/20 14:48:59 conf.go:877: exited kernel
I 2026/01/20 14:48:59 working.go:180: 
      ___                                   ___           ___           ___
     /  /\        ___           ___        /__/\         /  /\         /__/\
    /  /:/_      /  /\         /__/|       \  \:\       /  /::\        \  \:\
   /  /:/ /\    /  /:/        |  |:|        \  \:\     /  /:/\:\        \  \:\
  /  /:/ /::\  /__/::\        |  |:|    ___  \  \:\   /  /:/~/::\   _____\__\:\
 /__/:/ /:/\:\ \__\/\:\__   __|__|:|   /__/\  \__\:\ /__/:/ /:/\:\ /__/::::::::\
 \  \:\/:/~/:/    \  \:\/\ /__/::::\   \  \:\ /  /:/ \  \:\/:/__\/ \  \:\~~\~~\/
  \  \::/ /:/      \__\::/    ~\~~\:\   \  \:\  /:/   \  \::/       \  \:\  ~~~
   \__\/ /:/       /__/:/       \  \:\   \  \:\/:/     \  \:\        \  \:\
     /__/:/        \__\/         \__\/    \  \::/       \  \:\        \  \:\
     \__\/                                 \__\/         \__\/         \__\/
I 2026/01/20 14:48:59 runtime.go:108: kernel is booting:
    * ver [3.4.2]
    * arch [arm64]
    * os [alpine]
    * pid [1]
    * runtime mode [prod]
    * working directory [/opt/siyuan]
    * read only [false]
    * container [docker]
    * database [ver=20220501]
    * workspace directory [/opt/siyuan/workspace]
I 2026/01/20 14:48:59 main.go:41: [BOOT] Boot() completed
I 2026/01/20 14:48:59 conf.go:129: loaded conf [/opt/siyuan/workspace/conf/conf.json]
I 2026/01/20 14:48:59 auth.go:137: Initialized 0 user accounts for login
I 2026/01/20 14:48:59 conf.go:627: Ollama API enabled (default)
    baseURL=http://ollama:11434
    timeout=60s
    proxy=
    model=llama3.2:3b
    maxTokens=4096
    temperature=1.0
    maxContexts=10
W 2026/01/20 14:48:59 ollama_setup.go:31: Ollama server not available at http://localhost:11434
I 2026/01/20 14:48:59 ollama_setup.go:32: To use Ollama AI, please install Ollama from https://ollama.ai and start the server
I 2026/01/20 14:48:59 runtime.go:160: use network proxy [system]
I 2026/01/20 14:48:59 main.go:45: [BOOT] InitConf() completed
I 2026/01/20 14:48:59 main.go:49: [BOOT] Server started in goroutine
I 2026/01/20 14:48:59 main.go:52: [BOOT] Starting InitAppearance()...
W 2026/01/20 14:48:59 ollama_setup.go:81: Ollama server not available: Get "http://localhost:11434/api/tags": dial tcp [::1]:11434: connect: connection refused (this is OK if Ollama is not running)
I 2026/01/20 14:48:59 serve.go:225: kernel [pid=1] http server [0.0.0.0:6806] is booting
I 2026/01/20 14:48:59 runtime.go:78: [BOOT] HookUILoaded started, waiting for UI connection...
I 2026/01/20 14:48:59 main.go:54: [BOOT] InitAppearance() completed
I 2026/01/20 14:48:59 main.go:56: [BOOT] Starting InitDatabase()...
I 2026/01/20 14:48:59 working.go:558: database [/opt/siyuan/workspace/temp/siyuan.db] size [8.75 MB]
I 2026/01/20 14:48:59 working.go:558: database [/opt/siyuan/workspace/temp/blocktree.db] size [675.84 kB]
I 2026/01/20 14:48:59 main.go:58: [BOOT] InitDatabase() completed
I 2026/01/20 14:48:59 main.go:60: [BOOT] Starting InitHistoryDatabase()...
I 2026/01/20 14:48:59 working.go:558: database [/opt/siyuan/workspace/temp/history.db] size [163.84 kB]
I 2026/01/20 14:48:59 main.go:62: [BOOT] InitHistoryDatabase() completed
I 2026/01/20 14:48:59 main.go:64: [BOOT] Starting InitAssetContentDatabase()...
I 2026/01/20 14:48:59 working.go:558: database [/opt/siyuan/workspace/temp/asset_content.db] size [24.58 kB]
I 2026/01/20 14:48:59 main.go:66: [BOOT] InitAssetContentDatabase() completed
I 2026/01/20 14:48:59 main.go:70: [BOOT] SQL settings configured
I 2026/01/20 14:48:59 main.go:72: [BOOT] Starting BootSyncData()...
I 2026/01/20 14:48:59 sync.go:126: [BOOT] BootSyncData() started
I 2026/01/20 14:48:59 sync.go:133: [BOOT] Sync.Perception is false, skipping WebSocket
I 2026/01/20 14:48:59 sync.go:136: [BOOT] Checking sync...
I 2026/01/20 14:48:59 sync.go:138: [BOOT] checkSync returned false, skipping sync
I 2026/01/20 14:48:59 main.go:74: [BOOT] BootSyncData() completed
I 2026/01/20 14:48:59 main.go:76: [BOOT] Starting InitBoxes()...
I 2026/01/20 14:48:59 conf.go:1055: [BOOT] InitBoxes() started
I 2026/01/20 14:48:59 conf.go:1058: [BOOT] Block count: 385, initialized: true
I 2026/01/20 14:48:59 conf.go:1061: [BOOT] Listing notebooks...
I 2026/01/20 14:48:59 conf.go:1089: [BOOT] Processing 2 opened boxes...
I 2026/01/20 14:48:59 conf.go:1091: [BOOT] Processing box [20251230113409-4y9ye0l]...
I 2026/01/20 14:48:59 conf.go:1091: [BOOT] Processing box [20260112212953-rsc8g7d]...
I 2026/01/20 14:48:59 conf.go:1101: tree/block count [3/385], notebooks [2]
I 2026/01/20 14:48:59 conf.go:1102: [BOOT] InitBoxes() completed
I 2026/01/20 14:48:59 main.go:78: [BOOT] InitBoxes() completed
I 2026/01/20 14:48:59 main.go:80: [BOOT] Starting LoadFlashcards()...
I 2026/01/20 14:48:59 main.go:82: [BOOT] LoadFlashcards() completed
I 2026/01/20 14:48:59 main.go:84: [BOOT] Starting LoadAssetsTexts()...
I 2026/01/20 14:48:59 main.go:86: [BOOT] LoadAssetsTexts() completed
I 2026/01/20 14:48:59 main.go:88: [BOOT] Setting booted flag...
I 2026/01/20 14:48:59 working.go:226: kernel booted
I 2026/01/20 14:48:59 main.go:90: [BOOT] Booted flag set
I 2026/01/20 14:48:59 main.go:92: [BOOT] All initialization completed successfully!
I 2026/01/20 14:48:59 font.go:57: loaded system fonts [0] in [0ms]
I 2026/01/20 14:48:59 box.go:77: auto stat [trees=3, blocks=385, dataSize=3.03 MB, assetsSize=2.89 MB]
I 2026/01/20 14:49:00 auth.go:137: Initialized 0 user accounts for login
W 2026/01/20 14:49:04 runtime.go:83: [BOOT] HookUILoaded timeout after 5 seconds, continuing anyway
I 2026/01/20 14:49:21 process.go:36: received os signal [terminated], exit kernel process now
I 2026/01/20 14:49:21 conf.go:807: exiting kernel [force=false, setCurrentWorkspace=true, execInstallPkg=1]
I 2026/01/20 14:49:21 database.go:1365: closed database
I 2026/01/20 14:49:21 conf.go:1277: cleared workspace temp
I 2026/01/20 14:49:21 sync.go:833: sync websocket closed
I 2026/01/20 14:49:22 conf.go:877: exited kernel
I 2026/01/20 14:49:22 working.go:180: 
      ___                                   ___           ___           ___
     /  /\        ___           ___        /__/\         /  /\         /__/\
    /  /:/_      /  /\         /__/|       \  \:\       /  /::\        \  \:\
   /  /:/ /\    /  /:/        |  |:|        \  \:\     /  /:/\:\        \  \:\
  /  /:/ /::\  /__/::\        |  |:|    ___  \  \:\   /  /:/~/::\   _____\__\:\
 /__/:/ /:/\:\ \__\/\:\__   __|__|:|   /__/\  \__\:\ /__/:/ /:/\:\ /__/::::::::\
 \  \:\/:/~/:/    \  \:\/\ /__/::::\   \  \:\ /  /:/ \  \:\/:/__\/ \  \:\~~\~~\/
  \  \::/ /:/      \__\::/    ~\~~\:\   \  \:\  /:/   \  \::/       \  \:\  ~~~
   \__\/ /:/       /__/:/       \  \:\   \  \:\/:/     \  \:\        \  \:\
     /__/:/        \__\/         \__\/    \  \::/       \  \:\        \  \:\
     \__\/                                 \__\/         \__\/         \__\/
I 2026/01/20 14:49:22 runtime.go:108: kernel is booting:
    * ver [3.4.2]
    * arch [arm64]
    * os [alpine]
    * pid [1]
    * runtime mode [prod]
    * working directory [/opt/siyuan]
    * read only [false]
    * container [docker]
    * database [ver=20220501]
    * workspace directory [/opt/siyuan/workspace]
I 2026/01/20 14:49:22 main.go:41: [BOOT] Boot() completed
I 2026/01/20 14:49:22 conf.go:129: loaded conf [/opt/siyuan/workspace/conf/conf.json]
I 2026/01/20 14:49:22 auth.go:137: Initialized 0 user accounts for login
I 2026/01/20 14:49:22 conf.go:627: Ollama API enabled (default)
    baseURL=http://ollama:11434
    timeout=60s
    proxy=
    model=llama3.2:3b
    maxTokens=4096
    temperature=1.0
    maxContexts=10
I 2026/01/20 14:49:22 runtime.go:160: use network proxy [system]
I 2026/01/20 14:49:22 main.go:45: [BOOT] InitConf() completed
I 2026/01/20 14:49:22 main.go:49: [BOOT] Server started in goroutine
I 2026/01/20 14:49:22 main.go:52: [BOOT] Starting InitAppearance()...
W 2026/01/20 14:49:22 ollama_setup.go:31: Ollama server not available at http://localhost:11434
I 2026/01/20 14:49:22 ollama_setup.go:32: To use Ollama AI, please install Ollama from https://ollama.ai and start the server
W 2026/01/20 14:49:22 ollama_setup.go:81: Ollama server not available: Get "http://localhost:11434/api/tags": dial tcp [::1]:11434: connect: connection refused (this is OK if Ollama is not running)
I 2026/01/20 14:49:22 serve.go:225: kernel [pid=1] http server [0.0.0.0:6806] is booting
I 2026/01/20 14:49:22 runtime.go:78: [BOOT] HookUILoaded started, waiting for UI connection...
I 2026/01/20 14:49:22 main.go:54: [BOOT] InitAppearance() completed
I 2026/01/20 14:49:22 main.go:56: [BOOT] Starting InitDatabase()...
I 2026/01/20 14:49:22 working.go:558: database [/opt/siyuan/workspace/temp/siyuan.db] size [8.75 MB]
I 2026/01/20 14:49:22 working.go:558: database [/opt/siyuan/workspace/temp/blocktree.db] size [675.84 kB]
I 2026/01/20 14:49:22 main.go:58: [BOOT] InitDatabase() completed
I 2026/01/20 14:49:22 main.go:60: [BOOT] Starting InitHistoryDatabase()...
I 2026/01/20 14:49:22 working.go:558: database [/opt/siyuan/workspace/temp/history.db] size [163.84 kB]
I 2026/01/20 14:49:22 main.go:62: [BOOT] InitHistoryDatabase() completed
I 2026/01/20 14:49:22 main.go:64: [BOOT] Starting InitAssetContentDatabase()...
I 2026/01/20 14:49:22 working.go:558: database [/opt/siyuan/workspace/temp/asset_content.db] size [24.58 kB]
I 2026/01/20 14:49:22 main.go:66: [BOOT] InitAssetContentDatabase() completed
I 2026/01/20 14:49:22 main.go:70: [BOOT] SQL settings configured
I 2026/01/20 14:49:22 main.go:72: [BOOT] Starting BootSyncData()...
I 2026/01/20 14:49:22 sync.go:126: [BOOT] BootSyncData() started
I 2026/01/20 14:49:22 sync.go:133: [BOOT] Sync.Perception is false, skipping WebSocket
I 2026/01/20 14:49:22 sync.go:136: [BOOT] Checking sync...
I 2026/01/20 14:49:22 sync.go:138: [BOOT] checkSync returned false, skipping sync
I 2026/01/20 14:49:22 main.go:74: [BOOT] BootSyncData() completed
I 2026/01/20 14:49:22 main.go:76: [BOOT] Starting InitBoxes()...
I 2026/01/20 14:49:22 conf.go:1055: [BOOT] InitBoxes() started
I 2026/01/20 14:49:22 conf.go:1058: [BOOT] Block count: 385, initialized: true
I 2026/01/20 14:49:22 conf.go:1061: [BOOT] Listing notebooks...
I 2026/01/20 14:49:22 conf.go:1089: [BOOT] Processing 2 opened boxes...
I 2026/01/20 14:49:22 conf.go:1091: [BOOT] Processing box [20251230113409-4y9ye0l]...
I 2026/01/20 14:49:22 conf.go:1091: [BOOT] Processing box [20260112212953-rsc8g7d]...
I 2026/01/20 14:49:22 conf.go:1101: tree/block count [3/385], notebooks [2]
I 2026/01/20 14:49:22 conf.go:1102: [BOOT] InitBoxes() completed
I 2026/01/20 14:49:22 main.go:78: [BOOT] InitBoxes() completed
I 2026/01/20 14:49:22 main.go:80: [BOOT] Starting LoadFlashcards()...
I 2026/01/20 14:49:22 main.go:82: [BOOT] LoadFlashcards() completed
I 2026/01/20 14:49:22 main.go:84: [BOOT] Starting LoadAssetsTexts()...
I 2026/01/20 14:49:22 main.go:86: [BOOT] LoadAssetsTexts() completed
I 2026/01/20 14:49:22 main.go:88: [BOOT] Setting booted flag...
I 2026/01/20 14:49:22 working.go:226: kernel booted
I 2026/01/20 14:49:22 main.go:90: [BOOT] Booted flag set
I 2026/01/20 14:49:22 main.go:92: [BOOT] All initialization completed successfully!
I 2026/01/20 14:49:22 font.go:57: loaded system fonts [0] in [0ms]
I 2026/01/20 14:49:22 box.go:77: auto stat [trees=3, blocks=385, dataSize=3.03 MB, assetsSize=2.89 MB]
I 2026/01/20 14:49:23 auth.go:137: Initialized 0 user accounts for login
W 2026/01/20 14:49:27 runtime.go:83: [BOOT] HookUILoaded timeout after 5 seconds, continuing anyway
E 2026/01/20 14:50:25 rhy.go:50: get version info failed: Get "https://siyuan-sync.b3logfile.com/apis/siyuan/version?ver=3.4.2": context deadline exceeded
I 2026/01/20 14:50:25 cron.go:61: cron job [[RefreshRhyResultJob]] executed
E 2026/01/20 14:51:28 rhy.go:50: get version info failed: Get "https://siyuan-sync.b3logfile.com/apis/siyuan/version?ver=3.4.2": net/http: request canceled while waiting for connection (Client.Timeout exceeded while awaiting headers)
E 2026/01/20 14:51:28 updater.go:239: get announcement failed: Get "https://siyuan-sync.b3logfile.com/apis/siyuan/version?ver=3.4.2": net/http: request canceled while waiting for connection (Client.Timeout exceeded while awaiting headers)
E 2026/01/20 14:51:28 cloud_service.go:326: write announcement conf failed: open /home/siyuan/.config/siyuan/announcement.json: no such file or directory
E 2026/01/20 14:52:31 rhy.go:50: get version info failed: Get "https://siyuan-sync.b3logfile.com/apis/siyuan/version?ver=3.4.2": net/http: request canceled while waiting for connection (Client.Timeout exceeded while awaiting headers)
I 2026/01/20 14:58:59 serve.go:596: [WS] WebSocket connection attempt from [172.18.0.1:63108], URI: [/ws?app=4wxpf&id=7a9e8825-789a-4156-8bec-0f32360d505c]
I 2026/01/20 14:58:59 serve.go:596: [WS] WebSocket connection attempt from [172.18.0.1:63124], URI: [/ws?app=4wxpf&id=739031f9-1ca5-4703-ba50-b0a090083e3d]
I 2026/01/20 14:58:59 serve.go:596: [WS] WebSocket connection attempt from [172.18.0.1:63126], URI: [/ws?app=4wxpf&id=54ed2498-c4b3-4512-b5d0-e509fcd7c696&type=filetree]
I 2026/01/20 14:58:59 serve.go:675: [WS] WebSocket connected: app=[4wxpf], id=[54ed2498-c4b3-4512-b5d0-e509fcd7c696], type=[filetree]
I 2026/01/20 14:58:59 serve.go:596: [WS] WebSocket connection attempt from [172.18.0.1:63140], URI: [/ws?app=4wxpf&id=bfd47b3c-c6d8-480f-8fc2-0e3faf46c189&type=main]
I 2026/01/20 14:58:59 serve.go:596: [WS] WebSocket connection attempt from [172.18.0.1:63144], URI: [/ws?app=4wxpf&id=59b1fbcc-12cf-47d3-9c8c-8c9014d02694&type=protyle]
I 2026/01/20 14:58:59 serve.go:675: [WS] WebSocket connected: app=[4wxpf], id=[7a9e8825-789a-4156-8bec-0f32360d505c], type=[]
I 2026/01/20 14:58:59 serve.go:675: [WS] WebSocket connected: app=[4wxpf], id=[739031f9-1ca5-4703-ba50-b0a090083e3d], type=[]
I 2026/01/20 14:58:59 serve.go:675: [WS] WebSocket connected: app=[4wxpf], id=[bfd47b3c-c6d8-480f-8fc2-0e3faf46c189], type=[main]
I 2026/01/20 14:58:59 serve.go:675: [WS] WebSocket connected: app=[4wxpf], id=[59b1fbcc-12cf-47d3-9c8c-8c9014d02694], type=[protyle]
I 2026/01/20 14:59:04 serve.go:596: [WS] WebSocket connection attempt from [172.18.0.1:63166], URI: [/ws?app=siyuan&id=auth]
W 2026/01/20 14:59:04 serve.go:620: [WS] AccessAuthCode mismatch: expected [b226ba0f30a134fe9245792118bca202], got []
I 2026/01/20 14:59:04 serve.go:645: [WS] allowing auth page connection
I 2026/01/20 14:59:04 serve.go:675: [WS] WebSocket connected: app=[siyuan], id=[auth], type=[]
I 2026/01/20 14:59:11 session.go:137: Login attempt: username=[sha], account found=[false]
W 2026/01/20 14:59:11 session.go:143: invalid username [sha] [ip=172.18.0.1:63156] - account not found
I 2026/01/20 14:59:51 session.go:137: Login attempt: username=[sha], account found=[false]
W 2026/01/20 14:59:51 session.go:143: invalid username [sha] [ip=172.18.0.1:62738] - account not found
I 2026/01/20 15:00:32 session.go:287: auth success [ip=172.18.0.1:58246, maxAge=0]
I 2026/01/20 15:00:32 serve.go:331: serving [/] for user-agent [Mozilla/5.0 (Macintosh; Intel Mac OS X 10_15_7) AppleWebKit/605.1.15 (KHTML, like Gecko) Version/26.2 Safari/605.1.15]
I 2026/01/20 15:00:32 serve.go:596: [WS] WebSocket connection attempt from [172.18.0.1:58276], URI: [/ws?app=maxtm&id=4b91c322-a09c-4f49-8585-a8686c9d4f7c&type=main]
I 2026/01/20 15:00:32 serve.go:675: [WS] WebSocket connected: app=[maxtm], id=[4b91c322-a09c-4f49-8585-a8686c9d4f7c], type=[main]
I 2026/01/20 15:00:33 serve.go:596: [WS] WebSocket connection attempt from [172.18.0.1:58304], URI: [/ws?app=maxtm&id=cbcb7f16-21ae-4933-bd35-cf621de56c9c&type=filetree]
I 2026/01/20 15:00:33 serve.go:675: [WS] WebSocket connected: app=[maxtm], id=[cbcb7f16-21ae-4933-bd35-cf621de56c9c], type=[filetree]
I 2026/01/20 15:00:33 serve.go:596: [WS] WebSocket connection attempt from [172.18.0.1:58332], URI: [/ws?app=maxtm&id=6f77d642-8117-4658-948f-dd477f9c0707]
I 2026/01/20 15:00:33 serve.go:596: [WS] WebSocket connection attempt from [172.18.0.1:58320], URI: [/ws?app=maxtm&id=fda28a7b-f69a-456b-88a9-1a75c2f99266]
I 2026/01/20 15:00:33 serve.go:675: [WS] WebSocket connected: app=[maxtm], id=[fda28a7b-f69a-456b-88a9-1a75c2f99266], type=[]
I 2026/01/20 15:00:33 serve.go:675: [WS] WebSocket connected: app=[maxtm], id=[6f77d642-8117-4658-948f-dd477f9c0707], type=[]
I 2026/01/20 15:00:33 serve.go:596: [WS] WebSocket connection attempt from [172.18.0.1:58348], URI: [/ws?app=maxtm&id=51540cfb-fb46-4725-975b-b8e51d0f5fea&type=protyle]
I 2026/01/20 15:00:33 serve.go:675: [WS] WebSocket connected: app=[maxtm], id=[51540cfb-fb46-4725-975b-b8e51d0f5fea], type=[protyle]
I 2026/01/20 16:14:44 process.go:36: received os signal [terminated], exit kernel process now
I 2026/01/20 16:14:44 conf.go:807: exiting kernel [force=false, setCurrentWorkspace=true, execInstallPkg=1]
I 2026/01/20 16:14:44 database.go:1365: closed database
I 2026/01/20 16:14:44 conf.go:1277: cleared workspace temp
I 2026/01/20 16:14:44 sync.go:833: sync websocket closed
I 2026/01/20 16:14:45 conf.go:877: exited kernel
